"RWRJ01000001.1 Pseudomonas aeruginosa strain PAC98D IPC171_1.1, whole genome shotgun sequence"
"RWRL01000002.1 Pseudomonas aeruginosa strain PAC98B IPC169_2.1, whole genome shotgun sequence"
"RWRK01000001.1 Pseudomonas aeruginosa strain PAC98C IPC170_1.1, whole genome shotgun sequence"
"RWRN01000003.1 Pseudomonas aeruginosa strain PAC80A IPC167_3.1, whole genome shotgun sequence"
"RWRO01000002.1 Pseudomonas aeruginosa strain PAC70B IPC166_2.1, whole genome shotgun sequence"
"RWRR01000002.1 Pseudomonas aeruginosa strain PAC31B IPC163_2.1, whole genome shotgun sequence"
"RWRP01000003.1 Pseudomonas aeruginosa strain PAC70A IPC165_3.1, whole genome shotgun sequence"
"RWRQ01000001.1 Pseudomonas aeruginosa strain PAC42A IPC164_1.1, whole genome shotgun sequence"
"RWRS01000001.1 Pseudomonas aeruginosa strain PAC31A IPC162_1.1, whole genome shotgun sequence"
"MVGZ01000004.1 Pseudomonas aeruginosa strain ATCC BAA-2112 IPC1580_4.1, whole genome shotgun sequence"
"NSNQ01000011.1 Pseudomonas aeruginosa strain PA-W5 IPC1283_11.1, whole genome shotgun sequence"
"NSQA01000003.1 Pseudomonas aeruginosa strain LiP6 IPC1077_3.1, whole genome shotgun sequence"
"NSQM01000009.1 Pseudomonas aeruginosa strain F2 IPC1053_9.1, whole genome shotgun sequence"
"NSVW01000016.1 Pseudomonas aeruginosa strain AUS720 IPC510_16.1, whole genome shotgun sequence"
"NSWE01000003.1 Pseudomonas aeruginosa strain AUS422 IPC491_3.1, whole genome shotgun sequence"
"NSXC01000014.1 Pseudomonas aeruginosa strain AUS392 IPC426_14.1, whole genome shotgun sequence"
"RWLW01000006.1 Pseudomonas aeruginosa strain 4084336477 IPC1522_6.1, whole genome shotgun sequence"
"MCMH01000001.1 Pseudomonas aeruginosa strain 6D92(H) isolate AMT0023-34 IPC1261_1.1, whole genome shotgun sequence"
"MCMJ01000006.1 Pseudomonas aeruginosa strain AF9A isolate AA2 IPC1259_6.1, whole genome shotgun sequence"
"NSQT01000009.1 Pseudomonas aeruginosa strain DUN-024-1 IPC1034_9.1, whole genome shotgun sequence"
"NSRV01000005.1 Pseudomonas aeruginosa strain U413A IPC962_5.1, whole genome shotgun sequence"
"NSTW01000005.1 Pseudomonas aeruginosa strain CPHL10299 IPC736_5.1, whole genome shotgun sequence"
"NSVV01000013.1 Pseudomonas aeruginosa strain AUS719 IPC534_13.1, whole genome shotgun sequence"
"NSYH01000017.1 Pseudomonas aeruginosa strain AUS058 IPC306_17.1, whole genome shotgun sequence"
"RXAV01000002.1 Pseudomonas aeruginosa strain Zw64 IPC1384_2.1, whole genome shotgun sequence"
"RXCG01000004.1 Pseudomonas aeruginosa strain T4242 IPC1134_4.1, whole genome shotgun sequence"
"RWMQ01000018.1 Pseudomonas aeruginosa strain 1042828174-20 IPC1502_18.1, whole genome shotgun sequence"
"RWUR01000001.1 Pseudomonas aeruginosa strain 192S190811BSL_PA3 IPC45_1.1, whole genome shotgun sequence"
"RWUS01000001.1 Pseudomonas aeruginosa strain 192S190811BSL_PA2 IPC44_1.1, whole genome shotgun sequence"
"RWUT01000001.1 Pseudomonas aeruginosa strain 192S190811BSL_PA1 IPC43_1.1, whole genome shotgun sequence"
"NSTI01000012.1 Pseudomonas aeruginosa strain LiA161_2005 IPC782_12.1, whole genome shotgun sequence"
"RXCB01000003.1 Pseudomonas aeruginosa strain 62 IPC1175_3.1, whole genome shotgun sequence"
"NSPU01000001.1 Pseudomonas aeruginosa strain LiP11 IPC1083_1.1, whole genome shotgun sequence"
"NSXU01000013.1 Pseudomonas aeruginosa strain AUS077 IPC347_13.1, whole genome shotgun sequence"
"NSZP01000001.1 Pseudomonas aeruginosa strain AUS183 IPC201_1.1, whole genome shotgun sequence"
"RWZQ01000003.1 Pseudomonas aeruginosa strain SMC1585 IPC1615_3.1, whole genome shotgun sequence"
"NSSZ01000006.1 Pseudomonas aeruginosa strain Mi159 IPC856_6.1, whole genome shotgun sequence"
"NSYG01000002.1 Pseudomonas aeruginosa strain AUS336 IPC308_2.1, whole genome shotgun sequence"
"RXBE01000005.1 Pseudomonas aeruginosa strain MCF182 IPC1369_5.1, whole genome shotgun sequence"
"NSNF01000001.1 Pseudomonas aeruginosa strain PA-W33 IPC1294_1.1, whole genome shotgun sequence"
"RWPR01000005.1 Pseudomonas aeruginosa strain PA-CL521b IPC616_5.1, whole genome shotgun sequence"
"RWPS01000005.1 Pseudomonas aeruginosa strain PA-CL521a IPC615_5.1, whole genome shotgun sequence"
"NSOP01000001.1 Pseudomonas aeruginosa strain X24509 IPC1184_1.1, whole genome shotgun sequence"
"RWST01000004.1 Pseudomonas aeruginosa strain PAC13B IPC132_4.1, whole genome shotgun sequence"
"RWSR01000003.1 Pseudomonas aeruginosa strain PAC117A IPC134_3.1, whole genome shotgun sequence"
"RWSU01000004.1 Pseudomonas aeruginosa strain PAC13A IPC131_4.1, whole genome shotgun sequence"
"RXBS01000020.1 Pseudomonas aeruginosa strain JYH19 IPC1230_20.1, whole genome shotgun sequence"
"RXCO01000006.1 Pseudomonas aeruginosa strain T3979 IPC1106_6.1, whole genome shotgun sequence"
"RWOQ01000014.1 Pseudomonas aeruginosa strain 5996 IPC1319_14.1, whole genome shotgun sequence"
"RXCS01000003.1 Pseudomonas aeruginosa strain W15Dec4 IPC828_3.1, whole genome shotgun sequence"
"NSTJ01000008.1 Pseudomonas aeruginosa strain LiA145_2005 IPC780_8.1, whole genome shotgun sequence"
"RWNE01000005.1 Pseudomonas aeruginosa strain 5034388498-21 IPC1486_5.1, whole genome shotgun sequence"
"NSUH01000028.1 Pseudomonas aeruginosa strain Co380791 IPC718_28.1, whole genome shotgun sequence"
"NSSR01000020.1 Pseudomonas aeruginosa strain PhDW6 IPC880_20.1, whole genome shotgun sequence"
"NSTM01000010.1 Pseudomonas aeruginosa strain Jp1140 IPC757_10.1, whole genome shotgun sequence"
"RXCY01000002.1 Pseudomonas aeruginosa strain Jp1200 IPC760_2.1, whole genome shotgun sequence"
"RXEU01000018.1 Pseudomonas aeruginosa strain AUS125 IPC369_18.1, whole genome shotgun sequence"
"MCMC01000015.1 Pseudomonas aeruginosa strain EA0A isolate 39177 IPC1270_15.1, whole genome shotgun sequence"
"NSMR01000019.1 Pseudomonas aeruginosa strain E2-DN-2 IPC1470_19.1, whole genome shotgun sequence"
"RWNG01000027.1 Pseudomonas aeruginosa strain 4094345258 IPC1481_27.1, whole genome shotgun sequence"
"RWRD01000029.1 Pseudomonas aeruginosa strain PAC76A IPC177_29.1, whole genome shotgun sequence"
"NSNE01000053.1 Pseudomonas aeruginosa strain PA-W36 IPC1295_53.1, whole genome shotgun sequence"
"RWMC01000002.1 Pseudomonas aeruginosa strain 5024383182 IPC1516_2.1, whole genome shotgun sequence"
"NSNB01000005.1 Pseudomonas aeruginosa strain PA-W39 IPC1298_5.1, whole genome shotgun sequence"
"NSNA01000006.1 Pseudomonas aeruginosa strain PA-W42 IPC1299_6.1, whole genome shotgun sequence"
"NSNH01000017.1 Pseudomonas aeruginosa strain PA-W31 IPC1292_17.1, whole genome shotgun sequence"
"RWOP01000017.1 Pseudomonas aeruginosa strain 5997 IPC1320_17.1, whole genome shotgun sequence"
"RXCI01000031.1 Pseudomonas aeruginosa strain T2584 IPC1130_31.1, whole genome shotgun sequence"
"RXCI01000020.1 Pseudomonas aeruginosa strain T2584 IPC1130_20.1, whole genome shotgun sequence"
"NTAZ01000003.1 Pseudomonas aeruginosa strain PA-W9 IPC5_3.1, whole genome shotgun sequence"
"NTAZ01000003.1 Pseudomonas aeruginosa strain PA-W9 IPC5_3.1, whole genome shotgun sequence"
"NTBA01000002.1 Pseudomonas aeruginosa strain PA-W8 IPC4_2.1, whole genome shotgun sequence"
"NTBA01000002.1 Pseudomonas aeruginosa strain PA-W8 IPC4_2.1, whole genome shotgun sequence"
"NSZK01000004.1 Pseudomonas aeruginosa strain AUS205 IPC224_4.1, whole genome shotgun sequence"
"RWMF01000003.1 Pseudomonas aeruginosa strain 5024382738-25 IPC1513_3.1, whole genome shotgun sequence"
"RWMF01000003.1 Pseudomonas aeruginosa strain 5024382738-25 IPC1513_3.1, whole genome shotgun sequence"
"MCMI01000001.1 Pseudomonas aeruginosa strain 6D92(H) isolate AMT0023-30 IPC1260_1.1, whole genome shotgun sequence"
"RWNI01000028.1 Pseudomonas aeruginosa strain 5024379144-14 IPC1479_28.1, whole genome shotgun sequence"
"RWNI01000026.1 Pseudomonas aeruginosa strain 5024379144-14 IPC1479_26.1, whole genome shotgun sequence"
"RXBE01000011.1 Pseudomonas aeruginosa strain MCF182 IPC1369_11.1, whole genome shotgun sequence"
"RWMO01000002.1 Pseudomonas aeruginosa strain 2042723558 IPC1504_2.1, whole genome shotgun sequence"
"RWMP01000002.1 Pseudomonas aeruginosa strain 1042828174-21 IPC1503_2.1, whole genome shotgun sequence"
"NSZQ01000001.1 Pseudomonas aeruginosa strain AUS127 IPC197_1.1, whole genome shotgun sequence"
"MCMI01000020.1 Pseudomonas aeruginosa strain 6D92(H) isolate AMT0023-30 IPC1260_20.1, whole genome shotgun sequence"
"NSNB01000024.1 Pseudomonas aeruginosa strain PA-W39 IPC1298_24.1, whole genome shotgun sequence"
"NSNA01000021.1 Pseudomonas aeruginosa strain PA-W42 IPC1299_21.1, whole genome shotgun sequence"
"NTAT01000017.1 Pseudomonas aeruginosa strain PA-W18 IPC11_17.1, whole genome shotgun sequence"
"RWMV01000008.1 Pseudomonas aeruginosa strain 4044301968 IPC1496_8.1, whole genome shotgun sequence"
"NSTL01000023.1 Pseudomonas aeruginosa strain LiA131_2005 IPC775_23.1, whole genome shotgun sequence"
"RWRD01000034.1 Pseudomonas aeruginosa strain PAC76A IPC177_34.1, whole genome shotgun sequence"
"MCMC01000005.1 Pseudomonas aeruginosa strain EA0A isolate 39177 IPC1270_5.1, whole genome shotgun sequence"
"NSMR01000005.1 Pseudomonas aeruginosa strain E2-DN-2 IPC1470_5.1, whole genome shotgun sequence"
"RWNG01000016.1 Pseudomonas aeruginosa strain 4094345258 IPC1481_16.1, whole genome shotgun sequence"
"NSUH01000019.1 Pseudomonas aeruginosa strain Co380791 IPC718_19.1, whole genome shotgun sequence"
"RXEU01000005.1 Pseudomonas aeruginosa strain AUS125 IPC369_5.1, whole genome shotgun sequence"
"NSNH01000021.1 Pseudomonas aeruginosa strain PA-W31 IPC1292_21.1, whole genome shotgun sequence"
"RWNE01000008.1 Pseudomonas aeruginosa strain 5034388498-21 IPC1486_8.1, whole genome shotgun sequence"
"RXCS01000018.1 Pseudomonas aeruginosa strain W15Dec4 IPC828_18.1, whole genome shotgun sequence"
"RWOQ01000021.1 Pseudomonas aeruginosa strain 5996 IPC1319_21.1, whole genome shotgun sequence"
"RXBS01000035.1 Pseudomonas aeruginosa strain JYH19 IPC1230_35.1, whole genome shotgun sequence"
"RXBS01000011.1 Pseudomonas aeruginosa strain JYH19 IPC1230_11.1, whole genome shotgun sequence"
"NSNS01000001.1 Pseudomonas aeruginosa strain PA-W3 IPC1281_1.1, whole genome shotgun sequence"
"NSPA01000049.1 Pseudomonas aeruginosa strain HM307 IPC1161_49.1, whole genome shotgun sequence"
"NSPC01000003.1 Pseudomonas aeruginosa strain HM301 IPC1159_3.1, whole genome shotgun sequence"
"NSQN01000007.1 Pseudomonas aeruginosa strain E2_H133420224 IPC1048_7.1, whole genome shotgun sequence"
"NSXR01000006.1 Pseudomonas aeruginosa strain AUS503 IPC353_6.1, whole genome shotgun sequence"
"NSXY01000005.1 Pseudomonas aeruginosa strain AUS702 IPC339_5.1, whole genome shotgun sequence"
"NSYM01000003.1 Pseudomonas aeruginosa strain AUS339 IPC292_3.1, whole genome shotgun sequence"
"NSZS01000001.1 Pseudomonas aeruginosa strain 934436V IPC108_1.1, whole genome shotgun sequence"
"NSZV01000001.1 Pseudomonas aeruginosa strain AT19 IPC105_1.1, whole genome shotgun sequence"
"RWZZ01000008.1 Pseudomonas aeruginosa strain BJ2 IPC1428_8.1, whole genome shotgun sequence"
"RXAZ01000001.1 Pseudomonas aeruginosa strain PD1 IPC1377_1.1, whole genome shotgun sequence"
"RXBA01000008.1 Pseudomonas aeruginosa strain SS1 IPC1376_8.1, whole genome shotgun sequence"
"RXDU01000008.1 Pseudomonas aeruginosa strain AUS455 IPC481_8.1, whole genome shotgun sequence"
"RWLM01000009.1 Pseudomonas aeruginosa strain 9 IPC1591_9.1, whole genome shotgun sequence"
"RWQU01000001.1 Pseudomonas aeruginosa strain 19SJV IPC576_1.1, whole genome shotgun sequence"
"RWTQ01000008.1 Pseudomonas aeruginosa strain 326S290611BSL_PA3 IPC77_8.1, whole genome shotgun sequence"
"RWVK01000001.1 Pseudomonas aeruginosa strain 19SJO IPC575_1.1, whole genome shotgun sequence"
"MVGV01000010.1 Pseudomonas aeruginosa strain ATCC BAA-2108 IPC1576_10.1, whole genome shotgun sequence"
"MVGY01000013.1 Pseudomonas aeruginosa strain ATCC BAA-2111 IPC1579_13.1, whole genome shotgun sequence"
"MCMN01000012.1 Pseudomonas aeruginosa strain 2D9A isolate AUS23 IPC1103_12.1, whole genome shotgun sequence"
"MCLY01000003.1 Pseudomonas aeruginosa strain 2C22 isolate 57P31PA IPC1274_3.1, whole genome shotgun sequence"
"MCMK01000007.1 Pseudomonas aeruginosa strain EC22 isolate AUS52 IPC1258_7.1, whole genome shotgun sequence"
"MCMV01000003.1 Pseudomonas aeruginosa strain 3C52(K) isolate 968333S IPC86_3.1, whole genome shotgun sequence"
"MCMY01000007.1 Pseudomonas aeruginosa strain 55AA isolate PAK IPC83_7.1, whole genome shotgun sequence"
"NSMX01000003.1 Pseudomonas aeruginosa strain PA-W45 IPC1302_3.1, whole genome shotgun sequence"
"NSMZ01000008.1 Pseudomonas aeruginosa strain PA-W43 IPC1300_8.1, whole genome shotgun sequence"
"NSND01000015.1 Pseudomonas aeruginosa strain PA-W37 IPC1296_15.1, whole genome shotgun sequence"
"NSNC01000002.1 Pseudomonas aeruginosa strain PA-W38 IPC1297_2.1, whole genome shotgun sequence"
"NSNI01000007.1 Pseudomonas aeruginosa strain PA-W29 IPC1291_7.1, whole genome shotgun sequence"
"NSNL01000003.1 Pseudomonas aeruginosa strain PA-W23 IPC1288_3.1, whole genome shotgun sequence"
"NSNO01000006.1 Pseudomonas aeruginosa strain PA-W14 IPC1285_6.1, whole genome shotgun sequence"
"NSNX01000004.1 Pseudomonas aeruginosa strain 21BR IPC1245_4.1, whole genome shotgun sequence"
"NSNY01000002.1 Pseudomonas aeruginosa strain 172BR IPC1244_2.1, whole genome shotgun sequence"
"NSOF01000016.1 Pseudomonas aeruginosa strain JYH22 IPC1233_16.1, whole genome shotgun sequence"
"NSPO01000021.1 Pseudomonas aeruginosa strain A1(A2448) IPC1122_21.1, whole genome shotgun sequence"
"NSPV01000001.1 Pseudomonas aeruginosa strain LiP10b IPC1082_1.1, whole genome shotgun sequence"
"NSPW01000001.1 Pseudomonas aeruginosa strain LiP10a IPC1081_1.1, whole genome shotgun sequence"
"NSPY01000001.1 Pseudomonas aeruginosa strain LiP8 IPC1079_1.1, whole genome shotgun sequence"
"NSPZ01000002.1 Pseudomonas aeruginosa strain LiP7 IPC1078_2.1, whole genome shotgun sequence"
"NSQC01000001.1 Pseudomonas aeruginosa strain LiP4 IPC1075_1.1, whole genome shotgun sequence"
"NSQE01000001.1 Pseudomonas aeruginosa strain LiP2c IPC1073_1.1, whole genome shotgun sequence"
"NSQF01000001.1 Pseudomonas aeruginosa strain LiP2b IPC1072_1.1, whole genome shotgun sequence"
"NSQK01000004.1 Pseudomonas aeruginosa strain H3 IPC1060_4.1, whole genome shotgun sequence"
"NSQG01000001.1 Pseudomonas aeruginosa strain LiP2a IPC1071_1.1, whole genome shotgun sequence"
"NSQJ01000002.1 Pseudomonas aeruginosa strain LiP1a IPC1067_2.1, whole genome shotgun sequence"
"NSQI01000001.1 Pseudomonas aeruginosa strain LiP1c IPC1069_1.1, whole genome shotgun sequence"
"NSQP01000001.1 Pseudomonas aeruginosa strain C3 IPC1043_1.1, whole genome shotgun sequence"
"NSQR01000001.1 Pseudomonas aeruginosa strain A3 IPC1038_1.1, whole genome shotgun sequence"
"NSQV01000002.1 Pseudomonas aeruginosa strain DUN-018 IPC1031_2.1, whole genome shotgun sequence"
"NSQW01000001.1 Pseudomonas aeruginosa strain DUN-015A IPC1027_1.1, whole genome shotgun sequence"
"NSQY01000001.1 Pseudomonas aeruginosa strain DUN-013 IPC1018_1.1, whole genome shotgun sequence"
"NSRE01000016.1 Pseudomonas aeruginosa strain DUN-004 IPC1001_16.1, whole genome shotgun sequence"
"NSRF01000018.1 Pseudomonas aeruginosa strain DUN-003B IPC995_18.1, whole genome shotgun sequence"
"NSRR01000003.1 Pseudomonas aeruginosa strain U454A IPC977_3.1, whole genome shotgun sequence"
"NSRS01000003.1 Pseudomonas aeruginosa strain U451 IPC976_3.1, whole genome shotgun sequence"
"NSRW01000002.1 Pseudomonas aeruginosa strain U397A IPC954_2.1, whole genome shotgun sequence"
"NSRX01000002.1 Pseudomonas aeruginosa strain U372 IPC948_2.1, whole genome shotgun sequence"
"NSRY01000004.1 Pseudomonas aeruginosa strain U350 IPC946_4.1, whole genome shotgun sequence"
"NSSA01000001.1 Pseudomonas aeruginosa strain U0310A IPC935_1.1, whole genome shotgun sequence"
"NSSD01000009.1 Pseudomonas aeruginosa strain U0284 IPC924_9.1, whole genome shotgun sequence"
"NSSF01000003.1 Pseudomonas aeruginosa strain MSB3405 IPC914_3.1, whole genome shotgun sequence"
"NSSJ01000009.1 Pseudomonas aeruginosa strain S2239_16 IPC903_9.1, whole genome shotgun sequence"
"NSSE01000002.1 Pseudomonas aeruginosa strain U0272B IPC922_2.1, whole genome shotgun sequence"
"NSSI01000002.1 Pseudomonas aeruginosa strain S2820 IPC905_2.1, whole genome shotgun sequence"
"NSSK01000003.1 Pseudomonas aeruginosa strain S2239_15 IPC902_3.1, whole genome shotgun sequence"
"NSSO01000001.1 Pseudomonas aeruginosa strain TuD199 IPC885_1.1, whole genome shotgun sequence"
"NSTG01000009.1 Pseudomonas aeruginosa strain LiA18_2003 IPC786_9.1, whole genome shotgun sequence"
"NSTF01000013.1 Pseudomonas aeruginosa strain LiA50_2005 IPC789_13.1, whole genome shotgun sequence"
"NSTN01000002.1 Pseudomonas aeruginosa strain Jp245 IPC756_2.1, whole genome shotgun sequence"
"NSTS01000003.1 Pseudomonas aeruginosa strain J9UH1F IPC742_3.1, whole genome shotgun sequence"
"NSTX01000010.1 Pseudomonas aeruginosa strain CPHL8203 IPC734_10.1, whole genome shotgun sequence"
"NSTY01000016.1 Pseudomonas aeruginosa strain CPHL8058 IPC733_16.1, whole genome shotgun sequence"
"NSUA01000001.1 Pseudomonas aeruginosa strain CPHL5083 IPC730_1.1, whole genome shotgun sequence"
"NSUD01000002.1 Pseudomonas aeruginosa strain CPHL950 IPC727_2.1, whole genome shotgun sequence"
"NSUI01000003.1 Pseudomonas aeruginosa strain C3128 IPC715_3.1, whole genome shotgun sequence"
"NSUK01000007.1 Pseudomonas aeruginosa strain ESP06B IPC710_7.1, whole genome shotgun sequence"
"NSUN01000001.1 Pseudomonas aeruginosa strain 59.20 IPC703_1.1, whole genome shotgun sequence"
"NSUS01000005.1 Pseudomonas aeruginosa strain A22 IPC695_5.1, whole genome shotgun sequence"
"NSUT01000002.1 Pseudomonas aeruginosa strain A19 IPC694_2.1, whole genome shotgun sequence"
"NSUX01000001.1 Pseudomonas aeruginosa strain A11 IPC690_1.1, whole genome shotgun sequence"
"NSUU01000014.1 Pseudomonas aeruginosa strain A17 IPC693_14.1, whole genome shotgun sequence"
"NSUW01000002.1 Pseudomonas aeruginosa strain A13 IPC691_2.1, whole genome shotgun sequence"
"NSUV01000001.1 Pseudomonas aeruginosa strain A15 IPC692_1.1, whole genome shotgun sequence"
"NSUZ01000001.1 Pseudomonas aeruginosa strain A9 IPC688_1.1, whole genome shotgun sequence"
"NSVA01000011.1 Pseudomonas aeruginosa strain So098 IPC677_11.1, whole genome shotgun sequence"
"NSVE01000008.1 Pseudomonas aeruginosa strain HPA16 IPC651_8.1, whole genome shotgun sequence"
"NSVJ01000013.1 Pseudomonas aeruginosa strain Rsan-ver IPC593_13.1, whole genome shotgun sequence"
"NSVF01000007.1 Pseudomonas aeruginosa strain HPA12 IPC648_7.1, whole genome shotgun sequence"
"NSVH01000007.1 Pseudomonas aeruginosa strain HPA6 IPC642_7.1, whole genome shotgun sequence"
"NSVG01000008.1 Pseudomonas aeruginosa strain HPA8 IPC644_8.1, whole genome shotgun sequence"
"NSVN01000008.1 Pseudomonas aeruginosa strain AMT0026-67 IPC556_8.1, whole genome shotgun sequence"
"NSVT01000007.1 Pseudomonas aeruginosa strain AMT0005-138 IPC543_7.1, whole genome shotgun sequence"
"NSVR01000001.1 Pseudomonas aeruginosa strain AMT0006-66 IPC547_1.1, whole genome shotgun sequence"
"NSWB01000002.1 Pseudomonas aeruginosa strain AUS345 IPC496_2.1, whole genome shotgun sequence"
"NSWC01000002.1 Pseudomonas aeruginosa strain AUS344 IPC495_2.1, whole genome shotgun sequence"
"NSWD01000002.1 Pseudomonas aeruginosa strain AUS021 IPC494_2.1, whole genome shotgun sequence"
"NSWQ01000002.1 Pseudomonas aeruginosa strain AUS674 IPC462_2.1, whole genome shotgun sequence"
"NSWF01000009.1 Pseudomonas aeruginosa strain AUS457 IPC483_9.1, whole genome shotgun sequence"
"NSWH01000010.1 Pseudomonas aeruginosa strain AUS442 IPC477_10.1, whole genome shotgun sequence"
"NSWJ01000007.1 Pseudomonas aeruginosa strain AUS440 IPC475_7.1, whole genome shotgun sequence"
"NSWM01000009.1 Pseudomonas aeruginosa strain AUS434 IPC471_9.1, whole genome shotgun sequence"
"NSWQ01000002.1 Pseudomonas aeruginosa strain AUS674 IPC462_2.1, whole genome shotgun sequence"
"NSWT01000005.1 Pseudomonas aeruginosa strain AUS353 IPC452_5.1, whole genome shotgun sequence"
"NSWR01000003.1 Pseudomonas aeruginosa strain AUS631 IPC460_3.1, whole genome shotgun sequence"
"NSWW01000001.1 Pseudomonas aeruginosa strain AUS496 IPC441_1.1, whole genome shotgun sequence"
"NSWX01000007.1 Pseudomonas aeruginosa strain AUS491 IPC440_7.1, whole genome shotgun sequence"
"NSXJ01000015.1 Pseudomonas aeruginosa strain AUS138 IPC379_15.1, whole genome shotgun sequence"
"NSXP01000008.1 Pseudomonas aeruginosa strain AUS106 IPC355_8.1, whole genome shotgun sequence"
"NSXW01000013.1 Pseudomonas aeruginosa strain AUS066 IPC345_13.1, whole genome shotgun sequence"
"NSXT01000001.1 Pseudomonas aeruginosa strain AUS089 IPC349_1.1, whole genome shotgun sequence"
"NSYA01000002.1 Pseudomonas aeruginosa strain AUS026 IPC334_2.1, whole genome shotgun sequence"
"NSYB01000025.1 Pseudomonas aeruginosa strain AUS304 IPC327_25.1, whole genome shotgun sequence"
"NSYD01000003.1 Pseudomonas aeruginosa strain AUS389 IPC321_3.1, whole genome shotgun sequence"
"NSYN01000002.1 Pseudomonas aeruginosa strain AUS321 IPC289_2.1, whole genome shotgun sequence"
"NSYV01000001.1 Pseudomonas aeruginosa strain AUS088 IPC273_1.1, whole genome shotgun sequence"
"NSZA01000002.1 Pseudomonas aeruginosa strain AUS232 IPC258_2.1, whole genome shotgun sequence"
"NSZJ01000002.1 Pseudomonas aeruginosa strain AUS207 IPC226_2.1, whole genome shotgun sequence"
"NSZU01000003.1 Pseudomonas aeruginosa strain AT31 IPC106_3.1, whole genome shotgun sequence"
"NSZY01000004.1 Pseudomonas aeruginosa strain 886-1 IPC102_4.1, whole genome shotgun sequence"
"NTAB01000003.1 Pseudomonas aeruginosa strain 982 IPC99_3.1, whole genome shotgun sequence"
"NTAF01000014.1 Pseudomonas aeruginosa strain Mi162 IPC90_14.1, whole genome shotgun sequence"
"NTAM01000004.1 Pseudomonas aeruginosa strain PA-W30 IPC18_4.1, whole genome shotgun sequence"
"NTAH01000006.1 Pseudomonas aeruginosa strain PA-W48 IPC24_6.1, whole genome shotgun sequence"
"NTAN01000004.1 Pseudomonas aeruginosa strain PA-W27 IPC17_4.1, whole genome shotgun sequence"
"NTAO01000006.1 Pseudomonas aeruginosa strain PA-W26 IPC16_6.1, whole genome shotgun sequence"
"NTAQ01000001.1 Pseudomonas aeruginosa strain PA-W22 IPC14_1.1, whole genome shotgun sequence"
"NSSG01000010.1 Pseudomonas aeruginosa strain S1983 IPC908_10.1, whole genome shotgun sequence"
"RWZN01000008.1 Pseudomonas aeruginosa strain SMC1596 IPC1618_8.1, whole genome shotgun sequence"
"RWZW01000003.1 Pseudomonas aeruginosa strain NN5 IPC1433_3.1, whole genome shotgun sequence"
"RWZT01000009.1 Pseudomonas aeruginosa strain Zw73_2 IPC1437_9.1, whole genome shotgun sequence"
"RWZP01000001.1 Pseudomonas aeruginosa strain SMC1587 IPC1616_1.1, whole genome shotgun sequence"
"RWZS01000004.1 Pseudomonas aeruginosa strain Zw75_2 IPC1438_4.1, whole genome shotgun sequence"
"RWZX01000008.1 Pseudomonas aeruginosa strain SC1 IPC1432_8.1, whole genome shotgun sequence"
"RXAA01000002.1 Pseudomonas aeruginosa strain OY3 IPC1427_2.1, whole genome shotgun sequence"
"RXAI01000002.1 Pseudomonas aeruginosa strain HCF331 IPC1413_2.1, whole genome shotgun sequence"
"RXAD01000004.1 Pseudomonas aeruginosa strain HCF591 IPC1421_4.1, whole genome shotgun sequence"
"RXAE01000002.1 Pseudomonas aeruginosa strain HCF5 IPC1419_2.1, whole genome shotgun sequence"
"RXAM01000004.1 Pseudomonas aeruginosa strain HCF55 IPC1407_4.1, whole genome shotgun sequence"
"RXAN01000003.1 Pseudomonas aeruginosa strain HCF483 IPC1405_3.1, whole genome shotgun sequence"
"RXAL01000003.1 Pseudomonas aeruginosa strain HCF86 IPC1408_3.1, whole genome shotgun sequence"
"RXAQ01000003.1 Pseudomonas aeruginosa strain Zw5 IPC1396_3.1, whole genome shotgun sequence"
"RXAX01000001.1 Pseudomonas aeruginosa strain Zw31 IPC1381_1.1, whole genome shotgun sequence"
"RXBB01000002.1 Pseudomonas aeruginosa strain H2 IPC1375_2.1, whole genome shotgun sequence"
"RXBI01000003.1 Pseudomonas aeruginosa strain MCF134 IPC1364_3.1, whole genome shotgun sequence"
"RXBQ01000017.1 Pseudomonas aeruginosa strain JYH23 IPC1234_17.1, whole genome shotgun sequence"
"RXBR01000003.1 Pseudomonas aeruginosa strain JYH21 IPC1232_3.1, whole genome shotgun sequence"
"RXCA01000003.1 Pseudomonas aeruginosa strain MSH3 IPC1178_3.1, whole genome shotgun sequence"
"RXBV01000002.1 Pseudomonas aeruginosa strain JYH13 IPC1224_2.1, whole genome shotgun sequence"
"RXBX01000004.1 Pseudomonas aeruginosa strain JYH9 IPC1220_4.1, whole genome shotgun sequence"
"RXBZ01000002.1 Pseudomonas aeruginosa strain MSH10 IPC1179_2.1, whole genome shotgun sequence"
"RXCE01000015.1 Pseudomonas aeruginosa strain T3677 IPC1136_15.1, whole genome shotgun sequence"
"RXCD01000002.1 Pseudomonas aeruginosa strain T3044 IPC1146_2.1, whole genome shotgun sequence"
"RXCH01000003.1 Pseudomonas aeruginosa strain T3382 IPC1132_3.1, whole genome shotgun sequence"
"RXCJ01000004.1 Pseudomonas aeruginosa strain E2758 IPC1126_4.1, whole genome shotgun sequence"
"RXCQ01000005.1 Pseudomonas aeruginosa strain W5Aug28 IPC831_5.1, whole genome shotgun sequence"
"RXCX01000002.1 Pseudomonas aeruginosa strain Jp1206 IPC761_2.1, whole genome shotgun sequence"
"RXCZ01000026.1 Pseudomonas aeruginosa strain Jp1170 IPC759_26.1, whole genome shotgun sequence"
"RXDF01000003.1 Pseudomonas aeruginosa strain AMT0047-2 IPC566_3.1, whole genome shotgun sequence"
"RXDG01000008.1 Pseudomonas aeruginosa strain AMT0047-125 IPC564_8.1, whole genome shotgun sequence"
"RXDO01000008.1 Pseudomonas aeruginosa strain AMT0005-137 IPC542_8.1, whole genome shotgun sequence"
"RXDM01000001.1 Pseudomonas aeruginosa strain AMT0006-65 IPC546_1.1, whole genome shotgun sequence"
"RXDS01000013.1 Pseudomonas aeruginosa strain AUS727 IPC517_13.1, whole genome shotgun sequence"
"RXDN01000001.1 Pseudomonas aeruginosa strain AMT0006-64 IPC545_1.1, whole genome shotgun sequence"
"RXDP01000008.1 Pseudomonas aeruginosa strain AMT0005-136 IPC541_8.1, whole genome shotgun sequence"
"RXDQ01000008.1 Pseudomonas aeruginosa strain AMT0005-135 IPC540_8.1, whole genome shotgun sequence"
"RXEA01000001.1 Pseudomonas aeruginosa strain AUS510 IPC447_1.1, whole genome shotgun sequence"
"RXEE01000002.1 Pseudomonas aeruginosa strain AUS464 IPC432_2.1, whole genome shotgun sequence"
"RXED01000001.1 Pseudomonas aeruginosa strain AUS500 IPC443_1.1, whole genome shotgun sequence"
"RXEL01000001.1 Pseudomonas aeruginosa strain AUS157 IPC396_1.1, whole genome shotgun sequence"
"RXEK01000002.1 Pseudomonas aeruginosa strain AUS158 IPC397_2.1, whole genome shotgun sequence"
"RXEQ01000001.1 Pseudomonas aeruginosa strain AUS311 IPC381_1.1, whole genome shotgun sequence"
"RXEV01000005.1 Pseudomonas aeruginosa strain AUS122 IPC367_5.1, whole genome shotgun sequence"
"RXFJ01000002.1 Pseudomonas aeruginosa strain AUS214 IPC236_2.1, whole genome shotgun sequence"
"RWKY01000002.1 Pseudomonas aeruginosa strain 22.1 IPC1605_2.1, whole genome shotgun sequence"
"RWLA01000009.1 Pseudomonas aeruginosa strain 20 IPC1603_9.1, whole genome shotgun sequence"
"RWLF01000005.1 Pseudomonas aeruginosa strain 15 IPC1598_5.1, whole genome shotgun sequence"
"RWLJ01000015.1 Pseudomonas aeruginosa strain 12 IPC1594_15.1, whole genome shotgun sequence"
"RWLP01000016.1 Pseudomonas aeruginosa strain 6 IPC1588_16.1, whole genome shotgun sequence"
"RWLQ01000005.1 Pseudomonas aeruginosa strain 5 IPC1587_5.1, whole genome shotgun sequence"
"RWLS01000010.1 Pseudomonas aeruginosa strain 3 IPC1585_10.1, whole genome shotgun sequence"
"RWLV01000011.1 Pseudomonas aeruginosa strain 3052425557 IPC1523_11.1, whole genome shotgun sequence"
"RWLU01000014.1 Pseudomonas aeruginosa strain 1 IPC1583_14.1, whole genome shotgun sequence"
"RWLZ01000008.1 Pseudomonas aeruginosa strain 4084334344 IPC1519_8.1, whole genome shotgun sequence"
"RWLY01000003.1 Pseudomonas aeruginosa strain 4104355315 IPC1520_3.1, whole genome shotgun sequence"
"RWMB01000003.1 Pseudomonas aeruginosa strain 3020837212 IPC1517_3.1, whole genome shotgun sequence"
"RWME01000003.1 Pseudomonas aeruginosa strain 5023272159 IPC1514_3.1, whole genome shotgun sequence"
"RWMH01000012.1 Pseudomonas aeruginosa strain 4104355340-13 IPC1511_12.1, whole genome shotgun sequence"
"RWMK01000006.1 Pseudomonas aeruginosa strain 5054408352 IPC1508_6.1, whole genome shotgun sequence"
"RWMI01000016.1 Pseudomonas aeruginosa strain 4104355340-15 IPC1510_16.1, whole genome shotgun sequence"
"RWMY01000017.1 Pseudomonas aeruginosa strain 3052425557 IPC1492_17.1, whole genome shotgun sequence"
"RWNB01000003.1 Pseudomonas aeruginosa strain 5054408350-20 IPC1489_3.1, whole genome shotgun sequence"
"RWND01000007.1 Pseudomonas aeruginosa strain 4064320487 IPC1487_7.1, whole genome shotgun sequence"
"RWNJ01000003.1 Pseudomonas aeruginosa strain 41004355322 IPC1478_3.1, whole genome shotgun sequence"
"RWNK01000001.1 Pseudomonas aeruginosa strain 5054407658-17 IPC1477_1.1, whole genome shotgun sequence"
"RWNL01000003.1 Pseudomonas aeruginosa strain 5054407658-16 IPC1476_3.1, whole genome shotgun sequence"
"RWNP01000001.1 Pseudomonas aeruginosa strain 6098 IPC1347_1.1, whole genome shotgun sequence"
"RWNQ01000001.1 Pseudomonas aeruginosa strain 6097.3 IPC1346_1.1, whole genome shotgun sequence"
"RWNR01000002.1 Pseudomonas aeruginosa strain 6097.1 IPC1345_2.1, whole genome shotgun sequence"
"RWNV01000001.1 Pseudomonas aeruginosa strain 6092.3 IPC1340_1.1, whole genome shotgun sequence"
"RWNW01000002.1 Pseudomonas aeruginosa strain 6092.2 IPC1339_2.1, whole genome shotgun sequence"
"RWNY01000003.1 Pseudomonas aeruginosa strain 6090 IPC1337_3.1, whole genome shotgun sequence"
"RWOC01000010.1 Pseudomonas aeruginosa strain 6086.2 IPC1333_10.1, whole genome shotgun sequence"
"RWOB01000003.1 Pseudomonas aeruginosa strain 6087 IPC1334_3.1, whole genome shotgun sequence"
"RWOD01000002.1 Pseudomonas aeruginosa strain 6086.1 IPC1332_2.1, whole genome shotgun sequence"
"RWOF01000002.1 Pseudomonas aeruginosa strain 6004 IPC1330_2.1, whole genome shotgun sequence"
"RWOG01000002.1 Pseudomonas aeruginosa strain 6003 IPC1329_2.1, whole genome shotgun sequence"
"RWOJ01000008.1 Pseudomonas aeruginosa strain 6000.2 IPC1326_8.1, whole genome shotgun sequence"
"RWOI01000008.1 Pseudomonas aeruginosa strain 6000.3 IPC1327_8.1, whole genome shotgun sequence"
"RWOK01000009.1 Pseudomonas aeruginosa strain 6000.1 IPC1325_9.1, whole genome shotgun sequence"
"RWOL01000008.1 Pseudomonas aeruginosa strain 5999.3 IPC1324_8.1, whole genome shotgun sequence"
"RWOR01000003.1 Pseudomonas aeruginosa strain 5995 IPC1318_3.1, whole genome shotgun sequence"
"RWOS01000003.1 Pseudomonas aeruginosa strain 5994 IPC1317_3.1, whole genome shotgun sequence"
"RWPB01000008.1 Pseudomonas aeruginosa strain 5988.2 IPC1308_8.1, whole genome shotgun sequence"
"RWPC01000011.1 Pseudomonas aeruginosa strain 5987 IPC1307_11.1, whole genome shotgun sequence"
"RWPA01000004.1 Pseudomonas aeruginosa strain 5988.3 IPC1309_4.1, whole genome shotgun sequence"
"RWPP01000002.1 Pseudomonas aeruginosa strain PA-CL524 IPC620_2.1, whole genome shotgun sequence"
"RWPQ01000006.1 Pseudomonas aeruginosa strain PA-CL522b IPC618_6.1, whole genome shotgun sequence"
"RWQD01000005.1 Pseudomonas aeruginosa strain PA-CL510 IPC604_5.1, whole genome shotgun sequence"
"RWQC01000007.1 Pseudomonas aeruginosa strain PA-CL511 IPC605_7.1, whole genome shotgun sequence"
"RWQE01000008.1 Pseudomonas aeruginosa strain PA-CL509 IPC603_8.1, whole genome shotgun sequence"
"RWQB01000002.1 Pseudomonas aeruginosa strain PA-CL512 IPC606_2.1, whole genome shotgun sequence"
"RWQM01000001.1 Pseudomonas aeruginosa strain 78RV IPC589_1.1, whole genome shotgun sequence"
"RWQP01000001.1 Pseudomonas aeruginosa strain 34JS IPC582_1.1, whole genome shotgun sequence"
"RWQQ01000001.1 Pseudomonas aeruginosa strain 32SB IPC580_1.1, whole genome shotgun sequence"
"RWQN01000001.1 Pseudomonas aeruginosa strain 57RV IPC586_1.1, whole genome shotgun sequence"
"RWQR01000001.1 Pseudomonas aeruginosa strain 32SP IPC579_1.1, whole genome shotgun sequence"
"RWQT01000001.1 Pseudomonas aeruginosa strain 19R IPC577_1.1, whole genome shotgun sequence"
"RWQV01000001.1 Pseudomonas aeruginosa strain 18G IPC574_1.1, whole genome shotgun sequence"
"RWQZ01000012.1 Pseudomonas aeruginosa strain PAC91A IPC181_12.1, whole genome shotgun sequence"
"RWQX01000006.1 Pseudomonas aeruginosa strain PAC95B IPC183_6.1, whole genome shotgun sequence"
"RWQY01000001.1 Pseudomonas aeruginosa strain PAC95A IPC182_1.1, whole genome shotgun sequence"
"RWRA01000008.1 Pseudomonas aeruginosa strain PAC81B IPC180_8.1, whole genome shotgun sequence"
"RWRB01000008.1 Pseudomonas aeruginosa strain PAC81A IPC179_8.1, whole genome shotgun sequence"
"RWRC01000004.1 Pseudomonas aeruginosa strain PAC112A IPC178_4.1, whole genome shotgun sequence"
"RWRE01000002.1 Pseudomonas aeruginosa strain PAC60A IPC176_2.1, whole genome shotgun sequence"
"RWRM01000002.1 Pseudomonas aeruginosa strain PAC98A IPC168_2.1, whole genome shotgun sequence"
"RWSF01000002.1 Pseudomonas aeruginosa strain PAC78A IPC148_2.1, whole genome shotgun sequence"
"RWSK01000015.1 Pseudomonas aeruginosa strain PAC56B IPC143_15.1, whole genome shotgun sequence"
"RWSG01000001.1 Pseudomonas aeruginosa strain PAC33B IPC147_1.1, whole genome shotgun sequence"
"RWSE01000006.1 Pseudomonas aeruginosa strain PAC78B IPC149_6.1, whole genome shotgun sequence"
"RWSH01000004.1 Pseudomonas aeruginosa strain PAC33A IPC146_4.1, whole genome shotgun sequence"
"RWSJ01000002.1 Pseudomonas aeruginosa strain PAC18A IPC144_2.1, whole genome shotgun sequence"
"RWSI01000004.1 Pseudomonas aeruginosa strain PAC18B IPC145_4.1, whole genome shotgun sequence"
"RWSL01000001.1 Pseudomonas aeruginosa strain PAC56A IPC142_1.1, whole genome shotgun sequence"
"RWSM01000010.1 Pseudomonas aeruginosa strain PAC17A IPC141_10.1, whole genome shotgun sequence"
"RWTC01000001.1 Pseudomonas aeruginosa strain PAC9A IPC123_1.1, whole genome shotgun sequence"
"RWTK01000004.1 Pseudomonas aeruginosa strain PAC61A IPC115_4.1, whole genome shotgun sequence"
"RWTM01000004.1 Pseudomonas aeruginosa strain PAC5B IPC113_4.1, whole genome shotgun sequence"
"RWTL01000002.1 Pseudomonas aeruginosa strain PAC46A IPC114_2.1, whole genome shotgun sequence"
"RWTO01000001.1 Pseudomonas aeruginosa strain PAC54A IPC111_1.1, whole genome shotgun sequence"
"RWTN01000002.1 Pseudomonas aeruginosa strain PAC5A IPC112_2.1, whole genome shotgun sequence"
"RWTR01000001.1 Pseudomonas aeruginosa strain 326S290611BSL_PA2 IPC76_1.1, whole genome shotgun sequence"
"RWTS01000001.1 Pseudomonas aeruginosa strain 326S290611BSL_PA1 IPC75_1.1, whole genome shotgun sequence"
"RWTY01000018.1 Pseudomonas aeruginosa strain 298S020611BSL_PA1 IPC68_18.1, whole genome shotgun sequence"
"RWTX01000003.1 Pseudomonas aeruginosa strain 313s141011BSL_PA1 IPC70_3.1, whole genome shotgun sequence"
"RWTZ01000002.1 Pseudomonas aeruginosa strain 295s071211BSL_PA2 IPC67_2.1, whole genome shotgun sequence"
"RWUD01000003.1 Pseudomonas aeruginosa strain 286S270711BSL_PA1 IPC61_3.1, whole genome shotgun sequence"
"RWUE01000002.1 Pseudomonas aeruginosa strain 278S180511BSL_PA2 IPC60_2.1, whole genome shotgun sequence"
"RWUF01000003.1 Pseudomonas aeruginosa strain 278S180511BSL_PA1 IPC59_3.1, whole genome shotgun sequence"
"RWUK01000005.1 Pseudomonas aeruginosa strain 259S240811BSL_PA1 IPC54_5.1, whole genome shotgun sequence"
"RWUQ01000009.1 Pseudomonas aeruginosa strain 197S020911BSL_PA1 IPC46_9.1, whole genome shotgun sequence"
"RWUV01000009.1 Pseudomonas aeruginosa strain 175S070312EX2DAY21_PA1 IPC41_9.1, whole genome shotgun sequence"
"RWUW01000004.1 Pseudomonas aeruginosa strain 145S200511BSL_PA2 IPC40_4.1, whole genome shotgun sequence"
"RWUZ01000002.1 Pseudomonas aeruginosa strain 136S260811BSL_PA3 IPC36_2.1, whole genome shotgun sequence"
"RWVC01000001.1 Pseudomonas aeruginosa strain 128S180412BSL_PA2 IPC33_1.1, whole genome shotgun sequence"
"RWVD01000002.1 Pseudomonas aeruginosa strain 66S100212BSL _PA1 IPC32_2.1, whole genome shotgun sequence"
"RWVH01000009.1 Pseudomonas aeruginosa strain 29S030611BSL_PA1 IPC27_9.1, whole genome shotgun sequence"
"RWUU01000005.1 Pseudomonas aeruginosa strain 175S070312EX2DAY21_PA2 IPC42_5.1, whole genome shotgun sequence"
"RWMR01000003.1 Pseudomonas aeruginosa strain 4124363474-14 IPC1501_3.1, whole genome shotgun sequence"
"RWUM01000019.1 Pseudomonas aeruginosa strain 201s070911bsl_PA1 IPC50_19.1, whole genome shotgun sequence"
"RWUL01000009.1 Pseudomonas aeruginosa strain 201s070911bsl_PA2 IPC51_9.1, whole genome shotgun sequence"
"NSQD01000002.1 Pseudomonas aeruginosa strain LiP3 IPC1074_2.1, whole genome shotgun sequence"
"NSZO01000002.1 Pseudomonas aeruginosa strain AUS185 IPC203_2.1, whole genome shotgun sequence"
"RWUJ01000005.1 Pseudomonas aeruginosa strain 259S240811BSL_PA2 IPC55_5.1, whole genome shotgun sequence"
"NSRC01000002.1 Pseudomonas aeruginosa strain DUN-007-2 IPC1006_2.1, whole genome shotgun sequence"
"RXAF01000001.1 Pseudomonas aeruginosa strain HCF410 IPC1417_1.1, whole genome shotgun sequence"
"RWRV01000003.1 Pseudomonas aeruginosa strain PAC108A IPC158_3.1, whole genome shotgun sequence"
"RWRU01000003.1 Pseudomonas aeruginosa strain PAC115A IPC159_3.1, whole genome shotgun sequence"
"RWRW01000003.1 Pseudomonas aeruginosa strain PAC44D IPC157_3.1, whole genome shotgun sequence"
"RWSA01000004.1 Pseudomonas aeruginosa strain PAC23A IPC153_4.1, whole genome shotgun sequence"
"RWRX01000002.1 Pseudomonas aeruginosa strain PAC44C IPC156_2.1, whole genome shotgun sequence"
"RWRY01000004.1 Pseudomonas aeruginosa strain PAC44B IPC155_4.1, whole genome shotgun sequence"
"RWRZ01000003.1 Pseudomonas aeruginosa strain PAC44A IPC154_3.1, whole genome shotgun sequence"
"RWSC01000002.1 Pseudomonas aeruginosa strain PAC84A IPC151_2.1, whole genome shotgun sequence"
"RWSD01000002.1 Pseudomonas aeruginosa strain PAC22A IPC150_2.1, whole genome shotgun sequence"
"RWLH01000007.1 Pseudomonas aeruginosa strain 14.1 IPC1596_7.1, whole genome shotgun sequence"
"RWLG01000007.1 Pseudomonas aeruginosa strain 14.2 IPC1597_7.1, whole genome shotgun sequence"
"RXCP01000014.1 Pseudomonas aeruginosa strain 3141 IPC1105_14.1, whole genome shotgun sequence"
"RXDA01000001.1 Pseudomonas aeruginosa strain Jp1155 IPC758_1.1, whole genome shotgun sequence"
"RWOV01000002.1 Pseudomonas aeruginosa strain 5991 IPC1314_2.1, whole genome shotgun sequence"
"NSSQ01000019.1 Pseudomonas aeruginosa strain PT31M IPC881_19.1, whole genome shotgun sequence"
"RXAO01000002.1 Pseudomonas aeruginosa strain HCF19 IPC1401_2.1, whole genome shotgun sequence"
"NSTM01000010.1 Pseudomonas aeruginosa strain Jp1140 IPC757_10.1, whole genome shotgun sequence"
"RWZL01000022.1 Pseudomonas aeruginosa strain SMC5451 IPC1620_22.1, whole genome shotgun sequence"
"RXCY01000002.1 Pseudomonas aeruginosa strain Jp1200 IPC760_2.1, whole genome shotgun sequence"
"NTAT01000029.1 Pseudomonas aeruginosa strain PA-W18 IPC11_29.1, whole genome shotgun sequence"
"RWMO01000005.1 Pseudomonas aeruginosa strain 2042723558 IPC1504_5.1, whole genome shotgun sequence"
"RWMP01000005.1 Pseudomonas aeruginosa strain 1042828174-21 IPC1503_5.1, whole genome shotgun sequence"
"RXAO01000018.1 Pseudomonas aeruginosa strain HCF19 IPC1401_18.1, whole genome shotgun sequence"
"RWMT01000015.1 Pseudomonas aeruginosa strain 9092533235 IPC1499_15.1, whole genome shotgun sequence"
"RWMT01000015.1 Pseudomonas aeruginosa strain 9092533235 IPC1499_15.1, whole genome shotgun sequence"
"NSPI01000033.1 Pseudomonas aeruginosa strain C9(P1814) IPC1147_33.1, whole genome shotgun sequence"
"NSNM01000020.1 Pseudomonas aeruginosa strain PA-W21 IPC1287_20.1, whole genome shotgun sequence"
"RWOP01000030.1 Pseudomonas aeruginosa strain 5997 IPC1320_30.1, whole genome shotgun sequence"
"NSNE01000002.1 Pseudomonas aeruginosa strain PA-W36 IPC1295_2.1, whole genome shotgun sequence"
"MCMR01000036.1 Pseudomonas aeruginosa strain E42A(B) isolate LMG14084 IPC92_36.1, whole genome shotgun sequence"
"NSSR01000009.1 Pseudomonas aeruginosa strain PhDW6 IPC880_9.1, whole genome shotgun sequence"
"RWZL01000015.1 Pseudomonas aeruginosa strain SMC5451 IPC1620_15.1, whole genome shotgun sequence"
"MCMF01000027.1 Pseudomonas aeruginosa strain D429(Q) isolate Mi162_2 IPC1266_27.1, whole genome shotgun sequence"
"MCMZ01000008.1 Pseudomonas aeruginosa strain 6D92(H) isolate AMT0060-3 IPC82_8.1, whole genome shotgun sequence"
"NSSN01000005.1 Pseudomonas aeruginosa strain Pae110 IPC886_5.1, whole genome shotgun sequence"
"RWMU01000001.1 Pseudomonas aeruginosa strain 2032935751 IPC1498_1.1, whole genome shotgun sequence"
"NSOH01000001.1 Pseudomonas aeruginosa strain JYH16 IPC1227_1.1, whole genome shotgun sequence"
"RXCR01000008.1 Pseudomonas aeruginosa strain W15Okt31 IPC829_8.1, whole genome shotgun sequence"
"RXFG01000002.1 Pseudomonas aeruginosa strain AUS222 IPC247_2.1, whole genome shotgun sequence"
"RWLD01000002.1 Pseudomonas aeruginosa strain 17 IPC1600_2.1, whole genome shotgun sequence"
"NSMV01000005.1 Pseudomonas aeruginosa strain AL191 IPC1350_5.1, whole genome shotgun sequence"
"NSNN01000001.1 Pseudomonas aeruginosa strain PA-W16 IPC1286_1.1, whole genome shotgun sequence"
"NSNJ01000001.1 Pseudomonas aeruginosa strain PA-W28 IPC1290_1.1, whole genome shotgun sequence"
"NSOM01000003.1 Pseudomonas aeruginosa strain JYH6 IPC1217_3.1, whole genome shotgun sequence"
"NSON01000003.1 Pseudomonas aeruginosa strain HB392 IPC1191_3.1, whole genome shotgun sequence"
"NSOO01000003.1 Pseudomonas aeruginosa strain HB159 IPC1190_3.1, whole genome shotgun sequence"
"NSPL01000006.1 Pseudomonas aeruginosa strain B9(T2436) IPC1133_6.1, whole genome shotgun sequence"
"NSPH01000001.1 Pseudomonas aeruginosa strain E9(4068) IPC1152_1.1, whole genome shotgun sequence"
"NSPM01000005.1 Pseudomonas aeruginosa strain A3(H638) IPC1125_5.1, whole genome shotgun sequence"
"NSQS01000002.1 Pseudomonas aeruginosa strain DUN-001A IPC1035_2.1, whole genome shotgun sequence"
"NSRH01000004.1 Pseudomonas aeruginosa strain 001-6 IPC988_4.1, whole genome shotgun sequence"
"NSRL01000004.1 Pseudomonas aeruginosa strain DUN-001-3B IPC984_4.1, whole genome shotgun sequence"
"NSRI01000003.1 Pseudomonas aeruginosa strain 001-5B IPC987_3.1, whole genome shotgun sequence"
"NSRJ01000004.1 Pseudomonas aeruginosa strain 001-5A IPC986_4.1, whole genome shotgun sequence"
"NSRK01000003.1 Pseudomonas aeruginosa strain DUN-001-4 IPC985_3.1, whole genome shotgun sequence"
"NSRN01000004.1 Pseudomonas aeruginosa strain DUN-001-2B IPC982_4.1, whole genome shotgun sequence"
"NSRM01000004.1 Pseudomonas aeruginosa strain DUN-001-3A IPC983_4.1, whole genome shotgun sequence"
"NSRO01000004.1 Pseudomonas aeruginosa strain DUN-001-2A IPC981_4.1, whole genome shotgun sequence"
"NSRP01000003.1 Pseudomonas aeruginosa strain DUN-001C IPC980_3.1, whole genome shotgun sequence"
"NSRQ01000003.1 Pseudomonas aeruginosa strain DUN-001B IPC979_3.1, whole genome shotgun sequence"
"NSRU01000008.1 Pseudomonas aeruginosa strain U421 IPC965_8.1, whole genome shotgun sequence"
"NSSB01000002.1 Pseudomonas aeruginosa strain U0306 IPC934_2.1, whole genome shotgun sequence"
"NSSH01000003.1 Pseudomonas aeruginosa strain MSB2949 IPC907_3.1, whole genome shotgun sequence"
"NSUC01000001.1 Pseudomonas aeruginosa strain CPHL1999 IPC728_1.1, whole genome shotgun sequence"
"NSUB01000002.1 Pseudomonas aeruginosa strain CPHL2000 IPC729_2.1, whole genome shotgun sequence"
"NSUQ01000005.1 Pseudomonas aeruginosa strain Mex2 IPC698_5.1, whole genome shotgun sequence"
"NSUR01000010.1 Pseudomonas aeruginosa strain A237 IPC696_10.1, whole genome shotgun sequence"
"NSUY01000002.1 Pseudomonas aeruginosa strain A10 IPC689_2.1, whole genome shotgun sequence"
"NSWN01000008.1 Pseudomonas aeruginosa strain AUS050 IPC470_8.1, whole genome shotgun sequence"
"NSXK01000003.1 Pseudomonas aeruginosa strain AUS134 IPC375_3.1, whole genome shotgun sequence"
"NSZX01000004.1 Pseudomonas aeruginosa strain 152504sp2 IPC103_4.1, whole genome shotgun sequence"
"RXAG01000003.1 Pseudomonas aeruginosa strain HCF367 IPC1415_3.1, whole genome shotgun sequence"
"RXAS01000002.1 Pseudomonas aeruginosa strain Zw9 IPC1389_2.1, whole genome shotgun sequence"
"RXBG01000002.1 Pseudomonas aeruginosa strain MCF178 IPC1366_2.1, whole genome shotgun sequence"
"RXBO01000005.1 Pseudomonas aeruginosa strain JYH29 IPC1240_5.1, whole genome shotgun sequence"
"RXBU01000004.1 Pseudomonas aeruginosa strain JYH15 IPC1226_4.1, whole genome shotgun sequence"
"RXBY01000003.1 Pseudomonas aeruginosa strain JYH7 IPC1218_3.1, whole genome shotgun sequence"
"RXCW01000007.1 Pseudomonas aeruginosa strain Jp1303 IPC762_7.1, whole genome shotgun sequence"
"RXEC01000004.1 Pseudomonas aeruginosa strain AUS501 IPC444_4.1, whole genome shotgun sequence"
"RWKX01000001.1 Pseudomonas aeruginosa strain 22.2 IPC1606_1.1, whole genome shotgun sequence"
"RWLL01000011.1 Pseudomonas aeruginosa strain 10 IPC1592_11.1, whole genome shotgun sequence"
"RWLR01000001.1 Pseudomonas aeruginosa strain 4 IPC1586_1.1, whole genome shotgun sequence"
"RWMS01000004.1 Pseudomonas aeruginosa strain 4124363474-15 IPC1500_4.1, whole genome shotgun sequence"
"RWNA01000008.1 Pseudomonas aeruginosa strain 5054408350-22 IPC1490_8.1, whole genome shotgun sequence"
"RWNC01000006.1 Pseudomonas aeruginosa strain 5054408350-18 IPC1488_6.1, whole genome shotgun sequence"
"RWOO01000002.1 Pseudomonas aeruginosa strain 5998 IPC1321_2.1, whole genome shotgun sequence"
"RWOU01000002.1 Pseudomonas aeruginosa strain 5992 IPC1315_2.1, whole genome shotgun sequence"
"RWPD01000003.1 Pseudomonas aeruginosa strain 5985 IPC1306_3.1, whole genome shotgun sequence"
"RWRF01000014.1 Pseudomonas aeruginosa strain PAC127B IPC175_14.1, whole genome shotgun sequence"
"RWRH01000002.1 Pseudomonas aeruginosa strain PAC38B IPC173_2.1, whole genome shotgun sequence"
"RWRG01000003.1 Pseudomonas aeruginosa strain PAC127A IPC174_3.1, whole genome shotgun sequence"
"RWRI01000003.1 Pseudomonas aeruginosa strain PAC38A IPC172_3.1, whole genome shotgun sequence"
"RWSQ01000003.1 Pseudomonas aeruginosa strain PAC117B IPC135_3.1, whole genome shotgun sequence"
"RWSS01000003.1 Pseudomonas aeruginosa strain PAC13C IPC133_3.1, whole genome shotgun sequence"
"RWSW01000009.1 Pseudomonas aeruginosa strain PAC79B IPC129_9.1, whole genome shotgun sequence"
"RWSX01000007.1 Pseudomonas aeruginosa strain PAC79A IPC128_7.1, whole genome shotgun sequence"
"RWSV01000003.1 Pseudomonas aeruginosa strain PAC106A IPC130_3.1, whole genome shotgun sequence"
"RWSZ01000005.1 Pseudomonas aeruginosa strain PAC107A IPC126_5.1, whole genome shotgun sequence"
"RWTB01000005.1 Pseudomonas aeruginosa strain PAC10A IPC124_5.1, whole genome shotgun sequence"
"RWTA01000003.1 Pseudomonas aeruginosa strain PAC10B IPC125_3.1, whole genome shotgun sequence"
"RWTV01000001.1 Pseudomonas aeruginosa strain 318S170811BSL_PA2 IPC72_1.1, whole genome shotgun sequence"
"RWUX01000003.1 Pseudomonas aeruginosa strain 144S190811BSL_PA2 IPC38_3.1, whole genome shotgun sequence"
"RWUY01000003.1 Pseudomonas aeruginosa strain 144S190811BSL_PA1 IPC37_3.1, whole genome shotgun sequence"
"RWLO01000004.1 Pseudomonas aeruginosa strain 7 IPC1589_4.1, whole genome shotgun sequence"
"NSTO01000006.1 Pseudomonas aeruginosa strain Jp224 IPC752_6.1, whole genome shotgun sequence"
"RWLC01000002.1 Pseudomonas aeruginosa strain 18 IPC1601_2.1, whole genome shotgun sequence"
"NSPI01000021.1 Pseudomonas aeruginosa strain C9(P1814) IPC1147_21.1, whole genome shotgun sequence"
"NSSP01000003.1 Pseudomonas aeruginosa strain Tu863 IPC884_3.1, whole genome shotgun sequence"
"RWTW01000004.1 Pseudomonas aeruginosa strain 318S170811BSL_PA1 IPC71_4.1, whole genome shotgun sequence"
"MCLX01000018.1 Pseudomonas aeruginosa 39016 IPC1264_18.1, whole genome shotgun sequence"
"MCMW01000005.1 Pseudomonas aeruginosa strain F69A isolate IST27N IPC85_5.1, whole genome shotgun sequence"
"MCMX01000005.1 Pseudomonas aeruginosa strain F69A isolate IST27 IPC84_5.1, whole genome shotgun sequence"
"NSOG01000002.1 Pseudomonas aeruginosa strain JYH18 IPC1229_2.1, whole genome shotgun sequence"
"NSOR01000003.1 Pseudomonas aeruginosa strain S54485 IPC1180_3.1, whole genome shotgun sequence"
"NSSL01000021.1 Pseudomonas aeruginosa strain PMM38 IPC888_21.1, whole genome shotgun sequence"
"NSSU01000008.1 Pseudomonas aeruginosa strain LMG2107 IPC877_8.1, whole genome shotgun sequence"
"NSSW01000001.1 Pseudomonas aeruginosa strain Bo559 IPC867_1.1, whole genome shotgun sequence"
"NSVL01000001.1 Pseudomonas aeruginosa strain AMT0046-109 IPC563_1.1, whole genome shotgun sequence"
"NSYO01000001.1 Pseudomonas aeruginosa strain AUS517 IPC288_1.1, whole genome shotgun sequence"
"NTAE01000003.1 Pseudomonas aeruginosa strain 903 IPC96_3.1, whole genome shotgun sequence"
"NTAC01000011.1 Pseudomonas aeruginosa strain 1098 IPC98_11.1, whole genome shotgun sequence"
"NSPQ01000016.1 Pseudomonas aeruginosa strain B1(P2356) IPC1107_16.1, whole genome shotgun sequence"
"RXBT01000001.1 Pseudomonas aeruginosa strain JYH17 IPC1228_1.1, whole genome shotgun sequence"
"RXCV01000001.1 Pseudomonas aeruginosa strain W15Apr4 IPC824_1.1, whole genome shotgun sequence"
"RXDI01000001.1 Pseudomonas aeruginosa strain AMT0046-107 IPC561_1.1, whole genome shotgun sequence"
"RXDH01000001.1 Pseudomonas aeruginosa strain AMT0046-108 IPC562_1.1, whole genome shotgun sequence"
"RXDW01000006.1 Pseudomonas aeruginosa strain AUS449 IPC451_6.1, whole genome shotgun sequence"
"RXDZ01000020.1 Pseudomonas aeruginosa strain AUS511 IPC448_20.1, whole genome shotgun sequence"
"RXFI01000002.1 Pseudomonas aeruginosa strain AUS221 IPC245_2.1, whole genome shotgun sequence"
"RWOZ01000001.1 Pseudomonas aeruginosa strain 5989 IPC1310_1.1, whole genome shotgun sequence"
"RWUO01000005.1 Pseudomonas aeruginosa strain 197S020911BSL_PA3 IPC48_5.1, whole genome shotgun sequence"
"NSSV01000005.1 Pseudomonas aeruginosa strain Cotonu1 IPC875_5.1, whole genome shotgun sequence"
"NSQH01000007.1 Pseudomonas aeruginosa strain LiP1d IPC1070_7.1, whole genome shotgun sequence"
"RXFL01000009.1 Pseudomonas aeruginosa strain Jp222 IPC751_9.1, whole genome shotgun sequence"
"NSUL01000020.1 Pseudomonas aeruginosa strain CND03 IPC706_20.1, whole genome shotgun sequence"
"MCMF01000030.1 Pseudomonas aeruginosa strain D429(Q) isolate Mi162_2 IPC1266_30.1, whole genome shotgun sequence"
"NSMW01000003.1 Pseudomonas aeruginosa strain PA-W46 IPC1303_3.1, whole genome shotgun sequence"
"RXBW01000006.1 Pseudomonas aeruginosa strain JYH11 IPC1222_6.1, whole genome shotgun sequence"
"MCME01000017.1 Pseudomonas aeruginosa strain E429 isolate 15108-1 IPC1268_17.1, whole genome shotgun sequence"
"NSNK01000002.1 Pseudomonas aeruginosa strain PA-W24 IPC1289_2.1, whole genome shotgun sequence"
"NSOQ01000019.1 Pseudomonas aeruginosa strain U2504 IPC1182_19.1, whole genome shotgun sequence"
"NSOS01000017.1 Pseudomonas aeruginosa strain JJ692 IPC1177_17.1, whole genome shotgun sequence"
"NSOX01000006.1 Pseudomonas aeruginosa strain D9 3362 IPC1164_6.1, whole genome shotgun sequence"
"NSPJ01000020.1 Pseudomonas aeruginosa strain C8(T3532) IPC1145_20.1, whole genome shotgun sequence"
"NSQQ01000001.1 Pseudomonas aeruginosa strain B2 IPC1040_1.1, whole genome shotgun sequence"
"NSQZ01000002.1 Pseudomonas aeruginosa strain 010-4 IPC1015_2.1, whole genome shotgun sequence"
"NSTH01000010.1 Pseudomonas aeruginosa strain LiA179_2006 IPC785_10.1, whole genome shotgun sequence"
"NSTP01000003.1 Pseudomonas aeruginosa strain Jp97 IPC749_3.1, whole genome shotgun sequence"
"NSTT01000009.1 Pseudomonas aeruginosa strain Tu61 IPC740_9.1, whole genome shotgun sequence"
"NSTV01000004.1 Pseudomonas aeruginosa strain CPHL10662 IPC737_4.1, whole genome shotgun sequence"
"NSUF01000007.1 Pseudomonas aeruginosa strain IDEXX_Canine4 IPC723_7.1, whole genome shotgun sequence"
"NSVK01000024.1 Pseudomonas aeruginosa strain AMT0071-76 IPC573_24.1, whole genome shotgun sequence"
"NSVO01000005.1 Pseudomonas aeruginosa strain AMT0026-3 IPC555_5.1, whole genome shotgun sequence"
"NSVQ01000021.1 Pseudomonas aeruginosa strain AMT0020-84 IPC549_21.1, whole genome shotgun sequence"
"NSZL01000010.1 Pseudomonas aeruginosa strain AUS195 IPC215_10.1, whole genome shotgun sequence"
"NTAI01000003.1 Pseudomonas aeruginosa strain PA-W47 IPC23_3.1, whole genome shotgun sequence"
"NTAW01000001.1 Pseudomonas aeruginosa strain PA-W13 IPC8_1.1, whole genome shotgun sequence"
"NTBB01000005.1 Pseudomonas aeruginosa strain PA-W7 IPC3_5.1, whole genome shotgun sequence"
"RXDD01000003.1 Pseudomonas aeruginosa strain Jp100 IPC750_3.1, whole genome shotgun sequence"
"RXDJ01000006.1 Pseudomonas aeruginosa strain AMT0026-2 IPC554_6.1, whole genome shotgun sequence"
"RXDK01000006.1 Pseudomonas aeruginosa strain AMT0026-1 IPC553_6.1, whole genome shotgun sequence"
"RXDL01000023.1 Pseudomonas aeruginosa strain AMT0020-83 IPC548_23.1, whole genome shotgun sequence"
"RXEH01000001.1 Pseudomonas aeruginosa strain AUS176 IPC413_1.1, whole genome shotgun sequence"
"RXET01000001.1 Pseudomonas aeruginosa strain AUS128 IPC371_1.1, whole genome shotgun sequence"
"RXFD01000007.1 Pseudomonas aeruginosa strain AUS227 IPC253_7.1, whole genome shotgun sequence"
"RXFH01000009.1 Pseudomonas aeruginosa strain AUS525 IPC246_9.1, whole genome shotgun sequence"
"RWLI01000007.1 Pseudomonas aeruginosa strain 13 IPC1595_7.1, whole genome shotgun sequence"
"RWMX01000002.1 Pseudomonas aeruginosa strain 4064321111 IPC1494_2.1, whole genome shotgun sequence"
"RWQA01000008.1 Pseudomonas aeruginosa strain PA-CL513 IPC607_8.1, whole genome shotgun sequence"
"RWSN01000017.1 Pseudomonas aeruginosa strain PAC15B IPC140_17.1, whole genome shotgun sequence"
"RWSO01000017.1 Pseudomonas aeruginosa strain PAC15A IPC139_17.1, whole genome shotgun sequence"
"RWUC01000001.1 Pseudomonas aeruginosa strain 293S080611BSL_PA1 IPC64_1.1, whole genome shotgun sequence"
"RWUB01000005.1 Pseudomonas aeruginosa strain 293S080611BSL_PA2 IPC65_5.1, whole genome shotgun sequence"
"RWUA01000005.1 Pseudomonas aeruginosa strain 295s071211BSL_PA1 IPC66_5.1, whole genome shotgun sequence"
"RWUG01000006.1 Pseudomonas aeruginosa strain 274S010611BSL_PA1 IPC58_6.1, whole genome shotgun sequence"
"NSRD01000006.1 Pseudomonas aeruginosa strain DUN-006 IPC1005_6.1, whole genome shotgun sequence"
"MCMO01000005.1 Pseudomonas aeruginosa strain F462 isolate CPHL9433 IPC95_5.1, whole genome shotgun sequence"
"MCMR01000039.1 Pseudomonas aeruginosa strain E42A(B) isolate LMG14084 IPC92_39.1, whole genome shotgun sequence"
"NSNM01000008.1 Pseudomonas aeruginosa strain PA-W21 IPC1287_8.1, whole genome shotgun sequence"
"NSVU01000001.1 Pseudomonas aeruginosa strain AMT0005-1 IPC539_1.1, whole genome shotgun sequence"
"NSNP01000007.1 Pseudomonas aeruginosa strain PA-W10 IPC1284_7.1, whole genome shotgun sequence"
"NSOL01000003.1 Pseudomonas aeruginosa strain JYH8 IPC1219_3.1, whole genome shotgun sequence"
"NSQL01000005.1 Pseudomonas aeruginosa strain G2 IPC1057_5.1, whole genome shotgun sequence"
"NSTC01000018.1 Pseudomonas aeruginosa strain LiA96_2004 IPC797_18.1, whole genome shotgun sequence"
"NSTD01000018.1 Pseudomonas aeruginosa strain LiA91_2004 IPC796_18.1, whole genome shotgun sequence"
"NSWZ01000001.1 Pseudomonas aeruginosa strain AUS485 IPC436_1.1, whole genome shotgun sequence"
"NSYP01000013.1 Pseudomonas aeruginosa strain AUS471 IPC282_13.1, whole genome shotgun sequence"
"NSZB01000003.1 Pseudomonas aeruginosa strain AUS229 IPC255_3.1, whole genome shotgun sequence"
"NTAG01000001.1 Pseudomonas aeruginosa strain PA-W49 IPC25_1.1, whole genome shotgun sequence"
"RWZY01000002.1 Pseudomonas aeruginosa strain FM4 IPC1429_2.1, whole genome shotgun sequence"
"RWSB01000016.1 Pseudomonas aeruginosa strain PAC94A IPC152_16.1, whole genome shotgun sequence"
"RWUH01000006.1 Pseudomonas aeruginosa strain 272S250511BSL_PA1 IPC57_6.1, whole genome shotgun sequence"
"NTAL01000011.1 Pseudomonas aeruginosa strain PA-W34 IPC19_11.1, whole genome shotgun sequence"
"NSZN01000002.1 Pseudomonas aeruginosa strain AUS186 IPC205_2.1, whole genome shotgun sequence"
"NSTL01000001.1 Pseudomonas aeruginosa strain LiA131_2005 IPC775_1.1, whole genome shotgun sequence"
"MCMA01000001.1 Pseudomonas aeruginosa strain F429 isolate A5803 IPC1272_1.1, whole genome shotgun sequence"
"NSMP01000001.1 Pseudomonas aeruginosa strain G1-WATER-2A IPC1472_1.1, whole genome shotgun sequence"
"NSQX01000002.1 Pseudomonas aeruginosa strain 014-2A IPC1020_2.1, whole genome shotgun sequence"
"NSTK01000006.1 Pseudomonas aeruginosa strain LiA133_2003 IPC776_6.1, whole genome shotgun sequence"
"NSYC01000001.1 Pseudomonas aeruginosa strain AUS283 IPC323_1.1, whole genome shotgun sequence"
"NTAD01000008.1 Pseudomonas aeruginosa strain 856 IPC97_8.1, whole genome shotgun sequence"
"RWZR01000006.1 Pseudomonas aeruginosa strain Zw73_1 IPC1439_6.1, whole genome shotgun sequence"
"RXAT01000016.1 Pseudomonas aeruginosa strain PT12 IPC1387_16.1, whole genome shotgun sequence"
"RXBP01000002.1 Pseudomonas aeruginosa strain JYH25 IPC1236_2.1, whole genome shotgun sequence"
"RXDY01000010.1 Pseudomonas aeruginosa strain AUS512 IPC449_10.1, whole genome shotgun sequence"
"RXFE01000003.1 Pseudomonas aeruginosa strain AUS226 IPC252_3.1, whole genome shotgun sequence"
"RWLN01000003.1 Pseudomonas aeruginosa strain 8 IPC1590_3.1, whole genome shotgun sequence"
"RWOA01000003.1 Pseudomonas aeruginosa strain 6088 IPC1335_3.1, whole genome shotgun sequence"
"NSNT01000002.1 Pseudomonas aeruginosa strain PA-W1 IPC1280_2.1, whole genome shotgun sequence"
"NSXD01000001.1 Pseudomonas aeruginosa strain AUS165 IPC404_1.1, whole genome shotgun sequence"
"RWNS01000012.1 Pseudomonas aeruginosa strain 6096 IPC1343_12.1, whole genome shotgun sequence"
"NSST01000001.1 Pseudomonas aeruginosa strain LMG5031 IPC878_1.1, whole genome shotgun sequence"
"NSXA01000004.1 Pseudomonas aeruginosa strain AUS483 IPC434_4.1, whole genome shotgun sequence"
"NSZD01000002.1 Pseudomonas aeruginosa strain AUS217 IPC241_2.1, whole genome shotgun sequence"
