"MVGV01000005.1 Pseudomonas aeruginosa strain ATCC BAA-2108 IPC1576_5.1, whole genome shotgun sequence"
"MVGX01000004.1 Pseudomonas aeruginosa strain ATCC BAA-2110 IPC1578_4.1, whole genome shotgun sequence"
"MVGY01000004.1 Pseudomonas aeruginosa strain ATCC BAA-2111 IPC1579_4.1, whole genome shotgun sequence"
"MCLY01000003.1 Pseudomonas aeruginosa strain 2C22 isolate 57P31PA IPC1274_3.1, whole genome shotgun sequence"
"MCML01000001.1 Pseudomonas aeruginosa strain E82A isolate AES-1R IPC1257_1.1, whole genome shotgun sequence"
"MCMM01000002.1 Pseudomonas aeruginosa strain 4012(0) isolate C3719 IPC1256_2.1, whole genome shotgun sequence"
"MCMT01000006.1 Pseudomonas aeruginosa strain 6822 isolate NH57388A IPC88_6.1, whole genome shotgun sequence"
"MCMZ01000024.1 Pseudomonas aeruginosa strain 6D92(H) isolate AMT0060-3 IPC82_24.1, whole genome shotgun sequence"
"MCNA01000025.1 Pseudomonas aeruginosa strain 6D92(H) isolate AMT0060-2 IPC81_25.1, whole genome shotgun sequence"
"MCNB01000027.1 Pseudomonas aeruginosa strain 6D92(H) isolate AMT0060-1 IPC80_27.1, whole genome shotgun sequence"
"NSNI01000004.1 Pseudomonas aeruginosa strain PA-W29 IPC1291_4.1, whole genome shotgun sequence"
"NSNN01000001.1 Pseudomonas aeruginosa strain PA-W16 IPC1286_1.1, whole genome shotgun sequence"
"NSNL01000003.1 Pseudomonas aeruginosa strain PA-W23 IPC1288_3.1, whole genome shotgun sequence"
"NSNJ01000001.1 Pseudomonas aeruginosa strain PA-W28 IPC1290_1.1, whole genome shotgun sequence"
"NSOD01000028.1 Pseudomonas aeruginosa strain JYH26 IPC1237_28.1, whole genome shotgun sequence"
"NSOP01000001.1 Pseudomonas aeruginosa strain X24509 IPC1184_1.1, whole genome shotgun sequence"
"NSON01000003.1 Pseudomonas aeruginosa strain HB392 IPC1191_3.1, whole genome shotgun sequence"
"NSOO01000003.1 Pseudomonas aeruginosa strain HB159 IPC1190_3.1, whole genome shotgun sequence"
"NSOW01000001.1 Pseudomonas aeruginosa E2 IPC1165_1.1, whole genome shotgun sequence"
"NSPR01000004.1 Pseudomonas aeruginosa strain LiP14 IPC1086_4.1, whole genome shotgun sequence"
"NSPS01000001.1 Pseudomonas aeruginosa strain LiP13 IPC1085_1.1, whole genome shotgun sequence"
"NSPT01000001.1 Pseudomonas aeruginosa strain LiP12 IPC1084_1.1, whole genome shotgun sequence"
"NSPV01000001.1 Pseudomonas aeruginosa strain LiP10b IPC1082_1.1, whole genome shotgun sequence"
"NSPW01000001.1 Pseudomonas aeruginosa strain LiP10a IPC1081_1.1, whole genome shotgun sequence"
"NSPX01000001.1 Pseudomonas aeruginosa strain LiP9 IPC1080_1.1, whole genome shotgun sequence"
"NSPU01000001.1 Pseudomonas aeruginosa strain LiP11 IPC1083_1.1, whole genome shotgun sequence"
"NSQB01000001.1 Pseudomonas aeruginosa strain LiP5 IPC1076_1.1, whole genome shotgun sequence"
"NSPY01000001.1 Pseudomonas aeruginosa strain LiP8 IPC1079_1.1, whole genome shotgun sequence"
"NSPZ01000002.1 Pseudomonas aeruginosa strain LiP7 IPC1078_2.1, whole genome shotgun sequence"
"NSQE01000001.1 Pseudomonas aeruginosa strain LiP2c IPC1073_1.1, whole genome shotgun sequence"
"NSQF01000001.1 Pseudomonas aeruginosa strain LiP2b IPC1072_1.1, whole genome shotgun sequence"
"NSQD01000002.1 Pseudomonas aeruginosa strain LiP3 IPC1074_2.1, whole genome shotgun sequence"
"NSQK01000004.1 Pseudomonas aeruginosa strain H3 IPC1060_4.1, whole genome shotgun sequence"
"NSQG01000001.1 Pseudomonas aeruginosa strain LiP2a IPC1071_1.1, whole genome shotgun sequence"
"NSQJ01000002.1 Pseudomonas aeruginosa strain LiP1a IPC1067_2.1, whole genome shotgun sequence"
"NSQI01000001.1 Pseudomonas aeruginosa strain LiP1c IPC1069_1.1, whole genome shotgun sequence"
"NSQM01000013.1 Pseudomonas aeruginosa strain F2 IPC1053_13.1, whole genome shotgun sequence"
"NSQS01000002.1 Pseudomonas aeruginosa strain DUN-001A IPC1035_2.1, whole genome shotgun sequence"
"NSQV01000002.1 Pseudomonas aeruginosa strain DUN-018 IPC1031_2.1, whole genome shotgun sequence"
"NSRG01000001.1 Pseudomonas aeruginosa strain DUN-002C IPC991_1.1, whole genome shotgun sequence"
"NSRH01000004.1 Pseudomonas aeruginosa strain 001-6 IPC988_4.1, whole genome shotgun sequence"
"NSRL01000004.1 Pseudomonas aeruginosa strain DUN-001-3B IPC984_4.1, whole genome shotgun sequence"
"NSRI01000003.1 Pseudomonas aeruginosa strain 001-5B IPC987_3.1, whole genome shotgun sequence"
"NSRJ01000004.1 Pseudomonas aeruginosa strain 001-5A IPC986_4.1, whole genome shotgun sequence"
"NSRK01000003.1 Pseudomonas aeruginosa strain DUN-001-4 IPC985_3.1, whole genome shotgun sequence"
"NSRN01000004.1 Pseudomonas aeruginosa strain DUN-001-2B IPC982_4.1, whole genome shotgun sequence"
"NSRM01000004.1 Pseudomonas aeruginosa strain DUN-001-3A IPC983_4.1, whole genome shotgun sequence"
"NSRO01000004.1 Pseudomonas aeruginosa strain DUN-001-2A IPC981_4.1, whole genome shotgun sequence"
"NSRR01000003.1 Pseudomonas aeruginosa strain U454A IPC977_3.1, whole genome shotgun sequence"
"NSRP01000003.1 Pseudomonas aeruginosa strain DUN-001C IPC980_3.1, whole genome shotgun sequence"
"NSRQ01000003.1 Pseudomonas aeruginosa strain DUN-001B IPC979_3.1, whole genome shotgun sequence"
"NSRU01000002.1 Pseudomonas aeruginosa strain U421 IPC965_2.1, whole genome shotgun sequence"
"NSRT01000003.1 Pseudomonas aeruginosa strain U435 IPC971_3.1, whole genome shotgun sequence"
"NSSA01000001.1 Pseudomonas aeruginosa strain U0310A IPC935_1.1, whole genome shotgun sequence"
"NSSB01000002.1 Pseudomonas aeruginosa strain U0306 IPC934_2.1, whole genome shotgun sequence"
"NSSF01000003.1 Pseudomonas aeruginosa strain MSB3405 IPC914_3.1, whole genome shotgun sequence"
"NSSJ01000011.1 Pseudomonas aeruginosa strain S2239_16 IPC903_11.1, whole genome shotgun sequence"
"NSSH01000003.1 Pseudomonas aeruginosa strain MSB2949 IPC907_3.1, whole genome shotgun sequence"
"NSSS01000001.1 Pseudomonas aeruginosa strain Lw1047 IPC879_1.1, whole genome shotgun sequence"
"NSTY01000002.1 Pseudomonas aeruginosa strain CPHL8058 IPC733_2.1, whole genome shotgun sequence"
"NSUC01000001.1 Pseudomonas aeruginosa strain CPHL1999 IPC728_1.1, whole genome shotgun sequence"
"NSUB01000002.1 Pseudomonas aeruginosa strain CPHL2000 IPC729_2.1, whole genome shotgun sequence"
"NSUH01000034.1 Pseudomonas aeruginosa strain Co380791 IPC718_34.1, whole genome shotgun sequence"
"NSUM01000003.1 Pseudomonas aeruginosa strain CN573=PSE143 IPC705_3.1, whole genome shotgun sequence"
"NSUK01000018.1 Pseudomonas aeruginosa strain ESP06B IPC710_18.1, whole genome shotgun sequence"
"NSUO01000002.1 Pseudomonas aeruginosa strain C5311 IPC700_2.1, whole genome shotgun sequence"
"NSUT01000006.1 Pseudomonas aeruginosa strain A19 IPC694_6.1, whole genome shotgun sequence"
"NSVA01000003.1 Pseudomonas aeruginosa strain So098 IPC677_3.1, whole genome shotgun sequence"
"NSVE01000018.1 Pseudomonas aeruginosa strain HPA16 IPC651_18.1, whole genome shotgun sequence"
"NSVD01000018.1 Pseudomonas aeruginosa strain Co398373 IPC664_18.1, whole genome shotgun sequence"
"NSVF01000017.1 Pseudomonas aeruginosa strain HPA12 IPC648_17.1, whole genome shotgun sequence"
"NSVH01000017.1 Pseudomonas aeruginosa strain HPA6 IPC642_17.1, whole genome shotgun sequence"
"NSVG01000018.1 Pseudomonas aeruginosa strain HPA8 IPC644_18.1, whole genome shotgun sequence"
"NSVL01000001.1 Pseudomonas aeruginosa strain AMT0046-109 IPC563_1.1, whole genome shotgun sequence"
"NSVP01000003.1 Pseudomonas aeruginosa strain AMT0020-1 IPC550_3.1, whole genome shotgun sequence"
"NSVX01000010.1 Pseudomonas aeruginosa strain AUS149 IPC509_10.1, whole genome shotgun sequence"
"NSWS01000001.1 Pseudomonas aeruginosa strain AUS263 IPC453_1.1, whole genome shotgun sequence"
"NSWW01000001.1 Pseudomonas aeruginosa strain AUS496 IPC441_1.1, whole genome shotgun sequence"
"NSWY01000005.1 Pseudomonas aeruginosa strain AUS489 IPC438_5.1, whole genome shotgun sequence"
"NSXB01000001.1 Pseudomonas aeruginosa strain AUS430 IPC430_1.1, whole genome shotgun sequence"
"NSXH01000002.1 Pseudomonas aeruginosa strain AUS506 IPC389_2.1, whole genome shotgun sequence"
"NSXK01000003.1 Pseudomonas aeruginosa strain AUS134 IPC375_3.1, whole genome shotgun sequence"
"NSXN01000002.1 Pseudomonas aeruginosa strain AUS119 IPC364_2.1, whole genome shotgun sequence"
"NSXP01000006.1 Pseudomonas aeruginosa strain AUS106 IPC355_6.1, whole genome shotgun sequence"
"NSXS01000004.1 Pseudomonas aeruginosa strain AUS093 IPC352_4.1, whole genome shotgun sequence"
"NSXU01000004.1 Pseudomonas aeruginosa strain AUS077 IPC347_4.1, whole genome shotgun sequence"
"NSXV01000007.1 Pseudomonas aeruginosa strain AUS073 IPC346_7.1, whole genome shotgun sequence"
"NSXY01000007.1 Pseudomonas aeruginosa strain AUS702 IPC339_7.1, whole genome shotgun sequence"
"NSYB01000005.1 Pseudomonas aeruginosa strain AUS304 IPC327_5.1, whole genome shotgun sequence"
"NSYF01000003.1 Pseudomonas aeruginosa strain AUS238 IPC309_3.1, whole genome shotgun sequence"
"NSYH01000004.1 Pseudomonas aeruginosa strain AUS058 IPC306_4.1, whole genome shotgun sequence"
"NSYT01000003.1 Pseudomonas aeruginosa strain AUS407 IPC276_3.1, whole genome shotgun sequence"
"NSZI01000002.1 Pseudomonas aeruginosa strain AUS465 IPC227_2.1, whole genome shotgun sequence"
"NSZG01000002.1 Pseudomonas aeruginosa strain AUS210 IPC231_2.1, whole genome shotgun sequence"
"NSZK01000004.1 Pseudomonas aeruginosa strain AUS205 IPC224_4.1, whole genome shotgun sequence"
"NSZQ01000001.1 Pseudomonas aeruginosa strain AUS127 IPC197_1.1, whole genome shotgun sequence"
"NSZP01000001.1 Pseudomonas aeruginosa strain AUS183 IPC201_1.1, whole genome shotgun sequence"
"NTAB01000003.1 Pseudomonas aeruginosa strain 982 IPC99_3.1, whole genome shotgun sequence"
"NTAF01000016.1 Pseudomonas aeruginosa strain Mi162 IPC90_16.1, whole genome shotgun sequence"
"NTAH01000008.1 Pseudomonas aeruginosa strain PA-W48 IPC24_8.1, whole genome shotgun sequence"
"NTAN01000004.1 Pseudomonas aeruginosa strain PA-W27 IPC17_4.1, whole genome shotgun sequence"
"NTAO01000006.1 Pseudomonas aeruginosa strain PA-W26 IPC16_6.1, whole genome shotgun sequence"
"NTAQ01000001.1 Pseudomonas aeruginosa strain PA-W22 IPC14_1.1, whole genome shotgun sequence"
"NTBD01000001.1 Pseudomonas aeruginosa strain PA-W2 IPC1_1.1, whole genome shotgun sequence"
"RWZN01000006.1 Pseudomonas aeruginosa strain SMC1596 IPC1618_6.1, whole genome shotgun sequence"
"RWZW01000003.1 Pseudomonas aeruginosa strain NN5 IPC1433_3.1, whole genome shotgun sequence"
"RXAA01000013.1 Pseudomonas aeruginosa strain OY3 IPC1427_13.1, whole genome shotgun sequence"
"RWZU01000003.1 Pseudomonas aeruginosa strain Zw64_2 IPC1436_3.1, whole genome shotgun sequence"
"RXAG01000003.1 Pseudomonas aeruginosa strain HCF367 IPC1415_3.1, whole genome shotgun sequence"
"RWZZ01000014.1 Pseudomonas aeruginosa strain BJ2 IPC1428_14.1, whole genome shotgun sequence"
"RXAE01000002.1 Pseudomonas aeruginosa strain HCF5 IPC1419_2.1, whole genome shotgun sequence"
"RXAM01000004.1 Pseudomonas aeruginosa strain HCF55 IPC1407_4.1, whole genome shotgun sequence"
"RXAO01000002.1 Pseudomonas aeruginosa strain HCF19 IPC1401_2.1, whole genome shotgun sequence"
"RXBB01000004.1 Pseudomonas aeruginosa strain H2 IPC1375_4.1, whole genome shotgun sequence"
"RXBH01000014.1 Pseudomonas aeruginosa strain MCF149 IPC1365_14.1, whole genome shotgun sequence"
"RXBJ01000007.1 Pseudomonas aeruginosa strain MCF1018 IPC1363_7.1, whole genome shotgun sequence"
"RXBM01000008.1 Pseudomonas aeruginosa strain MCF430 IPC1360_8.1, whole genome shotgun sequence"
"RXBR01000003.1 Pseudomonas aeruginosa strain JYH21 IPC1232_3.1, whole genome shotgun sequence"
"RXBX01000004.1 Pseudomonas aeruginosa strain JYH9 IPC1220_4.1, whole genome shotgun sequence"
"RXCK01000002.1 Pseudomonas aeruginosa strain U2816 IPC1115_2.1, whole genome shotgun sequence"
"RXDI01000001.1 Pseudomonas aeruginosa strain AMT0046-107 IPC561_1.1, whole genome shotgun sequence"
"RXDX01000004.1 Pseudomonas aeruginosa strain AUS526 IPC450_4.1, whole genome shotgun sequence"
"RXEA01000001.1 Pseudomonas aeruginosa strain AUS510 IPC447_1.1, whole genome shotgun sequence"
"RXEE01000002.1 Pseudomonas aeruginosa strain AUS464 IPC432_2.1, whole genome shotgun sequence"
"RXEN01000003.1 Pseudomonas aeruginosa strain AUS155 IPC394_3.1, whole genome shotgun sequence"
"RXEJ01000004.1 Pseudomonas aeruginosa strain AUS174 IPC411_4.1, whole genome shotgun sequence"
"RXEI01000003.1 Pseudomonas aeruginosa strain AUS175 IPC412_3.1, whole genome shotgun sequence"
"RXEO01000005.1 Pseudomonas aeruginosa strain AUS153 IPC392_5.1, whole genome shotgun sequence"
"RXEV01000005.1 Pseudomonas aeruginosa strain AUS122 IPC367_5.1, whole genome shotgun sequence"
"RXEW01000003.1 Pseudomonas aeruginosa strain AUS110 IPC357_3.1, whole genome shotgun sequence"
"RXFA01000001.1 Pseudomonas aeruginosa strain AUS277 IPC317_1.1, whole genome shotgun sequence"
"RXEZ01000001.1 Pseudomonas aeruginosa strain AUS527 IPC324_1.1, whole genome shotgun sequence"
"RXFF01000003.1 Pseudomonas aeruginosa strain AUS258 IPC249_3.1, whole genome shotgun sequence"
"RXFJ01000002.1 Pseudomonas aeruginosa strain AUS214 IPC236_2.1, whole genome shotgun sequence"
"RWKZ01000002.1 Pseudomonas aeruginosa strain 21 IPC1604_2.1, whole genome shotgun sequence"
"RWLC01000002.1 Pseudomonas aeruginosa strain 18 IPC1601_2.1, whole genome shotgun sequence"
"RWLE01000005.1 Pseudomonas aeruginosa strain 16 IPC1599_5.1, whole genome shotgun sequence"
"RWLK01000003.1 Pseudomonas aeruginosa strain 11 IPC1593_3.1, whole genome shotgun sequence"
"RWLS01000009.1 Pseudomonas aeruginosa strain 3 IPC1585_9.1, whole genome shotgun sequence"
"RWLR01000001.1 Pseudomonas aeruginosa strain 4 IPC1586_1.1, whole genome shotgun sequence"
"RWLT01000003.1 Pseudomonas aeruginosa strain 2.1 IPC1584_3.1, whole genome shotgun sequence"
"RWMA01000144.1 Pseudomonas aeruginosa strain 5054408345 IPC1518_144.1, whole genome shotgun sequence"
"RWMF01000003.1 Pseudomonas aeruginosa strain 5024382738-25 IPC1513_3.1, whole genome shotgun sequence"
"RWMT01000014.1 Pseudomonas aeruginosa strain 9092533235 IPC1499_14.1, whole genome shotgun sequence"
"RWNB01000004.1 Pseudomonas aeruginosa strain 5054408350-20 IPC1489_4.1, whole genome shotgun sequence"
"RWNE01000008.1 Pseudomonas aeruginosa strain 5034388498-21 IPC1486_8.1, whole genome shotgun sequence"
"RWNF01000006.1 Pseudomonas aeruginosa strain 5034388498-20 IPC1485_6.1, whole genome shotgun sequence"
"RWNJ01000003.1 Pseudomonas aeruginosa strain 41004355322 IPC1478_3.1, whole genome shotgun sequence"
"RWNK01000001.1 Pseudomonas aeruginosa strain 5054407658-17 IPC1477_1.1, whole genome shotgun sequence"
"RWNL01000003.1 Pseudomonas aeruginosa strain 5054407658-16 IPC1476_3.1, whole genome shotgun sequence"
"RWNN01000004.1 Pseudomonas aeruginosa strain 6102 IPC1349_4.1, whole genome shotgun sequence"
"RWNS01000015.1 Pseudomonas aeruginosa strain 6096 IPC1343_15.1, whole genome shotgun sequence"
"RWNV01000001.1 Pseudomonas aeruginosa strain 6092.3 IPC1340_1.1, whole genome shotgun sequence"
"RWNT01000008.1 Pseudomonas aeruginosa strain 6095 IPC1342_8.1, whole genome shotgun sequence"
"RWNW01000002.1 Pseudomonas aeruginosa strain 6092.2 IPC1339_2.1, whole genome shotgun sequence"
"RWOD01000002.1 Pseudomonas aeruginosa strain 6086.1 IPC1332_2.1, whole genome shotgun sequence"
"RWOF01000002.1 Pseudomonas aeruginosa strain 6004 IPC1330_2.1, whole genome shotgun sequence"
"RWOJ01000011.1 Pseudomonas aeruginosa strain 6000.2 IPC1326_11.1, whole genome shotgun sequence"
"RWOI01000004.1 Pseudomonas aeruginosa strain 6000.3 IPC1327_4.1, whole genome shotgun sequence"
"RWOK01000008.1 Pseudomonas aeruginosa strain 6000.1 IPC1325_8.1, whole genome shotgun sequence"
"RWOH01000003.1 Pseudomonas aeruginosa strain 6001 IPC1328_3.1, whole genome shotgun sequence"
"RWOQ01000005.1 Pseudomonas aeruginosa strain 5996 IPC1319_5.1, whole genome shotgun sequence"
"RWOZ01000011.1 Pseudomonas aeruginosa strain 5989 IPC1310_11.1, whole genome shotgun sequence"
"RWPA01000004.1 Pseudomonas aeruginosa strain 5988.3 IPC1309_4.1, whole genome shotgun sequence"
"RWPC01000003.1 Pseudomonas aeruginosa strain 5987 IPC1307_3.1, whole genome shotgun sequence"
"RWPE01000008.1 Pseudomonas aeruginosa strain PA-CL549 IPC634_8.1, whole genome shotgun sequence"
"RWPG01000010.1 Pseudomonas aeruginosa strain PA-CL545b IPC632_10.1, whole genome shotgun sequence"
"RWPF01000013.1 Pseudomonas aeruginosa strain PA-CL547b IPC633_13.1, whole genome shotgun sequence"
"RWPH01000010.1 Pseudomonas aeruginosa strain PA-CL542b IPC630_10.1, whole genome shotgun sequence"
"RWPK01000009.1 Pseudomonas aeruginosa strain PA-CL534a IPC625_9.1, whole genome shotgun sequence"
"RWPI01000010.1 Pseudomonas aeruginosa strain PA-CL542a IPC629_10.1, whole genome shotgun sequence"
"RWPM01000010.1 Pseudomonas aeruginosa strain PA-CL529 IPC623_10.1, whole genome shotgun sequence"
"RWPN01000003.1 Pseudomonas aeruginosa strain PA-CL528 IPC622_3.1, whole genome shotgun sequence"
"RWPO01000013.1 Pseudomonas aeruginosa strain PA-CL527 IPC621_13.1, whole genome shotgun sequence"
"RWQG01000010.1 Pseudomonas aeruginosa strain PA-CL507 IPC601_10.1, whole genome shotgun sequence"
"RWQF01000010.1 Pseudomonas aeruginosa strain PA-CL508 IPC602_10.1, whole genome shotgun sequence"
"RWQJ01000007.1 Pseudomonas aeruginosa strain PA-CL504 IPC598_7.1, whole genome shotgun sequence"
"RWQH01000010.1 Pseudomonas aeruginosa strain PA-CL506b IPC600_10.1, whole genome shotgun sequence"
"RWQI01000003.1 Pseudomonas aeruginosa strain PA-CL505 IPC599_3.1, whole genome shotgun sequence"
"RWQL01000004.1 Pseudomonas aeruginosa strain PA-CL501 IPC596_4.1, whole genome shotgun sequence"
"RWQK01000012.1 Pseudomonas aeruginosa strain PA-CL502 IPC597_12.1, whole genome shotgun sequence"
"RWQW01000003.1 Pseudomonas aeruginosa strain PAC97A IPC184_3.1, whole genome shotgun sequence"
"RWRD01000008.1 Pseudomonas aeruginosa strain PAC76A IPC177_8.1, whole genome shotgun sequence"
"RWRE01000002.1 Pseudomonas aeruginosa strain PAC60A IPC176_2.1, whole genome shotgun sequence"
"RWRF01000003.1 Pseudomonas aeruginosa strain PAC127B IPC175_3.1, whole genome shotgun sequence"
"RWRH01000002.1 Pseudomonas aeruginosa strain PAC38B IPC173_2.1, whole genome shotgun sequence"
"RWRG01000003.1 Pseudomonas aeruginosa strain PAC127A IPC174_3.1, whole genome shotgun sequence"
"RWRI01000003.1 Pseudomonas aeruginosa strain PAC38A IPC172_3.1, whole genome shotgun sequence"
"RWRJ01000001.1 Pseudomonas aeruginosa strain PAC98D IPC171_1.1, whole genome shotgun sequence"
"RWRM01000002.1 Pseudomonas aeruginosa strain PAC98A IPC168_2.1, whole genome shotgun sequence"
"RWRL01000002.1 Pseudomonas aeruginosa strain PAC98B IPC169_2.1, whole genome shotgun sequence"
"RWRK01000001.1 Pseudomonas aeruginosa strain PAC98C IPC170_1.1, whole genome shotgun sequence"
"RWRN01000003.1 Pseudomonas aeruginosa strain PAC80A IPC167_3.1, whole genome shotgun sequence"
"RWRO01000002.1 Pseudomonas aeruginosa strain PAC70B IPC166_2.1, whole genome shotgun sequence"
"RWRR01000002.1 Pseudomonas aeruginosa strain PAC31B IPC163_2.1, whole genome shotgun sequence"
"RWRP01000003.1 Pseudomonas aeruginosa strain PAC70A IPC165_3.1, whole genome shotgun sequence"
"RWRQ01000001.1 Pseudomonas aeruginosa strain PAC42A IPC164_1.1, whole genome shotgun sequence"
"RWSC01000002.1 Pseudomonas aeruginosa strain PAC84A IPC151_2.1, whole genome shotgun sequence"
"RWSD01000002.1 Pseudomonas aeruginosa strain PAC22A IPC150_2.1, whole genome shotgun sequence"
"RWSK01000001.1 Pseudomonas aeruginosa strain PAC56B IPC143_1.1, whole genome shotgun sequence"
"RWSL01000004.1 Pseudomonas aeruginosa strain PAC56A IPC142_4.1, whole genome shotgun sequence"
"RWSN01000005.1 Pseudomonas aeruginosa strain PAC15B IPC140_5.1, whole genome shotgun sequence"
"RWSM01000002.1 Pseudomonas aeruginosa strain PAC17A IPC141_2.1, whole genome shotgun sequence"
"RWSO01000014.1 Pseudomonas aeruginosa strain PAC15A IPC139_14.1, whole genome shotgun sequence"
"RWSQ01000003.1 Pseudomonas aeruginosa strain PAC117B IPC135_3.1, whole genome shotgun sequence"
"RWSS01000003.1 Pseudomonas aeruginosa strain PAC13C IPC133_3.1, whole genome shotgun sequence"
"RWTC01000001.1 Pseudomonas aeruginosa strain PAC9A IPC123_1.1, whole genome shotgun sequence"
"RWUD01000003.1 Pseudomonas aeruginosa strain 286S270711BSL_PA1 IPC61_3.1, whole genome shotgun sequence"
"RWUN01000003.1 Pseudomonas aeruginosa strain 197S020911BSL_PA4 IPC49_3.1, whole genome shotgun sequence"
"RWUP01000003.1 Pseudomonas aeruginosa strain 197S020911BSL_PA2 IPC47_3.1, whole genome shotgun sequence"
"RWUQ01000004.1 Pseudomonas aeruginosa strain 197S020911BSL_PA1 IPC46_4.1, whole genome shotgun sequence"
"RWUV01000003.1 Pseudomonas aeruginosa strain 175S070312EX2DAY21_PA1 IPC41_3.1, whole genome shotgun sequence"
"RWPJ01000011.1 Pseudomonas aeruginosa strain PA-CL534x IPC627_11.1, whole genome shotgun sequence"
"RWRS01000001.1 Pseudomonas aeruginosa strain PAC31A IPC162_1.1, whole genome shotgun sequence"
"RWUU01000006.1 Pseudomonas aeruginosa strain 175S070312EX2DAY21_PA2 IPC42_6.1, whole genome shotgun sequence"
"MCMD01000014.1 Pseudomonas aeruginosa strain 239A isolate 13121-1 IPC1269_14.1, whole genome shotgun sequence"
"NSMS01000017.1 Pseudomonas aeruginosa strain E1-WATER-2 IPC1469_17.1, whole genome shotgun sequence"
"RWZP01000001.1 Pseudomonas aeruginosa strain SMC1587 IPC1616_1.1, whole genome shotgun sequence"
"RWTW01000004.1 Pseudomonas aeruginosa strain 318S170811BSL_PA1 IPC71_4.1, whole genome shotgun sequence"
"MCLZ01000005.1 Pseudomonas aeruginosa strain 3C52 isolate TBCF10839 IPC1273_5.1, whole genome shotgun sequence"
"MCMG01000002.1 Pseudomonas aeruginosa strain EC2A isolate CHA IPC1262_2.1, whole genome shotgun sequence"
"MCMS01000003.1 Pseudomonas aeruginosa strain 3C1A isolate Jpn1563 IPC91_3.1, whole genome shotgun sequence"
"MCMU01000011.1 Pseudomonas aeruginosa strain 0C4A isolate 679 IPC87_11.1, whole genome shotgun sequence"
"MCMY01000005.1 Pseudomonas aeruginosa strain 55AA isolate PAK IPC83_5.1, whole genome shotgun sequence"
"NSMT01000005.1 Pseudomonas aeruginosa strain AL561 IPC1353_5.1, whole genome shotgun sequence"
"NSMY01000008.1 Pseudomonas aeruginosa strain PA-W44 IPC1301_8.1, whole genome shotgun sequence"
"NSND01000004.1 Pseudomonas aeruginosa strain PA-W37 IPC1296_4.1, whole genome shotgun sequence"
"NSOF01000007.1 Pseudomonas aeruginosa strain JYH22 IPC1233_7.1, whole genome shotgun sequence"
"NSOH01000001.1 Pseudomonas aeruginosa strain JYH16 IPC1227_1.1, whole genome shotgun sequence"
"NSOJ01000012.1 Pseudomonas aeruginosa strain JYH12 IPC1223_12.1, whole genome shotgun sequence"
"NSQA01000003.1 Pseudomonas aeruginosa strain LiP6 IPC1077_3.1, whole genome shotgun sequence"
"NSQT01000008.1 Pseudomonas aeruginosa strain DUN-024-1 IPC1034_8.1, whole genome shotgun sequence"
"NSQY01000008.1 Pseudomonas aeruginosa strain DUN-013 IPC1018_8.1, whole genome shotgun sequence"
"NSQW01000001.1 Pseudomonas aeruginosa strain DUN-015A IPC1027_1.1, whole genome shotgun sequence"
"NSSI01000002.1 Pseudomonas aeruginosa strain S2820 IPC905_2.1, whole genome shotgun sequence"
"NSSK01000004.1 Pseudomonas aeruginosa strain S2239_15 IPC902_4.1, whole genome shotgun sequence"
"NSSN01000005.1 Pseudomonas aeruginosa strain Pae110 IPC886_5.1, whole genome shotgun sequence"
"NSTA01000006.1 Pseudomonas aeruginosa strain Br670 IPC838_6.1, whole genome shotgun sequence"
"NSTI01000004.1 Pseudomonas aeruginosa strain LiA161_2005 IPC782_4.1, whole genome shotgun sequence"
"NSTQ01000007.1 Pseudomonas aeruginosa strain Jp54 IPC747_7.1, whole genome shotgun sequence"
"NSTS01000003.1 Pseudomonas aeruginosa strain J9UH1F IPC742_3.1, whole genome shotgun sequence"
"NSUX01000001.1 Pseudomonas aeruginosa strain A11 IPC690_1.1, whole genome shotgun sequence"
"NSUW01000002.1 Pseudomonas aeruginosa strain A13 IPC691_2.1, whole genome shotgun sequence"
"NSUY01000002.1 Pseudomonas aeruginosa strain A10 IPC689_2.1, whole genome shotgun sequence"
"NSVB01000020.1 Pseudomonas aeruginosa strain PN586(35)w IPC669_20.1, whole genome shotgun sequence"
"NSWQ01000002.1 Pseudomonas aeruginosa strain AUS674 IPC462_2.1, whole genome shotgun sequence"
"NSWX01000003.1 Pseudomonas aeruginosa strain AUS491 IPC440_3.1, whole genome shotgun sequence"
"NSXM01000003.1 Pseudomonas aeruginosa strain AUS120 IPC365_3.1, whole genome shotgun sequence"
"NSXT01000001.1 Pseudomonas aeruginosa strain AUS089 IPC349_1.1, whole genome shotgun sequence"
"NSYA01000002.1 Pseudomonas aeruginosa strain AUS026 IPC334_2.1, whole genome shotgun sequence"
"NSYG01000002.1 Pseudomonas aeruginosa strain AUS336 IPC308_2.1, whole genome shotgun sequence"
"NSYR01000001.1 Pseudomonas aeruginosa strain AUS301 IPC279_1.1, whole genome shotgun sequence"
"NSZN01000006.1 Pseudomonas aeruginosa strain AUS186 IPC205_6.1, whole genome shotgun sequence"
"NSZZ01000003.1 Pseudomonas aeruginosa strain 994 IPC101_3.1, whole genome shotgun sequence"
"NTAW01000001.1 Pseudomonas aeruginosa strain PA-W13 IPC8_1.1, whole genome shotgun sequence"
"RWZH01000001.1 Pseudomonas aeruginosa strain 43CFBRPA IPC1624_1.1, whole genome shotgun sequence"
"RWZK01000001.1 Pseudomonas aeruginosa strain 20CFBRPA IPC1621_1.1, whole genome shotgun sequence"
"RWZY01000002.1 Pseudomonas aeruginosa strain FM4 IPC1429_2.1, whole genome shotgun sequence"
"RXAK01000008.1 Pseudomonas aeruginosa strain HCF100 IPC1409_8.1, whole genome shotgun sequence"
"RXBA01000004.1 Pseudomonas aeruginosa strain SS1 IPC1376_4.1, whole genome shotgun sequence"
"RXBG01000002.1 Pseudomonas aeruginosa strain MCF178 IPC1366_2.1, whole genome shotgun sequence"
"RXBQ01000007.1 Pseudomonas aeruginosa strain JYH23 IPC1234_7.1, whole genome shotgun sequence"
"RXBS01000008.1 Pseudomonas aeruginosa strain JYH19 IPC1230_8.1, whole genome shotgun sequence"
"RXBP01000002.1 Pseudomonas aeruginosa strain JYH25 IPC1236_2.1, whole genome shotgun sequence"
"RXCI01000003.1 Pseudomonas aeruginosa strain T2584 IPC1130_3.1, whole genome shotgun sequence"
"RXCU01000001.1 Pseudomonas aeruginosa strain W15Aug23 IPC825_1.1, whole genome shotgun sequence"
"RXDE01000004.1 Pseudomonas aeruginosa strain Jp60 IPC748_4.1, whole genome shotgun sequence"
"RXDH01000001.1 Pseudomonas aeruginosa strain AMT0046-108 IPC562_1.1, whole genome shotgun sequence"
"RXDW01000012.1 Pseudomonas aeruginosa strain AUS449 IPC451_12.1, whole genome shotgun sequence"
"RXEK01000002.1 Pseudomonas aeruginosa strain AUS158 IPC397_2.1, whole genome shotgun sequence"
"RXEQ01000001.1 Pseudomonas aeruginosa strain AUS311 IPC381_1.1, whole genome shotgun sequence"
"RXFD01000009.1 Pseudomonas aeruginosa strain AUS227 IPC253_9.1, whole genome shotgun sequence"
"RXFG01000002.1 Pseudomonas aeruginosa strain AUS222 IPC247_2.1, whole genome shotgun sequence"
"RWLB01000003.1 Pseudomonas aeruginosa strain 19 IPC1602_3.1, whole genome shotgun sequence"
"RWLL01000008.1 Pseudomonas aeruginosa strain 10 IPC1592_8.1, whole genome shotgun sequence"
"RWMG01000001.1 Pseudomonas aeruginosa strain 5024382738-26 IPC1512_1.1, whole genome shotgun sequence"
"RWMU01000001.1 Pseudomonas aeruginosa strain 2032935751 IPC1498_1.1, whole genome shotgun sequence"
"RWNA01000003.1 Pseudomonas aeruginosa strain 5054408350-22 IPC1490_3.1, whole genome shotgun sequence"
"RWNC01000004.1 Pseudomonas aeruginosa strain 5054408350-18 IPC1488_4.1, whole genome shotgun sequence"
"RWNX01000006.1 Pseudomonas aeruginosa strain 6091 IPC1338_6.1, whole genome shotgun sequence"
"RWNZ01000008.1 Pseudomonas aeruginosa strain 6089 IPC1336_8.1, whole genome shotgun sequence"
"RWOR01000013.1 Pseudomonas aeruginosa strain 5995 IPC1318_13.1, whole genome shotgun sequence"
"RWQX01000010.1 Pseudomonas aeruginosa strain PAC95B IPC183_10.1, whole genome shotgun sequence"
"RWQY01000001.1 Pseudomonas aeruginosa strain PAC95A IPC182_1.1, whole genome shotgun sequence"
"RWSF01000002.1 Pseudomonas aeruginosa strain PAC78A IPC148_2.1, whole genome shotgun sequence"
"RWSE01000010.1 Pseudomonas aeruginosa strain PAC78B IPC149_10.1, whole genome shotgun sequence"
"RWSG01000001.1 Pseudomonas aeruginosa strain PAC33B IPC147_1.1, whole genome shotgun sequence"
"RWSH01000011.1 Pseudomonas aeruginosa strain PAC33A IPC146_11.1, whole genome shotgun sequence"
"RWSI01000010.1 Pseudomonas aeruginosa strain PAC18B IPC145_10.1, whole genome shotgun sequence"
"RWSJ01000002.1 Pseudomonas aeruginosa strain PAC18A IPC144_2.1, whole genome shotgun sequence"
"RWTK01000004.1 Pseudomonas aeruginosa strain PAC61A IPC115_4.1, whole genome shotgun sequence"
"RWTM01000004.1 Pseudomonas aeruginosa strain PAC5B IPC113_4.1, whole genome shotgun sequence"
"RWTL01000002.1 Pseudomonas aeruginosa strain PAC46A IPC114_2.1, whole genome shotgun sequence"
"RWTO01000001.1 Pseudomonas aeruginosa strain PAC54A IPC111_1.1, whole genome shotgun sequence"
"RWTN01000002.1 Pseudomonas aeruginosa strain PAC5A IPC112_2.1, whole genome shotgun sequence"
"RWTV01000001.1 Pseudomonas aeruginosa strain 318S170811BSL_PA2 IPC72_1.1, whole genome shotgun sequence"
"RWUR01000001.1 Pseudomonas aeruginosa strain 192S190811BSL_PA3 IPC45_1.1, whole genome shotgun sequence"
"RWUS01000001.1 Pseudomonas aeruginosa strain 192S190811BSL_PA2 IPC44_1.1, whole genome shotgun sequence"
"RWVA01000001.1 Pseudomonas aeruginosa strain 136S260811BSL_PA2 IPC35_1.1, whole genome shotgun sequence"
"RWUZ01000002.1 Pseudomonas aeruginosa strain 136S260811BSL_PA3 IPC36_2.1, whole genome shotgun sequence"
"RWVB01000001.1 Pseudomonas aeruginosa strain 136S260811BSL_PA1 IPC34_1.1, whole genome shotgun sequence"
"RWVI01000004.1 Pseudomonas aeruginosa strain 2S030611BSL_PA1 IPC26_4.1, whole genome shotgun sequence"
"RWVH01000001.1 Pseudomonas aeruginosa strain 29S030611BSL_PA1 IPC27_1.1, whole genome shotgun sequence"
"NSTE01000008.1 Pseudomonas aeruginosa strain LiA63_2006 IPC790_8.1, whole genome shotgun sequence"
"MCLX01000004.1 Pseudomonas aeruginosa 39016 IPC1264_4.1, whole genome shotgun sequence"
"MCMA01000001.1 Pseudomonas aeruginosa strain F429 isolate A5803 IPC1272_1.1, whole genome shotgun sequence"
"MCME01000015.1 Pseudomonas aeruginosa strain E429 isolate 15108-1 IPC1268_15.1, whole genome shotgun sequence"
"MCMV01000003.1 Pseudomonas aeruginosa strain 3C52(K) isolate 968333S IPC86_3.1, whole genome shotgun sequence"
"NSMP01000001.1 Pseudomonas aeruginosa strain G1-WATER-2A IPC1472_1.1, whole genome shotgun sequence"
"NSMW01000003.1 Pseudomonas aeruginosa strain PA-W46 IPC1303_3.1, whole genome shotgun sequence"
"NSNG01000017.1 Pseudomonas aeruginosa strain PA-W32 IPC1293_17.1, whole genome shotgun sequence"
"NSNP01000004.1 Pseudomonas aeruginosa strain PA-W10 IPC1284_4.1, whole genome shotgun sequence"
"NSNR01000010.1 Pseudomonas aeruginosa strain PA-W4 IPC1282_10.1, whole genome shotgun sequence"
"NSOL01000003.1 Pseudomonas aeruginosa strain JYH8 IPC1219_3.1, whole genome shotgun sequence"
"NSOQ01000008.1 Pseudomonas aeruginosa strain U2504 IPC1182_8.1, whole genome shotgun sequence"
"NSOS01000008.1 Pseudomonas aeruginosa strain JJ692 IPC1177_8.1, whole genome shotgun sequence"
"NSOX01000014.1 Pseudomonas aeruginosa strain D9 3362 IPC1164_14.1, whole genome shotgun sequence"
"NSPK01000004.1 Pseudomonas aeruginosa strain E1(T4189) IPC1138_4.1, whole genome shotgun sequence"
"NSPL01000010.1 Pseudomonas aeruginosa strain B9(T2436) IPC1133_10.1, whole genome shotgun sequence"
"NSPJ01000011.1 Pseudomonas aeruginosa strain C8(T3532) IPC1145_11.1, whole genome shotgun sequence"
"NSPM01000010.1 Pseudomonas aeruginosa strain A3(H638) IPC1125_10.1, whole genome shotgun sequence"
"NSQL01000006.1 Pseudomonas aeruginosa strain G2 IPC1057_6.1, whole genome shotgun sequence"
"NSQQ01000013.1 Pseudomonas aeruginosa strain B2 IPC1040_13.1, whole genome shotgun sequence"
"NSQZ01000016.1 Pseudomonas aeruginosa strain 010-4 IPC1015_16.1, whole genome shotgun sequence"
"NSRB01000003.1 Pseudomonas aeruginosa strain DUN-008 IPC1008_3.1, whole genome shotgun sequence"
"NSRD01000013.1 Pseudomonas aeruginosa strain DUN-006 IPC1005_13.1, whole genome shotgun sequence"
"NSSG01000002.1 Pseudomonas aeruginosa strain S1983 IPC908_2.1, whole genome shotgun sequence"
"NSTC01000003.1 Pseudomonas aeruginosa strain LiA96_2004 IPC797_3.1, whole genome shotgun sequence"
"NSTD01000003.1 Pseudomonas aeruginosa strain LiA91_2004 IPC796_3.1, whole genome shotgun sequence"
"NSTH01000005.1 Pseudomonas aeruginosa strain LiA179_2006 IPC785_5.1, whole genome shotgun sequence"
"NSTL01000001.1 Pseudomonas aeruginosa strain LiA131_2005 IPC775_1.1, whole genome shotgun sequence"
"NSUF01000014.1 Pseudomonas aeruginosa strain IDEXX_Canine4 IPC723_14.1, whole genome shotgun sequence"
"NSUL01000013.1 Pseudomonas aeruginosa strain CND03 IPC706_13.1, whole genome shotgun sequence"
"NSUQ01000004.1 Pseudomonas aeruginosa strain Mex2 IPC698_4.1, whole genome shotgun sequence"
"NSVK01000015.1 Pseudomonas aeruginosa strain AMT0071-76 IPC573_15.1, whole genome shotgun sequence"
"NSVO01000014.1 Pseudomonas aeruginosa strain AMT0026-3 IPC555_14.1, whole genome shotgun sequence"
"NSWU01000002.1 Pseudomonas aeruginosa strain AUS507 IPC446_2.1, whole genome shotgun sequence"
"NSXF01000010.1 Pseudomonas aeruginosa strain AUS151 IPC391_10.1, whole genome shotgun sequence"
"NSXL01000002.1 Pseudomonas aeruginosa strain AUS124 IPC368_2.1, whole genome shotgun sequence"
"NSYC01000001.1 Pseudomonas aeruginosa strain AUS283 IPC323_1.1, whole genome shotgun sequence"
"NSZX01000004.1 Pseudomonas aeruginosa strain 152504sp2 IPC103_4.1, whole genome shotgun sequence"
"NTAI01000011.1 Pseudomonas aeruginosa strain PA-W47 IPC23_11.1, whole genome shotgun sequence"
"NTAR01000005.1 Pseudomonas aeruginosa strain PA-W20 IPC13_5.1, whole genome shotgun sequence"
"NTAU01000002.1 Pseudomonas aeruginosa strain PA-W17 IPC10_2.1, whole genome shotgun sequence"
"NTBB01000038.1 Pseudomonas aeruginosa strain PA-W7 IPC3_38.1, whole genome shotgun sequence"
"NSPQ01000002.1 Pseudomonas aeruginosa strain B1(P2356) IPC1107_2.1, whole genome shotgun sequence"
"NSPI01000008.1 Pseudomonas aeruginosa strain C9(P1814) IPC1147_8.1, whole genome shotgun sequence"
"RWZL01000004.1 Pseudomonas aeruginosa strain SMC5451 IPC1620_4.1, whole genome shotgun sequence"
"RXAF01000001.1 Pseudomonas aeruginosa strain HCF410 IPC1417_1.1, whole genome shotgun sequence"
"RXAN01000005.1 Pseudomonas aeruginosa strain HCF483 IPC1405_5.1, whole genome shotgun sequence"
"RXAL01000003.1 Pseudomonas aeruginosa strain HCF86 IPC1408_3.1, whole genome shotgun sequence"
"RXAS01000002.1 Pseudomonas aeruginosa strain Zw9 IPC1389_2.1, whole genome shotgun sequence"
"RXAV01000002.1 Pseudomonas aeruginosa strain Zw64 IPC1384_2.1, whole genome shotgun sequence"
"RXAW01000001.1 Pseudomonas aeruginosa strain Zw49 IPC1383_1.1, whole genome shotgun sequence"
"RXCF01000007.1 Pseudomonas aeruginosa strain T3354 IPC1135_7.1, whole genome shotgun sequence"
"RXCL01000003.1 Pseudomonas aeruginosa strain 2810 IPC1111_3.1, whole genome shotgun sequence"
"RXCM01000005.1 Pseudomonas aeruginosa strain P2404 IPC1110_5.1, whole genome shotgun sequence"
"RXDJ01000013.1 Pseudomonas aeruginosa strain AMT0026-2 IPC554_13.1, whole genome shotgun sequence"
"RXDK01000013.1 Pseudomonas aeruginosa strain AMT0026-1 IPC553_13.1, whole genome shotgun sequence"
"RXEC01000004.1 Pseudomonas aeruginosa strain AUS501 IPC444_4.1, whole genome shotgun sequence"
"RXDY01000005.1 Pseudomonas aeruginosa strain AUS512 IPC449_5.1, whole genome shotgun sequence"
"RXDZ01000003.1 Pseudomonas aeruginosa strain AUS511 IPC448_3.1, whole genome shotgun sequence"
"RXET01000006.1 Pseudomonas aeruginosa strain AUS128 IPC371_6.1, whole genome shotgun sequence"
"RXFB01000001.1 Pseudomonas aeruginosa strain AUS516 IPC287_1.1, whole genome shotgun sequence"
"RXFH01000006.1 Pseudomonas aeruginosa strain AUS525 IPC246_6.1, whole genome shotgun sequence"
"RWLI01000013.1 Pseudomonas aeruginosa strain 13 IPC1595_13.1, whole genome shotgun sequence"
"RWMX01000004.1 Pseudomonas aeruginosa strain 4064321111 IPC1494_4.1, whole genome shotgun sequence"
"RWQA01000010.1 Pseudomonas aeruginosa strain PA-CL513 IPC607_10.1, whole genome shotgun sequence"
"RWUH01000014.1 Pseudomonas aeruginosa strain 272S250511BSL_PA1 IPC57_14.1, whole genome shotgun sequence"
"RWUO01000005.1 Pseudomonas aeruginosa strain 197S020911BSL_PA3 IPC48_5.1, whole genome shotgun sequence"
"RWUT01000001.1 Pseudomonas aeruginosa strain 192S190811BSL_PA1 IPC43_1.1, whole genome shotgun sequence"
"NSNK01000004.1 Pseudomonas aeruginosa strain PA-W24 IPC1289_4.1, whole genome shotgun sequence"
"RXCT01000002.1 Pseudomonas aeruginosa strain W15Dec14 IPC826_2.1, whole genome shotgun sequence"
"MVGZ01000002.1 Pseudomonas aeruginosa strain ATCC BAA-2112 IPC1580_2.1, whole genome shotgun sequence"
"MCMN01000002.1 Pseudomonas aeruginosa strain 2D9A isolate AUS23 IPC1103_2.1, whole genome shotgun sequence"
"MCMO01000022.1 Pseudomonas aeruginosa strain F462 isolate CPHL9433 IPC95_22.1, whole genome shotgun sequence"
"NSNM01000013.1 Pseudomonas aeruginosa strain PA-W21 IPC1287_13.1, whole genome shotgun sequence"
"NSOG01000002.1 Pseudomonas aeruginosa strain JYH18 IPC1229_2.1, whole genome shotgun sequence"
"NSRV01000005.1 Pseudomonas aeruginosa strain U413A IPC962_5.1, whole genome shotgun sequence"
"NSSL01000032.1 Pseudomonas aeruginosa strain PMM38 IPC888_32.1, whole genome shotgun sequence"
"NSTV01000004.1 Pseudomonas aeruginosa strain CPHL10662 IPC737_4.1, whole genome shotgun sequence"
"NSVV01000002.1 Pseudomonas aeruginosa strain AUS719 IPC534_2.1, whole genome shotgun sequence"
"NSVW01000003.1 Pseudomonas aeruginosa strain AUS720 IPC510_3.1, whole genome shotgun sequence"
"NSXX01000001.1 Pseudomonas aeruginosa strain AUS054 IPC340_1.1, whole genome shotgun sequence"
"NSYP01000002.1 Pseudomonas aeruginosa strain AUS471 IPC282_2.1, whole genome shotgun sequence"
"NSYZ01000003.1 Pseudomonas aeruginosa strain AUS275 IPC260_3.1, whole genome shotgun sequence"
"NSZC01000001.1 Pseudomonas aeruginosa strain AUS225 IPC251_1.1, whole genome shotgun sequence"
"NSZB01000003.1 Pseudomonas aeruginosa strain AUS229 IPC255_3.1, whole genome shotgun sequence"
"NTAE01000028.1 Pseudomonas aeruginosa strain 903 IPC96_28.1, whole genome shotgun sequence"
"NTAL01000007.1 Pseudomonas aeruginosa strain PA-W34 IPC19_7.1, whole genome shotgun sequence"
"RXAT01000007.1 Pseudomonas aeruginosa strain PT12 IPC1387_7.1, whole genome shotgun sequence"
"RXBK01000001.1 Pseudomonas aeruginosa strain MCF922 IPC1362_1.1, whole genome shotgun sequence"
"RXBO01000007.1 Pseudomonas aeruginosa strain JYH29 IPC1240_7.1, whole genome shotgun sequence"
"RXCE01000004.1 Pseudomonas aeruginosa strain T3677 IPC1136_4.1, whole genome shotgun sequence"
"RXDS01000002.1 Pseudomonas aeruginosa strain AUS727 IPC517_2.1, whole genome shotgun sequence"
"RXDR01000002.1 Pseudomonas aeruginosa strain AUS717 IPC532_2.1, whole genome shotgun sequence"
"RXED01000012.1 Pseudomonas aeruginosa strain AUS500 IPC443_12.1, whole genome shotgun sequence"
"RXER01000006.1 Pseudomonas aeruginosa strain AUS139 IPC380_6.1, whole genome shotgun sequence"
"RXEU01000005.1 Pseudomonas aeruginosa strain AUS125 IPC369_5.1, whole genome shotgun sequence"
"RXFI01000011.1 Pseudomonas aeruginosa strain AUS221 IPC245_11.1, whole genome shotgun sequence"
"RXFK01000003.1 Pseudomonas aeruginosa strain AUS209 IPC229_3.1, whole genome shotgun sequence"
"RWNY01000018.1 Pseudomonas aeruginosa strain 6090 IPC1337_18.1, whole genome shotgun sequence"
"RWOA01000003.1 Pseudomonas aeruginosa strain 6088 IPC1335_3.1, whole genome shotgun sequence"
"RWOE01000014.1 Pseudomonas aeruginosa strain 6085 IPC1331_14.1, whole genome shotgun sequence"
"RWST01000004.1 Pseudomonas aeruginosa strain PAC13B IPC132_4.1, whole genome shotgun sequence"
"RWSR01000003.1 Pseudomonas aeruginosa strain PAC117A IPC134_3.1, whole genome shotgun sequence"
"RWSU01000004.1 Pseudomonas aeruginosa strain PAC13A IPC131_4.1, whole genome shotgun sequence"
"RWVG01000001.1 Pseudomonas aeruginosa strain 37s051011BSL_PA1 IPC29_1.1, whole genome shotgun sequence"
"NSMV01000013.1 Pseudomonas aeruginosa strain AL191 IPC1350_13.1, whole genome shotgun sequence"
"NSQC01000009.1 Pseudomonas aeruginosa strain LiP4 IPC1075_9.1, whole genome shotgun sequence"
"NSSW01000005.1 Pseudomonas aeruginosa strain Bo559 IPC867_5.1, whole genome shotgun sequence"
"NSSV01000001.1 Pseudomonas aeruginosa strain Cotonu1 IPC875_1.1, whole genome shotgun sequence"
"NSTP01000003.1 Pseudomonas aeruginosa strain Jp97 IPC749_3.1, whole genome shotgun sequence"
"NSTT01000006.1 Pseudomonas aeruginosa strain Tu61 IPC740_6.1, whole genome shotgun sequence"
"NSUP01000009.1 Pseudomonas aeruginosa strain SWPA15J=NSWPA15a IPC699_9.1, whole genome shotgun sequence"
"NSUV01000001.1 Pseudomonas aeruginosa strain A15 IPC692_1.1, whole genome shotgun sequence"
"NSUZ01000001.1 Pseudomonas aeruginosa strain A9 IPC688_1.1, whole genome shotgun sequence"
"NSXC01000003.1 Pseudomonas aeruginosa strain AUS392 IPC426_3.1, whole genome shotgun sequence"
"NSYO01000012.1 Pseudomonas aeruginosa strain AUS517 IPC288_12.1, whole genome shotgun sequence"
"NTAC01000015.1 Pseudomonas aeruginosa strain 1098 IPC98_15.1, whole genome shotgun sequence"
"RXBW01000004.1 Pseudomonas aeruginosa strain JYH11 IPC1222_4.1, whole genome shotgun sequence"
"RXCV01000004.1 Pseudomonas aeruginosa strain W15Apr4 IPC824_4.1, whole genome shotgun sequence"
"RXDD01000003.1 Pseudomonas aeruginosa strain Jp100 IPC750_3.1, whole genome shotgun sequence"
"RXFL01000008.1 Pseudomonas aeruginosa strain Jp222 IPC751_8.1, whole genome shotgun sequence"
"RXES01000005.1 Pseudomonas aeruginosa strain AUS136 IPC377_5.1, whole genome shotgun sequence"
"RWUC01000001.1 Pseudomonas aeruginosa strain 293S080611BSL_PA1 IPC64_1.1, whole genome shotgun sequence"
"RWUB01000003.1 Pseudomonas aeruginosa strain 293S080611BSL_PA2 IPC65_3.1, whole genome shotgun sequence"
"RWUA01000008.1 Pseudomonas aeruginosa strain 295s071211BSL_PA1 IPC66_8.1, whole genome shotgun sequence"
"RWUG01000012.1 Pseudomonas aeruginosa strain 274S010611BSL_PA1 IPC58_12.1, whole genome shotgun sequence"
"MCMR01000050.1 Pseudomonas aeruginosa strain E42A(B) isolate LMG14084 IPC92_50.1, whole genome shotgun sequence"
"NSRE01000007.1 Pseudomonas aeruginosa strain DUN-004 IPC1001_7.1, whole genome shotgun sequence"
"NSSO01000001.1 Pseudomonas aeruginosa strain TuD199 IPC885_1.1, whole genome shotgun sequence"
"NSSU01000004.1 Pseudomonas aeruginosa strain LMG2107 IPC877_4.1, whole genome shotgun sequence"
"NSTO01000010.1 Pseudomonas aeruginosa strain Jp224 IPC752_10.1, whole genome shotgun sequence"
"NSTM01000004.1 Pseudomonas aeruginosa strain Jp1140 IPC757_4.1, whole genome shotgun sequence"
"NSUE01000017.1 Pseudomonas aeruginosa strain IDEXX_Canine8 IPC725_17.1, whole genome shotgun sequence"
"NSVQ01000004.1 Pseudomonas aeruginosa strain AMT0020-84 IPC549_4.1, whole genome shotgun sequence"
"NSYN01000002.1 Pseudomonas aeruginosa strain AUS321 IPC289_2.1, whole genome shotgun sequence"
"NSZA01000007.1 Pseudomonas aeruginosa strain AUS232 IPC258_7.1, whole genome shotgun sequence"
"NTAG01000001.1 Pseudomonas aeruginosa strain PA-W49 IPC25_1.1, whole genome shotgun sequence"
"RWZX01000011.1 Pseudomonas aeruginosa strain SC1 IPC1432_11.1, whole genome shotgun sequence"
"RXCX01000002.1 Pseudomonas aeruginosa strain Jp1206 IPC761_2.1, whole genome shotgun sequence"
"RXDA01000001.1 Pseudomonas aeruginosa strain Jp1155 IPC758_1.1, whole genome shotgun sequence"
"RXCZ01000003.1 Pseudomonas aeruginosa strain Jp1170 IPC759_3.1, whole genome shotgun sequence"
"RXCY01000002.1 Pseudomonas aeruginosa strain Jp1200 IPC760_2.1, whole genome shotgun sequence"
"RXDL01000005.1 Pseudomonas aeruginosa strain AMT0020-83 IPC548_5.1, whole genome shotgun sequence"
"RWSB01000005.1 Pseudomonas aeruginosa strain PAC94A IPC152_5.1, whole genome shotgun sequence"
"MCMF01000004.1 Pseudomonas aeruginosa strain D429(Q) isolate Mi162_2 IPC1266_4.1, whole genome shotgun sequence"
"MCMW01000002.1 Pseudomonas aeruginosa strain F69A isolate IST27N IPC85_2.1, whole genome shotgun sequence"
"MCMX01000001.1 Pseudomonas aeruginosa strain F69A isolate IST27 IPC84_1.1, whole genome shotgun sequence"
"NSOR01000003.1 Pseudomonas aeruginosa strain S54485 IPC1180_3.1, whole genome shotgun sequence"
"NSQH01000006.1 Pseudomonas aeruginosa strain LiP1d IPC1070_6.1, whole genome shotgun sequence"
"NSVU01000001.1 Pseudomonas aeruginosa strain AMT0005-1 IPC539_1.1, whole genome shotgun sequence"
"RXBT01000001.1 Pseudomonas aeruginosa strain JYH17 IPC1228_1.1, whole genome shotgun sequence"
"RXCN01000001.1 Pseudomonas aeruginosa strain P2733 IPC1108_1.1, whole genome shotgun sequence"
"RXEB01000001.1 Pseudomonas aeruginosa strain AUS505 IPC445_1.1, whole genome shotgun sequence"
"NSPH01000001.1 Pseudomonas aeruginosa strain E9(4068) IPC1152_1.1, whole genome shotgun sequence"
"NSSP01000003.1 Pseudomonas aeruginosa strain Tu863 IPC884_3.1, whole genome shotgun sequence"
"RXCC01000005.1 Pseudomonas aeruginosa strain P1885 IPC1150_5.1, whole genome shotgun sequence"
"RWUX01000003.1 Pseudomonas aeruginosa strain 144S190811BSL_PA2 IPC38_3.1, whole genome shotgun sequence"
"RWUY01000003.1 Pseudomonas aeruginosa strain 144S190811BSL_PA1 IPC37_3.1, whole genome shotgun sequence"
"NSWZ01000001.1 Pseudomonas aeruginosa strain AUS485 IPC436_1.1, whole genome shotgun sequence"
"RXBV01000002.1 Pseudomonas aeruginosa strain JYH13 IPC1224_2.1, whole genome shotgun sequence"
"RWLN01000027.1 Pseudomonas aeruginosa strain 8 IPC1590_27.1, whole genome shotgun sequence"
"NTAD01000003.1 Pseudomonas aeruginosa strain 856 IPC97_3.1, whole genome shotgun sequence"
"NSNT01000002.1 Pseudomonas aeruginosa strain PA-W1 IPC1280_2.1, whole genome shotgun sequence"
"NSQX01000002.1 Pseudomonas aeruginosa strain 014-2A IPC1020_2.1, whole genome shotgun sequence"
"NSTR01000005.1 Pseudomonas aeruginosa strain J80UH1OS1 IPC744_5.1, whole genome shotgun sequence"
"RXFE01000003.1 Pseudomonas aeruginosa strain AUS226 IPC252_3.1, whole genome shotgun sequence"
"NSTK01000004.1 Pseudomonas aeruginosa strain LiA133_2003 IPC776_4.1, whole genome shotgun sequence"
"RWZR01000002.1 Pseudomonas aeruginosa strain Zw73_1 IPC1439_2.1, whole genome shotgun sequence"
"RWQV01000001.1 Pseudomonas aeruginosa strain 18G IPC574_1.1, whole genome shotgun sequence"
"NSOI01000497.1 Pseudomonas aeruginosa strain JYH14 IPC1225_497.1, whole genome shotgun sequence"
"NSRY01000004.1 Pseudomonas aeruginosa strain U350 IPC946_4.1, whole genome shotgun sequence"
"NSZD01000002.1 Pseudomonas aeruginosa strain AUS217 IPC241_2.1, whole genome shotgun sequence"
"NSXA01000005.1 Pseudomonas aeruginosa strain AUS483 IPC434_5.1, whole genome shotgun sequence"
"NSST01000011.1 Pseudomonas aeruginosa strain LMG5031 IPC878_11.1, whole genome shotgun sequence"
"NSXR01000030.1 Pseudomonas aeruginosa strain AUS503 IPC353_30.1, whole genome shotgun sequence"
"NSXR01000019.1 Pseudomonas aeruginosa strain AUS503 IPC353_19.1, whole genome shotgun sequence"
"NSOI01000624.1 Pseudomonas aeruginosa strain JYH14 IPC1225_624.1, whole genome shotgun sequence"
"NSXW01000002.1 Pseudomonas aeruginosa strain AUS066 IPC345_2.1, whole genome shotgun sequence"
