"NSSG01000028.1 Pseudomonas aeruginosa strain S1983 IPC908_28.1, whole genome shotgun sequence"
"NSSI01000008.1 Pseudomonas aeruginosa strain S2820 IPC905_8.1, whole genome shotgun sequence"
"NSSK01000010.1 Pseudomonas aeruginosa strain S2239_15 IPC902_10.1, whole genome shotgun sequence"
"NSSN01000001.1 Pseudomonas aeruginosa strain Pae110 IPC886_1.1, whole genome shotgun sequence"
"NSTU01000011.1 Pseudomonas aeruginosa strain CPHL10701 IPC738_11.1, whole genome shotgun sequence"
"NSYF01000017.1 Pseudomonas aeruginosa strain AUS238 IPC309_17.1, whole genome shotgun sequence"
"RWNV01000011.1 Pseudomonas aeruginosa strain 6092.3 IPC1340_11.1, whole genome shotgun sequence"
"RWNW01000001.1 Pseudomonas aeruginosa strain 6092.2 IPC1339_1.1, whole genome shotgun sequence"
"RWUN01000017.1 Pseudomonas aeruginosa strain 197S020911BSL_PA4 IPC49_17.1, whole genome shotgun sequence"
"RWUP01000012.1 Pseudomonas aeruginosa strain 197S020911BSL_PA2 IPC47_12.1, whole genome shotgun sequence"
"RWUQ01000015.1 Pseudomonas aeruginosa strain 197S020911BSL_PA1 IPC46_15.1, whole genome shotgun sequence"
"RWUV01000013.1 Pseudomonas aeruginosa strain 175S070312EX2DAY21_PA1 IPC41_13.1, whole genome shotgun sequence"
"RWVA01000016.1 Pseudomonas aeruginosa strain 136S260811BSL_PA2 IPC35_16.1, whole genome shotgun sequence"
"RWUZ01000016.1 Pseudomonas aeruginosa strain 136S260811BSL_PA3 IPC36_16.1, whole genome shotgun sequence"
"RWVB01000014.1 Pseudomonas aeruginosa strain 136S260811BSL_PA1 IPC34_14.1, whole genome shotgun sequence"
"RWUU01000024.1 Pseudomonas aeruginosa strain 175S070312EX2DAY21_PA2 IPC42_24.1, whole genome shotgun sequence"
"MCMN01000018.1 Pseudomonas aeruginosa strain 2D9A isolate AUS23 IPC1103_18.1, whole genome shotgun sequence"
"MCLZ01000011.1 Pseudomonas aeruginosa strain 3C52 isolate TBCF10839 IPC1273_11.1, whole genome shotgun sequence"
"MCMC01000006.1 Pseudomonas aeruginosa strain EA0A isolate 39177 IPC1270_6.1, whole genome shotgun sequence"
"MCMM01000012.1 Pseudomonas aeruginosa strain 4012(0) isolate C3719 IPC1256_12.1, whole genome shotgun sequence"
"MCMQ01000010.1 Pseudomonas aeruginosa strain FA0A isolate Pr335 IPC93_10.1, whole genome shotgun sequence"
"MCMT01000010.1 Pseudomonas aeruginosa strain 6822 isolate NH57388A IPC88_10.1, whole genome shotgun sequence"
"MCMV01000012.1 Pseudomonas aeruginosa strain 3C52(K) isolate 968333S IPC86_12.1, whole genome shotgun sequence"
"MCMY01000010.1 Pseudomonas aeruginosa strain 55AA isolate PAK IPC83_10.1, whole genome shotgun sequence"
"MCMZ01000010.1 Pseudomonas aeruginosa strain 6D92(H) isolate AMT0060-3 IPC82_10.1, whole genome shotgun sequence"
"MCNA01000010.1 Pseudomonas aeruginosa strain 6D92(H) isolate AMT0060-2 IPC81_10.1, whole genome shotgun sequence"
"MCNB01000009.1 Pseudomonas aeruginosa strain 6D92(H) isolate AMT0060-1 IPC80_9.1, whole genome shotgun sequence"
"NSMR01000009.1 Pseudomonas aeruginosa strain E2-DN-2 IPC1470_9.1, whole genome shotgun sequence"
"NSMX01000013.1 Pseudomonas aeruginosa strain PA-W45 IPC1302_13.1, whole genome shotgun sequence"
"NSNC01000022.1 Pseudomonas aeruginosa strain PA-W38 IPC1297_22.1, whole genome shotgun sequence"
"NSNJ01000013.1 Pseudomonas aeruginosa strain PA-W28 IPC1290_13.1, whole genome shotgun sequence"
"NSOC01000009.1 Pseudomonas aeruginosa strain JYH28 IPC1239_9.1, whole genome shotgun sequence"
"NSOM01000018.1 Pseudomonas aeruginosa strain JYH6 IPC1217_18.1, whole genome shotgun sequence"
"NSOO01000021.1 Pseudomonas aeruginosa strain HB159 IPC1190_21.1, whole genome shotgun sequence"
"NSON01000001.1 Pseudomonas aeruginosa strain HB392 IPC1191_1.1, whole genome shotgun sequence"
"NSOY01000012.1 Pseudomonas aeruginosa strain HM324 IPC1163_12.1, whole genome shotgun sequence"
"NSOZ01000007.1 Pseudomonas aeruginosa strain HM308 IPC1162_7.1, whole genome shotgun sequence"
"NSPC01000014.1 Pseudomonas aeruginosa strain HM301 IPC1159_14.1, whole genome shotgun sequence"
"NSPA01000002.1 Pseudomonas aeruginosa strain HM307 IPC1161_2.1, whole genome shotgun sequence"
"NSPD01000014.1 Pseudomonas aeruginosa strain HM300 IPC1158_14.1, whole genome shotgun sequence"
"NSPG01000009.1 Pseudomonas aeruginosa strain HM293 IPC1155_9.1, whole genome shotgun sequence"
"NSPB01000009.1 Pseudomonas aeruginosa strain HM306 IPC1160_9.1, whole genome shotgun sequence"
"NSPF01000012.1 Pseudomonas aeruginosa strain HM294 IPC1156_12.1, whole genome shotgun sequence"
"NSPE01000012.1 Pseudomonas aeruginosa strain HM299 IPC1157_12.1, whole genome shotgun sequence"
"NSPH01000010.1 Pseudomonas aeruginosa strain E9(4068) IPC1152_10.1, whole genome shotgun sequence"
"NSQK01000019.1 Pseudomonas aeruginosa strain H3 IPC1060_19.1, whole genome shotgun sequence"
"NSQM01000007.1 Pseudomonas aeruginosa strain F2 IPC1053_7.1, whole genome shotgun sequence"
"NSQS01000017.1 Pseudomonas aeruginosa strain DUN-001A IPC1035_17.1, whole genome shotgun sequence"
"NSQR01000009.1 Pseudomonas aeruginosa strain A3 IPC1038_9.1, whole genome shotgun sequence"
"NSQV01000018.1 Pseudomonas aeruginosa strain DUN-018 IPC1031_18.1, whole genome shotgun sequence"
"NSRL01000017.1 Pseudomonas aeruginosa strain DUN-001-3B IPC984_17.1, whole genome shotgun sequence"
"NSRH01000017.1 Pseudomonas aeruginosa strain 001-6 IPC988_17.1, whole genome shotgun sequence"
"NSRI01000019.1 Pseudomonas aeruginosa strain 001-5B IPC987_19.1, whole genome shotgun sequence"
"NSRK01000016.1 Pseudomonas aeruginosa strain DUN-001-4 IPC985_16.1, whole genome shotgun sequence"
"NSRJ01000018.1 Pseudomonas aeruginosa strain 001-5A IPC986_18.1, whole genome shotgun sequence"
"NSRN01000015.1 Pseudomonas aeruginosa strain DUN-001-2B IPC982_15.1, whole genome shotgun sequence"
"NSRO01000019.1 Pseudomonas aeruginosa strain DUN-001-2A IPC981_19.1, whole genome shotgun sequence"
"NSRM01000014.1 Pseudomonas aeruginosa strain DUN-001-3A IPC983_14.1, whole genome shotgun sequence"
"NSRP01000018.1 Pseudomonas aeruginosa strain DUN-001C IPC980_18.1, whole genome shotgun sequence"
"NSRQ01000017.1 Pseudomonas aeruginosa strain DUN-001B IPC979_17.1, whole genome shotgun sequence"
"NSSF01000019.1 Pseudomonas aeruginosa strain MSB3405 IPC914_19.1, whole genome shotgun sequence"
"NSSJ01000020.1 Pseudomonas aeruginosa strain S2239_16 IPC903_20.1, whole genome shotgun sequence"
"NSSH01000020.1 Pseudomonas aeruginosa strain MSB2949 IPC907_20.1, whole genome shotgun sequence"
"NSSS01000008.1 Pseudomonas aeruginosa strain Lw1047 IPC879_8.1, whole genome shotgun sequence"
"NSTW01000015.1 Pseudomonas aeruginosa strain CPHL10299 IPC736_15.1, whole genome shotgun sequence"
"NSTY01000027.1 Pseudomonas aeruginosa strain CPHL8058 IPC733_27.1, whole genome shotgun sequence"
"NSUB01000011.1 Pseudomonas aeruginosa strain CPHL2000 IPC729_11.1, whole genome shotgun sequence"
"NSUH01000011.1 Pseudomonas aeruginosa strain Co380791 IPC718_11.1, whole genome shotgun sequence"
"NSUO01000011.1 Pseudomonas aeruginosa strain C5311 IPC700_11.1, whole genome shotgun sequence"
"NSUK01000006.1 Pseudomonas aeruginosa strain ESP06B IPC710_6.1, whole genome shotgun sequence"
"NSUS01000011.1 Pseudomonas aeruginosa strain A22 IPC695_11.1, whole genome shotgun sequence"
"NSUX01000016.1 Pseudomonas aeruginosa strain A11 IPC690_16.1, whole genome shotgun sequence"
"NSUW01000018.1 Pseudomonas aeruginosa strain A13 IPC691_18.1, whole genome shotgun sequence"
"NSVA01000021.1 Pseudomonas aeruginosa strain So098 IPC677_21.1, whole genome shotgun sequence"
"NSVB01000004.1 Pseudomonas aeruginosa strain PN586(35)w IPC669_4.1, whole genome shotgun sequence"
"NSVE01000014.1 Pseudomonas aeruginosa strain HPA16 IPC651_14.1, whole genome shotgun sequence"
"NSVD01000006.1 Pseudomonas aeruginosa strain Co398373 IPC664_6.1, whole genome shotgun sequence"
"NSVF01000008.1 Pseudomonas aeruginosa strain HPA12 IPC648_8.1, whole genome shotgun sequence"
"NSVH01000015.1 Pseudomonas aeruginosa strain HPA6 IPC642_15.1, whole genome shotgun sequence"
"NSVG01000015.1 Pseudomonas aeruginosa strain HPA8 IPC644_15.1, whole genome shotgun sequence"
"NSVV01000018.1 Pseudomonas aeruginosa strain AUS719 IPC534_18.1, whole genome shotgun sequence"
"NSVW01000017.1 Pseudomonas aeruginosa strain AUS720 IPC510_17.1, whole genome shotgun sequence"
"NSWO01000013.1 Pseudomonas aeruginosa strain AUS537 IPC468_13.1, whole genome shotgun sequence"
"NSWT01000020.1 Pseudomonas aeruginosa strain AUS353 IPC452_20.1, whole genome shotgun sequence"
"NSWY01000001.1 Pseudomonas aeruginosa strain AUS489 IPC438_1.1, whole genome shotgun sequence"
"NSXP01000009.1 Pseudomonas aeruginosa strain AUS106 IPC355_9.1, whole genome shotgun sequence"
"NSYV01000002.1 Pseudomonas aeruginosa strain AUS088 IPC273_2.1, whole genome shotgun sequence"
"NSZM01000013.1 Pseudomonas aeruginosa strain AUS518 IPC212_13.1, whole genome shotgun sequence"
"NSZR01000012.1 Pseudomonas aeruginosa strain 39145 IPC109_12.1, whole genome shotgun sequence"
"NSZS01000013.1 Pseudomonas aeruginosa strain 934436V IPC108_13.1, whole genome shotgun sequence"
"NSZT01000013.1 Pseudomonas aeruginosa strain AT40 IPC107_13.1, whole genome shotgun sequence"
"NSZW01000014.1 Pseudomonas aeruginosa strain AT7 IPC104_14.1, whole genome shotgun sequence"
"NSZU01000010.1 Pseudomonas aeruginosa strain AT31 IPC106_10.1, whole genome shotgun sequence"
"NSZV01000011.1 Pseudomonas aeruginosa strain AT19 IPC105_11.1, whole genome shotgun sequence"
"NTAF01000012.1 Pseudomonas aeruginosa strain Mi162 IPC90_12.1, whole genome shotgun sequence"
"NTAJ01000005.1 Pseudomonas aeruginosa strain PA-W41 IPC22_5.1, whole genome shotgun sequence"
"NTAK01000005.1 Pseudomonas aeruginosa strain PA-W35 IPC20_5.1, whole genome shotgun sequence"
"NTAH01000026.1 Pseudomonas aeruginosa strain PA-W48 IPC24_26.1, whole genome shotgun sequence"
"NTAN01000017.1 Pseudomonas aeruginosa strain PA-W27 IPC17_17.1, whole genome shotgun sequence"
"NTAP01000014.1 Pseudomonas aeruginosa strain PA-W25 IPC15_14.1, whole genome shotgun sequence"
"NTAQ01000011.1 Pseudomonas aeruginosa strain PA-W22 IPC14_11.1, whole genome shotgun sequence"
"NTAO01000016.1 Pseudomonas aeruginosa strain PA-W26 IPC16_16.1, whole genome shotgun sequence"
"NTAV01000013.1 Pseudomonas aeruginosa strain PA-W15 IPC9_13.1, whole genome shotgun sequence"
"NTAZ01000011.1 Pseudomonas aeruginosa strain PA-W9 IPC5_11.1, whole genome shotgun sequence"
"NTBA01000007.1 Pseudomonas aeruginosa strain PA-W8 IPC4_7.1, whole genome shotgun sequence"
"RWZM01000001.1 Pseudomonas aeruginosa strain SMC5450 IPC1619_1.1, whole genome shotgun sequence"
"RWZW01000019.1 Pseudomonas aeruginosa strain NN5 IPC1433_19.1, whole genome shotgun sequence"
"RWZQ01000010.1 Pseudomonas aeruginosa strain SMC1585 IPC1615_10.1, whole genome shotgun sequence"
"RXAD01000012.1 Pseudomonas aeruginosa strain HCF591 IPC1421_12.1, whole genome shotgun sequence"
"RXAX01000012.1 Pseudomonas aeruginosa strain Zw31 IPC1381_12.1, whole genome shotgun sequence"
"RXBD01000012.1 Pseudomonas aeruginosa strain MCF199 IPC1370_12.1, whole genome shotgun sequence"
"RXBM01000009.1 Pseudomonas aeruginosa strain MCF430 IPC1360_9.1, whole genome shotgun sequence"
"RXCB01000012.1 Pseudomonas aeruginosa strain 62 IPC1175_12.1, whole genome shotgun sequence"
"RXBY01000018.1 Pseudomonas aeruginosa strain JYH7 IPC1218_18.1, whole genome shotgun sequence"
"RXCP01000020.1 Pseudomonas aeruginosa strain 3141 IPC1105_20.1, whole genome shotgun sequence"
"RXDC01000012.1 Pseudomonas aeruginosa strain Jp238 IPC754_12.1, whole genome shotgun sequence"
"RXDS01000017.1 Pseudomonas aeruginosa strain AUS727 IPC517_17.1, whole genome shotgun sequence"
"RXDR01000017.1 Pseudomonas aeruginosa strain AUS717 IPC532_17.1, whole genome shotgun sequence"
"RXEB01000002.1 Pseudomonas aeruginosa strain AUS505 IPC445_2.1, whole genome shotgun sequence"
"RXEG01000002.1 Pseudomonas aeruginosa strain AUS177 IPC414_2.1, whole genome shotgun sequence"
"RXEF01000012.1 Pseudomonas aeruginosa strain AUS178 IPC415_12.1, whole genome shotgun sequence"
"RXEN01000009.1 Pseudomonas aeruginosa strain AUS155 IPC394_9.1, whole genome shotgun sequence"
"RXEO01000001.1 Pseudomonas aeruginosa strain AUS153 IPC392_1.1, whole genome shotgun sequence"
"RWKZ01000013.1 Pseudomonas aeruginosa strain 21 IPC1604_13.1, whole genome shotgun sequence"
"RWLE01000013.1 Pseudomonas aeruginosa strain 16 IPC1599_13.1, whole genome shotgun sequence"
"RWMT01000012.1 Pseudomonas aeruginosa strain 9092533235 IPC1499_12.1, whole genome shotgun sequence"
"RWNE01000012.1 Pseudomonas aeruginosa strain 5034388498-21 IPC1486_12.1, whole genome shotgun sequence"
"RWNF01000001.1 Pseudomonas aeruginosa strain 5034388498-20 IPC1485_1.1, whole genome shotgun sequence"
"RWNJ01000021.1 Pseudomonas aeruginosa strain 41004355322 IPC1478_21.1, whole genome shotgun sequence"
"RWNK01000014.1 Pseudomonas aeruginosa strain 5054407658-17 IPC1477_14.1, whole genome shotgun sequence"
"RWNL01000018.1 Pseudomonas aeruginosa strain 5054407658-16 IPC1476_18.1, whole genome shotgun sequence"
"RWNS01000002.1 Pseudomonas aeruginosa strain 6096 IPC1343_2.1, whole genome shotgun sequence"
"RWOB01000002.1 Pseudomonas aeruginosa strain 6087 IPC1334_2.1, whole genome shotgun sequence"
"RWQM01000010.1 Pseudomonas aeruginosa strain 78RV IPC589_10.1, whole genome shotgun sequence"
"RWQP01000006.1 Pseudomonas aeruginosa strain 34JS IPC582_6.1, whole genome shotgun sequence"
"RWQO01000009.1 Pseudomonas aeruginosa strain 57SJ IPC584_9.1, whole genome shotgun sequence"
"RWQS01000010.1 Pseudomonas aeruginosa strain 19SV IPC578_10.1, whole genome shotgun sequence"
"RWQQ01000010.1 Pseudomonas aeruginosa strain 32SB IPC580_10.1, whole genome shotgun sequence"
"RWQN01000009.1 Pseudomonas aeruginosa strain 57RV IPC586_9.1, whole genome shotgun sequence"
"RWQR01000017.1 Pseudomonas aeruginosa strain 32SP IPC579_17.1, whole genome shotgun sequence"
"RWQT01000011.1 Pseudomonas aeruginosa strain 19R IPC577_11.1, whole genome shotgun sequence"
"RWQV01000010.1 Pseudomonas aeruginosa strain 18G IPC574_10.1, whole genome shotgun sequence"
"RWQU01000010.1 Pseudomonas aeruginosa strain 19SJV IPC576_10.1, whole genome shotgun sequence"
"RWRT01000013.1 Pseudomonas aeruginosa strain PAC118A IPC161_13.1, whole genome shotgun sequence"
"RWSK01000013.1 Pseudomonas aeruginosa strain PAC56B IPC143_13.1, whole genome shotgun sequence"
"RWSL01000017.1 Pseudomonas aeruginosa strain PAC56A IPC142_17.1, whole genome shotgun sequence"
"RWSM01000017.1 Pseudomonas aeruginosa strain PAC17A IPC141_17.1, whole genome shotgun sequence"
"RWSN01000012.1 Pseudomonas aeruginosa strain PAC15B IPC140_12.1, whole genome shotgun sequence"
"RWSO01000012.1 Pseudomonas aeruginosa strain PAC15A IPC139_12.1, whole genome shotgun sequence"
"RWSW01000007.1 Pseudomonas aeruginosa strain PAC79B IPC129_7.1, whole genome shotgun sequence"
"RWSX01000001.1 Pseudomonas aeruginosa strain PAC79A IPC128_1.1, whole genome shotgun sequence"
"RWSV01000001.1 Pseudomonas aeruginosa strain PAC106A IPC130_1.1, whole genome shotgun sequence"
"RWSY01000007.1 Pseudomonas aeruginosa strain PAC11A IPC127_7.1, whole genome shotgun sequence"
"RWTD01000010.1 Pseudomonas aeruginosa strain PAC93C IPC122_10.1, whole genome shotgun sequence"
"RWTE01000009.1 Pseudomonas aeruginosa strain PAC93B IPC121_9.1, whole genome shotgun sequence"
"RWTF01000012.1 Pseudomonas aeruginosa strain PAC93A IPC120_12.1, whole genome shotgun sequence"
"RWTG01000004.1 Pseudomonas aeruginosa strain PAC74A IPC119_4.1, whole genome shotgun sequence"
"RWTI01000012.1 Pseudomonas aeruginosa strain PAC6B IPC117_12.1, whole genome shotgun sequence"
"RWTJ01000014.1 Pseudomonas aeruginosa strain PAC6A IPC116_14.1, whole genome shotgun sequence"
"RWTH01000009.1 Pseudomonas aeruginosa strain PAC39A IPC118_9.1, whole genome shotgun sequence"
"RWUI01000001.1 Pseudomonas aeruginosa strain 266S141211BSL_PA1 IPC56_1.1, whole genome shotgun sequence"
"RWVD01000009.1 Pseudomonas aeruginosa strain 66S100212BSL _PA1 IPC32_9.1, whole genome shotgun sequence"
"RWVK01000013.1 Pseudomonas aeruginosa strain 19SJO IPC575_12.1, whole genome shotgun sequence"
"MVGV01000008.1 Pseudomonas aeruginosa strain ATCC BAA-2108 IPC1576_8.1, whole genome shotgun sequence"
"MVGZ01000008.1 Pseudomonas aeruginosa strain ATCC BAA-2112 IPC1580_8.1, whole genome shotgun sequence"
"MCMB01000015.1 Pseudomonas aeruginosa strain 1BAE isolate KK1 IPC1271_15.1, whole genome shotgun sequence"
"MCMH01000020.1 Pseudomonas aeruginosa strain 6D92(H) isolate AMT0023-34 IPC1261_20.1, whole genome shotgun sequence"
"MCMI01000021.1 Pseudomonas aeruginosa strain 6D92(H) isolate AMT0023-30 IPC1260_21.1, whole genome shotgun sequence"
"MCMK01000011.1 Pseudomonas aeruginosa strain EC22 isolate AUS52 IPC1258_11.1, whole genome shotgun sequence"
"MCMW01000013.1 Pseudomonas aeruginosa strain F69A isolate IST27N IPC85_13.1, whole genome shotgun sequence"
"MCMX01000017.1 Pseudomonas aeruginosa strain F69A isolate IST27 IPC84_17.1, whole genome shotgun sequence"
"NSMQ01000021.1 Pseudomonas aeruginosa strain F1-DN-2 IPC1471_21.1, whole genome shotgun sequence"
"NSMU01000011.1 Pseudomonas aeruginosa strain AL363(Israel 14) IPC1352_11.1, whole genome shotgun sequence"
"NSMZ01000015.1 Pseudomonas aeruginosa strain PA-W43 IPC1300_15.1, whole genome shotgun sequence"
"NSOD01000012.1 Pseudomonas aeruginosa strain JYH26 IPC1237_12.1, whole genome shotgun sequence"
"NSOJ01000010.1 Pseudomonas aeruginosa strain JYH12 IPC1223_10.1, whole genome shotgun sequence"
"NSOI01000024.1 Pseudomonas aeruginosa strain JYH14 IPC1225_24.1, whole genome shotgun sequence"
"NSOT01000020.1 Pseudomonas aeruginosa strain CF127 IPC1174_20.1, whole genome shotgun sequence"
"NSOV01000023.1 Pseudomonas aeruginosa strain CF5 IPC1171_23.1, whole genome shotgun sequence"
"NSPK01000012.1 Pseudomonas aeruginosa strain E1(T4189) IPC1138_12.1, whole genome shotgun sequence"
"NSPR01000015.1 Pseudomonas aeruginosa strain LiP14 IPC1086_15.1, whole genome shotgun sequence"
"NSPS01000016.1 Pseudomonas aeruginosa strain LiP13 IPC1085_16.1, whole genome shotgun sequence"
"NSPT01000019.1 Pseudomonas aeruginosa strain LiP12 IPC1084_19.1, whole genome shotgun sequence"
"NSPV01000015.1 Pseudomonas aeruginosa strain LiP10b IPC1082_15.1, whole genome shotgun sequence"
"NSPW01000016.1 Pseudomonas aeruginosa strain LiP10a IPC1081_16.1, whole genome shotgun sequence"
"NSPX01000015.1 Pseudomonas aeruginosa strain LiP9 IPC1080_15.1, whole genome shotgun sequence"
"NSQB01000016.1 Pseudomonas aeruginosa strain LiP5 IPC1076_16.1, whole genome shotgun sequence"
"NSPZ01000021.1 Pseudomonas aeruginosa strain LiP7 IPC1078_21.1, whole genome shotgun sequence"
"NSPY01000016.1 Pseudomonas aeruginosa strain LiP8 IPC1079_16.1, whole genome shotgun sequence"
"NSQE01000019.1 Pseudomonas aeruginosa strain LiP2c IPC1073_19.1, whole genome shotgun sequence"
"NSQA01000001.1 Pseudomonas aeruginosa strain LiP6 IPC1077_1.1, whole genome shotgun sequence"
"NSQF01000016.1 Pseudomonas aeruginosa strain LiP2b IPC1072_16.1, whole genome shotgun sequence"
"NSQD01000020.1 Pseudomonas aeruginosa strain LiP3 IPC1074_20.1, whole genome shotgun sequence"
"NSQG01000017.1 Pseudomonas aeruginosa strain LiP2a IPC1071_17.1, whole genome shotgun sequence"
"NSQJ01000017.1 Pseudomonas aeruginosa strain LiP1a IPC1067_17.1, whole genome shotgun sequence"
"NSQI01000014.1 Pseudomonas aeruginosa strain LiP1c IPC1069_14.1, whole genome shotgun sequence"
"NSQN01000013.1 Pseudomonas aeruginosa strain E2_H133420224 IPC1048_13.1, whole genome shotgun sequence"
"NSQW01000012.1 Pseudomonas aeruginosa strain DUN-015A IPC1027_12.1, whole genome shotgun sequence"
"NSRS01000012.1 Pseudomonas aeruginosa strain U451 IPC976_12.1, whole genome shotgun sequence"
"NSRW01000014.1 Pseudomonas aeruginosa strain U397A IPC954_14.1, whole genome shotgun sequence"
"NSRX01000013.1 Pseudomonas aeruginosa strain U372 IPC948_13.1, whole genome shotgun sequence"
"NSRY01000013.1 Pseudomonas aeruginosa strain U350 IPC946_13.1, whole genome shotgun sequence"
"NSSE01000014.1 Pseudomonas aeruginosa strain U0272B IPC922_14.1, whole genome shotgun sequence"
"NSSR01000018.1 Pseudomonas aeruginosa strain PhDW6 IPC880_18.1, whole genome shotgun sequence"
"NSSX01000003.1 Pseudomonas aeruginosa strain Us411 IPC860_3.1, whole genome shotgun sequence"
"NSSZ01000015.1 Pseudomonas aeruginosa strain Mi159 IPC856_15.1, whole genome shotgun sequence"
"NSTF01000026.1 Pseudomonas aeruginosa strain LiA50_2005 IPC789_26.1, whole genome shotgun sequence"
"NSTJ01000016.1 Pseudomonas aeruginosa strain LiA145_2005 IPC780_16.1, whole genome shotgun sequence"
"NSTN01000022.1 Pseudomonas aeruginosa strain Jp245 IPC756_22.1, whole genome shotgun sequence"
"NSUC01000017.1 Pseudomonas aeruginosa strain CPHL1999 IPC728_17.1, whole genome shotgun sequence"
"NSUP01000018.1 Pseudomonas aeruginosa strain SWPA15J=NSWPA15a IPC699_18.1, whole genome shotgun sequence"
"NSUY01000020.1 Pseudomonas aeruginosa strain A10 IPC689_20.1, whole genome shotgun sequence"
"NSVI01000012.1 Pseudomonas aeruginosa strain PUPa3 IPC595_12.1, whole genome shotgun sequence"
"NSVM01000014.1 Pseudomonas aeruginosa strain AMT0046-1 IPC560_14.1, whole genome shotgun sequence"
"NSVN01000020.1 Pseudomonas aeruginosa strain AMT0026-67 IPC556_20.1, whole genome shotgun sequence"
"NSVU01000015.1 Pseudomonas aeruginosa strain AMT0005-1 IPC539_15.1, whole genome shotgun sequence"
"NSWE01000011.1 Pseudomonas aeruginosa strain AUS422 IPC491_11.1, whole genome shotgun sequence"
"NSWG01000020.1 Pseudomonas aeruginosa strain AUS595 IPC478_20.1, whole genome shotgun sequence"
"NSWI01000018.1 Pseudomonas aeruginosa strain AUS441 IPC476_18.1, whole genome shotgun sequence"
"NSWF01000027.1 Pseudomonas aeruginosa strain AUS457 IPC483_27.1, whole genome shotgun sequence"
"NSWH01000021.1 Pseudomonas aeruginosa strain AUS442 IPC477_21.1, whole genome shotgun sequence"
"NSWK01000021.1 Pseudomonas aeruginosa strain AUS439 IPC474_21.1, whole genome shotgun sequence"
"NSWL01000019.1 Pseudomonas aeruginosa strain AUS436 IPC472_19.1, whole genome shotgun sequence"
"NSWJ01000015.1 Pseudomonas aeruginosa strain AUS440 IPC475_15.1, whole genome shotgun sequence"
"NSWM01000020.1 Pseudomonas aeruginosa strain AUS434 IPC471_20.1, whole genome shotgun sequence"
"NSWN01000019.1 Pseudomonas aeruginosa strain AUS050 IPC470_19.1, whole genome shotgun sequence"
"NSWP01000012.1 Pseudomonas aeruginosa strain AUS675 IPC463_12.1, whole genome shotgun sequence"
"NSWW01000020.1 Pseudomonas aeruginosa strain AUS496 IPC441_20.1, whole genome shotgun sequence"
"NSWV01000001.1 Pseudomonas aeruginosa strain AUS499 IPC442_1.1, whole genome shotgun sequence"
"NSXB01000011.1 Pseudomonas aeruginosa strain AUS430 IPC430_11.1, whole genome shotgun sequence"
"NSXE01000011.1 Pseudomonas aeruginosa strain AUS154 IPC393_11.1, whole genome shotgun sequence"
"NSXK01000001.1 Pseudomonas aeruginosa strain AUS134 IPC375_1.1, whole genome shotgun sequence"
"NSXZ01000011.1 Pseudomonas aeruginosa strain AUS029 IPC336_11.1, whole genome shotgun sequence"
"NSYE01000013.1 Pseudomonas aeruginosa strain AUS355 IPC312_13.1, whole genome shotgun sequence"
"NSYG01000006.1 Pseudomonas aeruginosa strain AUS336 IPC308_6.1, whole genome shotgun sequence"
"NSYH01000066.1 Pseudomonas aeruginosa strain AUS058 IPC306_66.1, whole genome shotgun sequence"
"NSYI01000011.1 Pseudomonas aeruginosa strain AUS327 IPC300_11.1, whole genome shotgun sequence"
"NSYK01000001.1 Pseudomonas aeruginosa strain AUS328 IPC295_1.1, whole genome shotgun sequence"
"NSYY01000020.1 Pseudomonas aeruginosa strain AUS423 IPC264_20.1, whole genome shotgun sequence"
"NSYW01000016.1 Pseudomonas aeruginosa strain AUS083 IPC271_16.1, whole genome shotgun sequence"
"NSZI01000017.1 Pseudomonas aeruginosa strain AUS465 IPC227_17.1, whole genome shotgun sequence"
"NSZL01000002.1 Pseudomonas aeruginosa strain AUS195 IPC215_2.1, whole genome shotgun sequence"
"NSZE01000023.1 Pseudomonas aeruginosa strain AUS502 IPC239_23.1, whole genome shotgun sequence"
"NSZH01000021.1 Pseudomonas aeruginosa strain AUS438 IPC228_21.1, whole genome shotgun sequence"
"NSZP01000023.1 Pseudomonas aeruginosa strain AUS183 IPC201_23.1, whole genome shotgun sequence"
"NTAX01000021.1 Pseudomonas aeruginosa strain PA-W12 IPC7_21.1, whole genome shotgun sequence"
"NSSD01000012.1 Pseudomonas aeruginosa strain U0284 IPC924_12.1, whole genome shotgun sequence"
"RWZL01000003.1 Pseudomonas aeruginosa strain SMC5451 IPC1620_3.1, whole genome shotgun sequence"
"RWZT01000012.1 Pseudomonas aeruginosa strain Zw73_2 IPC1437_12.1, whole genome shotgun sequence"
"RXAI01000012.1 Pseudomonas aeruginosa strain HCF331 IPC1413_12.1, whole genome shotgun sequence"
"RXAE01000020.1 Pseudomonas aeruginosa strain HCF5 IPC1419_20.1, whole genome shotgun sequence"
"RXAH01000025.1 Pseudomonas aeruginosa strain HCF336 IPC1414_25.1, whole genome shotgun sequence"
"RXAY01000010.1 Pseudomonas aeruginosa strain Zw92 IPC1380_10.1, whole genome shotgun sequence"
"RXAQ01000007.1 Pseudomonas aeruginosa strain Zw5 IPC1396_7.1, whole genome shotgun sequence"
"RXAZ01000012.1 Pseudomonas aeruginosa strain PD1 IPC1377_12.1, whole genome shotgun sequence"
"RXBE01000013.1 Pseudomonas aeruginosa strain MCF182 IPC1369_13.1, whole genome shotgun sequence"
"RXBG01000016.1 Pseudomonas aeruginosa strain MCF178 IPC1366_16.1, whole genome shotgun sequence"
"RXBF01000013.1 Pseudomonas aeruginosa strain MCF104 IPC1367_13.1, whole genome shotgun sequence"
"RXBN01000027.1 Pseudomonas aeruginosa strain MCF206 IPC1356_27.1, whole genome shotgun sequence"
"RXBX01000016.1 Pseudomonas aeruginosa strain JYH9 IPC1220_16.1, whole genome shotgun sequence"
"RXCG01000010.1 Pseudomonas aeruginosa strain T4242 IPC1134_10.1, whole genome shotgun sequence"
"RXCL01000013.1 Pseudomonas aeruginosa strain 2810 IPC1111_13.1, whole genome shotgun sequence"
"RXCU01000013.1 Pseudomonas aeruginosa strain W15Aug23 IPC825_13.1, whole genome shotgun sequence"
"RXCR01000015.1 Pseudomonas aeruginosa strain W15Okt31 IPC829_15.1, whole genome shotgun sequence"
"RXDT01000024.1 Pseudomonas aeruginosa strain AUS456 IPC482_24.1, whole genome shotgun sequence"
"RXDV01000018.1 Pseudomonas aeruginosa strain AUS074 IPC479_18.1, whole genome shotgun sequence"
"RXDU01000021.1 Pseudomonas aeruginosa strain AUS455 IPC481_21.1, whole genome shotgun sequence"
"RXEL01000014.1 Pseudomonas aeruginosa strain AUS157 IPC396_14.1, whole genome shotgun sequence"
"RXEH01000013.1 Pseudomonas aeruginosa strain AUS176 IPC413_13.1, whole genome shotgun sequence"
"RXEI01000014.1 Pseudomonas aeruginosa strain AUS175 IPC412_14.1, whole genome shotgun sequence"
"RXEM01000012.1 Pseudomonas aeruginosa strain AUS156 IPC395_12.1, whole genome shotgun sequence"
"RXEW01000019.1 Pseudomonas aeruginosa strain AUS110 IPC357_19.1, whole genome shotgun sequence"
"RXFA01000014.1 Pseudomonas aeruginosa strain AUS277 IPC317_14.1, whole genome shotgun sequence"
"RXFK01000018.1 Pseudomonas aeruginosa strain AUS209 IPC229_18.1, whole genome shotgun sequence"
"RWLB01000009.1 Pseudomonas aeruginosa strain 19 IPC1602_9.1, whole genome shotgun sequence"
"RWLD01000016.1 Pseudomonas aeruginosa strain 17 IPC1600_16.1, whole genome shotgun sequence"
"RWLK01000014.1 Pseudomonas aeruginosa strain 11 IPC1593_14.1, whole genome shotgun sequence"
"RWLM01000022.1 Pseudomonas aeruginosa strain 9 IPC1591_22.1, whole genome shotgun sequence"
"RWLR01000008.1 Pseudomonas aeruginosa strain 4 IPC1586_8.1, whole genome shotgun sequence"
"RWLT01000014.1 Pseudomonas aeruginosa strain 2.1 IPC1584_14.1, whole genome shotgun sequence"
"RWLW01000009.1 Pseudomonas aeruginosa strain 4084336477 IPC1522_9.1, whole genome shotgun sequence"
"RWLX01000014.1 Pseudomonas aeruginosa strain 5014375233 IPC1521_14.1, whole genome shotgun sequence"
"RWLY01000014.1 Pseudomonas aeruginosa strain 4104355315 IPC1520_14.1, whole genome shotgun sequence"
"RWMF01000001.1 Pseudomonas aeruginosa strain 5024382738-25 IPC1513_1.1, whole genome shotgun sequence"
"RWMH01000016.1 Pseudomonas aeruginosa strain 4104355340-13 IPC1511_16.1, whole genome shotgun sequence"
"RWMG01000009.1 Pseudomonas aeruginosa strain 5024382738-26 IPC1512_9.1, whole genome shotgun sequence"
"RWMK01000018.1 Pseudomonas aeruginosa strain 5054408352 IPC1508_18.1, whole genome shotgun sequence"
"RWMI01000022.1 Pseudomonas aeruginosa strain 4104355340-15 IPC1510_22.1, whole genome shotgun sequence"
"RWMJ01000001.1 Pseudomonas aeruginosa strain 110238627 IPC1509_1.1, whole genome shotgun sequence"
"RWMV01000015.1 Pseudomonas aeruginosa strain 4044301968 IPC1496_15.1, whole genome shotgun sequence"
"RWMZ01000018.1 Pseudomonas aeruginosa strain 5034388513 IPC1491_18.1, whole genome shotgun sequence"
"RWNA01000017.1 Pseudomonas aeruginosa strain 5054408350-22 IPC1490_17.1, whole genome shotgun sequence"
"RWNB01000001.1 Pseudomonas aeruginosa strain 5054408350-20 IPC1489_1.1, whole genome shotgun sequence"
"RWNC01000001.1 Pseudomonas aeruginosa strain 5054408350-18 IPC1488_1.1, whole genome shotgun sequence"
"RWND01000012.1 Pseudomonas aeruginosa strain 4064320487 IPC1487_12.1, whole genome shotgun sequence"
"RWNG01000029.1 Pseudomonas aeruginosa strain 4094345258 IPC1481_29.1, whole genome shotgun sequence"
"RWNI01000023.1 Pseudomonas aeruginosa strain 5024379144-14 IPC1479_23.1, whole genome shotgun sequence"
"RWNH01000030.1 Pseudomonas aeruginosa strain 5024379144-15 IPC1480_30.1, whole genome shotgun sequence"
"RWNU01000001.1 Pseudomonas aeruginosa strain 6093 IPC1341_1.1, whole genome shotgun sequence"
"RWOJ01000017.1 Pseudomonas aeruginosa strain 6000.2 IPC1326_17.1, whole genome shotgun sequence"
"RWOH01000015.1 Pseudomonas aeruginosa strain 6001 IPC1328_15.1, whole genome shotgun sequence"
"RWOK01000017.1 Pseudomonas aeruginosa strain 6000.1 IPC1325_17.1, whole genome shotgun sequence"
"RWOT01000018.1 Pseudomonas aeruginosa strain 5993 IPC1316_18.1, whole genome shotgun sequence"
"RWOO01000012.1 Pseudomonas aeruginosa strain 5998 IPC1321_12.1, whole genome shotgun sequence"
"RWOU01000013.1 Pseudomonas aeruginosa strain 5992 IPC1315_13.1, whole genome shotgun sequence"
"RWPL01000017.1 Pseudomonas aeruginosa strain PA-CL532 IPC624_17.1, whole genome shotgun sequence"
"RWPP01000014.1 Pseudomonas aeruginosa strain PA-CL524 IPC620_14.1, whole genome shotgun sequence"
"RWPR01000017.1 Pseudomonas aeruginosa strain PA-CL521b IPC616_17.1, whole genome shotgun sequence"
"RWPU01000010.1 Pseudomonas aeruginosa strain PA-CL519 IPC613_10.1, whole genome shotgun sequence"
"RWPQ01000017.1 Pseudomonas aeruginosa strain PA-CL522b IPC618_17.1, whole genome shotgun sequence"
"RWPS01000019.1 Pseudomonas aeruginosa strain PA-CL521a IPC615_19.1, whole genome shotgun sequence"
"RWPV01000014.1 Pseudomonas aeruginosa strain PA-CL518 IPC612_14.1, whole genome shotgun sequence"
"RWPW01000019.1 Pseudomonas aeruginosa strain PA-CL517 IPC611_19.1, whole genome shotgun sequence"
"RWPX01000021.1 Pseudomonas aeruginosa strain PA-CL516 IPC610_21.1, whole genome shotgun sequence"
"RWPT01000013.1 Pseudomonas aeruginosa strain PA-CL520 IPC614_13.1, whole genome shotgun sequence"
"RWPZ01000017.1 Pseudomonas aeruginosa strain PA-CL514 IPC608_17.1, whole genome shotgun sequence"
"RWPY01000011.1 Pseudomonas aeruginosa strain PA-CL515 IPC609_11.1, whole genome shotgun sequence"
"RWQD01000011.1 Pseudomonas aeruginosa strain PA-CL510 IPC604_11.1, whole genome shotgun sequence"
"RWQC01000014.1 Pseudomonas aeruginosa strain PA-CL511 IPC605_14.1, whole genome shotgun sequence"
"RWQB01000014.1 Pseudomonas aeruginosa strain PA-CL512 IPC606_14.1, whole genome shotgun sequence"
"RWQE01000012.1 Pseudomonas aeruginosa strain PA-CL509 IPC603_12.1, whole genome shotgun sequence"
"RWQW01000015.1 Pseudomonas aeruginosa strain PAC97A IPC184_15.1, whole genome shotgun sequence"
"RWQZ01000017.1 Pseudomonas aeruginosa strain PAC91A IPC181_17.1, whole genome shotgun sequence"
"RWRA01000020.1 Pseudomonas aeruginosa strain PAC81B IPC180_20.1, whole genome shotgun sequence"
"RWRB01000021.1 Pseudomonas aeruginosa strain PAC81A IPC179_21.1, whole genome shotgun sequence"
"RWRJ01000014.1 Pseudomonas aeruginosa strain PAC98D IPC171_14.1, whole genome shotgun sequence"
"RWRM01000010.1 Pseudomonas aeruginosa strain PAC98A IPC168_10.1, whole genome shotgun sequence"
"RWRK01000011.1 Pseudomonas aeruginosa strain PAC98C IPC170_11.1, whole genome shotgun sequence"
"RWRL01000013.1 Pseudomonas aeruginosa strain PAC98B IPC169_13.1, whole genome shotgun sequence"
"RWRN01000014.1 Pseudomonas aeruginosa strain PAC80A IPC167_14.1, whole genome shotgun sequence"
"RWRO01000015.1 Pseudomonas aeruginosa strain PAC70B IPC166_15.1, whole genome shotgun sequence"
"RWRR01000014.1 Pseudomonas aeruginosa strain PAC31B IPC163_14.1, whole genome shotgun sequence"
"RWRP01000014.1 Pseudomonas aeruginosa strain PAC70A IPC165_14.1, whole genome shotgun sequence"
"RWRQ01000015.1 Pseudomonas aeruginosa strain PAC42A IPC164_15.1, whole genome shotgun sequence"
"RWTK01000009.1 Pseudomonas aeruginosa strain PAC61A IPC115_9.1, whole genome shotgun sequence"
"RWTL01000010.1 Pseudomonas aeruginosa strain PAC46A IPC114_10.1, whole genome shotgun sequence"
"RWTM01000001.1 Pseudomonas aeruginosa strain PAC5B IPC113_1.1, whole genome shotgun sequence"
"RWTP01000013.1 Pseudomonas aeruginosa strain 333S200112BSL_PA1 IPC78_13.1, whole genome shotgun sequence"
"RWTR01000010.1 Pseudomonas aeruginosa strain 326S290611BSL_PA2 IPC76_10.1, whole genome shotgun sequence"
"RWTS01000013.1 Pseudomonas aeruginosa strain 326S290611BSL_PA1 IPC75_13.1, whole genome shotgun sequence"
"RWTQ01000019.1 Pseudomonas aeruginosa strain 326S290611BSL_PA3 IPC77_19.1, whole genome shotgun sequence"
"RWTU01000022.1 Pseudomonas aeruginosa strain 320S290711BSL_PA1 IPC73_22.1, whole genome shotgun sequence"
"RWTT01000023.1 Pseudomonas aeruginosa strain 320S290711BSL_PA2 IPC74_23.1, whole genome shotgun sequence"
"RWTX01000001.1 Pseudomonas aeruginosa strain 313s141011BSL_PA1 IPC70_1.1, whole genome shotgun sequence"
"RWVG01000013.1 Pseudomonas aeruginosa strain 37s051011BSL_PA1 IPC29_13.1, whole genome shotgun sequence"
"RWVJ01000021.1 Pseudomonas aeruginosa strain 4094345290 IPC1482_20.1, whole genome shotgun sequence"
"RWRS01000012.1 Pseudomonas aeruginosa strain PAC31A IPC162_12.1, whole genome shotgun sequence"
"MVGY01000019.1 Pseudomonas aeruginosa strain ATCC BAA-2111 IPC1579_19.1, whole genome shotgun sequence"
"MCLY01000020.1 Pseudomonas aeruginosa strain 2C22 isolate 57P31PA IPC1274_20.1, whole genome shotgun sequence"
"MCMD01000032.1 Pseudomonas aeruginosa strain 239A isolate 13121-1 IPC1269_32.1, whole genome shotgun sequence"
"MCML01000010.1 Pseudomonas aeruginosa strain E82A isolate AES-1R IPC1257_10.1, whole genome shotgun sequence"
"MCMP01000018.1 Pseudomonas aeruginosa strain 2A42 isolate U018A IPC94_18.1, whole genome shotgun sequence"
"NSMS01000027.1 Pseudomonas aeruginosa strain E1-WATER-2 IPC1469_27.1, whole genome shotgun sequence"
"NSNA01000020.1 Pseudomonas aeruginosa strain PA-W42 IPC1299_20.1, whole genome shotgun sequence"
"NSNE01000017.1 Pseudomonas aeruginosa strain PA-W36 IPC1295_17.1, whole genome shotgun sequence"
"NSNH01000020.1 Pseudomonas aeruginosa strain PA-W31 IPC1292_20.1, whole genome shotgun sequence"
"NSNL01000024.1 Pseudomonas aeruginosa strain PA-W23 IPC1288_24.1, whole genome shotgun sequence"
"NSNN01000011.1 Pseudomonas aeruginosa strain PA-W16 IPC1286_11.1, whole genome shotgun sequence"
"NSNQ01000009.1 Pseudomonas aeruginosa strain PA-W5 IPC1283_9.1, whole genome shotgun sequence"
"NSNS01000010.1 Pseudomonas aeruginosa strain PA-W3 IPC1281_10.1, whole genome shotgun sequence"
"NSOP01000002.1 Pseudomonas aeruginosa strain X24509 IPC1184_2.1, whole genome shotgun sequence"
"NSOU01000010.1 Pseudomonas aeruginosa strain CF27 IPC1173_10.1, whole genome shotgun sequence"
"NSPO01000022.1 Pseudomonas aeruginosa strain A1(A2448) IPC1122_22.1, whole genome shotgun sequence"
"NSQO01000016.1 Pseudomonas aeruginosa strain D1 IPC1045_16.1, whole genome shotgun sequence"
"NSQP01000009.1 Pseudomonas aeruginosa strain C3 IPC1043_9.1, whole genome shotgun sequence"
"NSQU01000007.1 Pseudomonas aeruginosa strain 020MIC IPC1033_7.1, whole genome shotgun sequence"
"NSQY01000014.1 Pseudomonas aeruginosa strain DUN-013 IPC1018_14.1, whole genome shotgun sequence"
"NSRA01000010.1 Pseudomonas aeruginosa strain DUN-009B IPC1014_10.1, whole genome shotgun sequence"
"NSRC01000010.1 Pseudomonas aeruginosa strain DUN-007-2 IPC1006_10.1, whole genome shotgun sequence"
"NSRG01000021.1 Pseudomonas aeruginosa strain DUN-002C IPC991_21.1, whole genome shotgun sequence"
"NSRR01000014.1 Pseudomonas aeruginosa strain U454A IPC977_14.1, whole genome shotgun sequence"
"NSSA01000012.1 Pseudomonas aeruginosa strain U0310A IPC935_12.1, whole genome shotgun sequence"
"NSRZ01000008.1 Pseudomonas aeruginosa strain U0330A IPC940_8.1, whole genome shotgun sequence"
"NSSB01000021.1 Pseudomonas aeruginosa strain U0306 IPC934_21.1, whole genome shotgun sequence"
"NSSQ01000003.1 Pseudomonas aeruginosa strain PT31M IPC881_3.1, whole genome shotgun sequence"
"NSSY01000009.1 Pseudomonas aeruginosa strain Aa249 IPC858_9.1, whole genome shotgun sequence"
"NSTG01000010.1 Pseudomonas aeruginosa strain LiA18_2003 IPC786_10.1, whole genome shotgun sequence"
"NSUA01000010.1 Pseudomonas aeruginosa strain CPHL5083 IPC730_10.1, whole genome shotgun sequence"
"NSUG01000012.1 Pseudomonas aeruginosa strain IC1 IPC720_12.1, whole genome shotgun sequence"
"NSUI01000005.1 Pseudomonas aeruginosa strain C3128 IPC715_5.1, whole genome shotgun sequence"
"NSUR01000020.1 Pseudomonas aeruginosa strain A237 IPC696_20.1, whole genome shotgun sequence"
"NSUU01000006.1 Pseudomonas aeruginosa strain A17 IPC693_6.1, whole genome shotgun sequence"
"NSVC01000015.1 Pseudomonas aeruginosa strain Co399645 IPC665_15.1, whole genome shotgun sequence"
"NSVJ01000001.1 Pseudomonas aeruginosa strain Rsan-ver IPC593_1.1, whole genome shotgun sequence"
"NSVP01000010.1 Pseudomonas aeruginosa strain AMT0020-1 IPC550_10.1, whole genome shotgun sequence"
"NSVX01000018.1 Pseudomonas aeruginosa strain AUS149 IPC509_18.1, whole genome shotgun sequence"
"NSWB01000010.1 Pseudomonas aeruginosa strain AUS345 IPC496_10.1, whole genome shotgun sequence"
"NSWC01000010.1 Pseudomonas aeruginosa strain AUS344 IPC495_10.1, whole genome shotgun sequence"
"NSWD01000009.1 Pseudomonas aeruginosa strain AUS021 IPC494_9.1, whole genome shotgun sequence"
"NSWQ01000018.1 Pseudomonas aeruginosa strain AUS674 IPC462_18.1, whole genome shotgun sequence"
"NSWS01000019.1 Pseudomonas aeruginosa strain AUS263 IPC453_19.1, whole genome shotgun sequence"
"NSXC01000011.1 Pseudomonas aeruginosa strain AUS392 IPC426_11.1, whole genome shotgun sequence"
"NSXH01000018.1 Pseudomonas aeruginosa strain AUS506 IPC389_18.1, whole genome shotgun sequence"
"NSXJ01000018.1 Pseudomonas aeruginosa strain AUS138 IPC379_18.1, whole genome shotgun sequence"
"NSXO01000024.1 Pseudomonas aeruginosa strain AUS111 IPC358_24.1, whole genome shotgun sequence"
"NSXR01000010.1 Pseudomonas aeruginosa strain AUS503 IPC353_10.1, whole genome shotgun sequence"
"NSXW01000020.1 Pseudomonas aeruginosa strain AUS066 IPC345_20.1, whole genome shotgun sequence"
"NSXU01000016.1 Pseudomonas aeruginosa strain AUS077 IPC347_16.1, whole genome shotgun sequence"
"NSXT01000011.1 Pseudomonas aeruginosa strain AUS089 IPC349_11.1, whole genome shotgun sequence"
"NSXV01000017.1 Pseudomonas aeruginosa strain AUS073 IPC346_17.1, whole genome shotgun sequence"
"NSYA01000012.1 Pseudomonas aeruginosa strain AUS026 IPC334_12.1, whole genome shotgun sequence"
"NSYB01000017.1 Pseudomonas aeruginosa strain AUS304 IPC327_17.1, whole genome shotgun sequence"
"NSYD01000013.1 Pseudomonas aeruginosa strain AUS389 IPC321_13.1, whole genome shotgun sequence"
"NSYR01000016.1 Pseudomonas aeruginosa strain AUS301 IPC279_16.1, whole genome shotgun sequence"
"NSYS01000022.1 Pseudomonas aeruginosa strain AUS476 IPC277_22.1, whole genome shotgun sequence"
"NSYU01000007.1 Pseudomonas aeruginosa strain AUS343 IPC274_7.1, whole genome shotgun sequence"
"NSZB01000009.1 Pseudomonas aeruginosa strain AUS229 IPC255_9.1, whole genome shotgun sequence"
"NSZG01000011.1 Pseudomonas aeruginosa strain AUS210 IPC231_11.1, whole genome shotgun sequence"
"NSZF01000012.1 Pseudomonas aeruginosa strain AUS213 IPC234_12.1, whole genome shotgun sequence"
"NSZJ01000010.1 Pseudomonas aeruginosa strain AUS207 IPC226_10.1, whole genome shotgun sequence"
"NSZK01000022.1 Pseudomonas aeruginosa strain AUS205 IPC224_22.1, whole genome shotgun sequence"
"NSZO01000013.1 Pseudomonas aeruginosa strain AUS185 IPC203_13.1, whole genome shotgun sequence"
"NTAB01000024.1 Pseudomonas aeruginosa strain 982 IPC99_24.1, whole genome shotgun sequence"
"NTAM01000012.1 Pseudomonas aeruginosa strain PA-W30 IPC18_12.1, whole genome shotgun sequence"
"NTAS01000010.1 Pseudomonas aeruginosa strain PA-W19 IPC12_10.1, whole genome shotgun sequence"
"NTAT01000009.1 Pseudomonas aeruginosa strain PA-W18 IPC11_9.1, whole genome shotgun sequence"
"NTBD01000022.1 Pseudomonas aeruginosa strain PA-W2 IPC1_22.1, whole genome shotgun sequence"
"RWZH01000016.1 Pseudomonas aeruginosa strain 43CFBRPA IPC1624_16.1, whole genome shotgun sequence"
"RWZK01000018.1 Pseudomonas aeruginosa strain 20CFBRPA IPC1621_18.1, whole genome shotgun sequence"
"RWZN01000014.1 Pseudomonas aeruginosa strain SMC1596 IPC1618_14.1, whole genome shotgun sequence"
"RWZV01000011.1 Pseudomonas aeruginosa strain OY15 IPC1434_11.1, whole genome shotgun sequence"
"RWZP01000020.1 Pseudomonas aeruginosa strain SMC1587 IPC1616_20.1, whole genome shotgun sequence"
"RWZU01000014.1 Pseudomonas aeruginosa strain Zw64_2 IPC1436_14.1, whole genome shotgun sequence"
"RXAC01000011.1 Pseudomonas aeruginosa strain HCF73 IPC1422_11.1, whole genome shotgun sequence"
"RXAJ01000010.1 Pseudomonas aeruginosa strain HCF238 IPC1412_10.1, whole genome shotgun sequence"
"RXAM01000018.1 Pseudomonas aeruginosa strain HCF55 IPC1407_18.1, whole genome shotgun sequence"
"RXAK01000012.1 Pseudomonas aeruginosa strain HCF100 IPC1409_12.1, whole genome shotgun sequence"
"RXAO01000019.1 Pseudomonas aeruginosa strain HCF19 IPC1401_19.1, whole genome shotgun sequence"
"RXAV01000008.1 Pseudomonas aeruginosa strain Zw64 IPC1384_8.1, whole genome shotgun sequence"
"RXBC01000008.1 Pseudomonas aeruginosa strain HJ2 IPC1374_8.1, whole genome shotgun sequence"
"RXBI01000011.1 Pseudomonas aeruginosa strain MCF134 IPC1364_11.1, whole genome shotgun sequence"
"RXBL01000015.1 Pseudomonas aeruginosa strain MCF879 IPC1361_15.1, whole genome shotgun sequence"
"RXBR01000014.1 Pseudomonas aeruginosa strain JYH21 IPC1232_14.1, whole genome shotgun sequence"
"RXBU01000009.1 Pseudomonas aeruginosa strain JYH15 IPC1226_9.1, whole genome shotgun sequence"
"RXCA01000008.1 Pseudomonas aeruginosa strain MSH3 IPC1178_8.1, whole genome shotgun sequence"
"RXBZ01000009.1 Pseudomonas aeruginosa strain MSH10 IPC1179_9.1, whole genome shotgun sequence"
"RXCQ01000008.1 Pseudomonas aeruginosa strain W5Aug28 IPC831_8.1, whole genome shotgun sequence"
"RXDB01000010.1 Pseudomonas aeruginosa strain Jp241 IPC755_10.1, whole genome shotgun sequence"
"RXDF01000011.1 Pseudomonas aeruginosa strain AMT0047-2 IPC566_11.1, whole genome shotgun sequence"
"RXDX01000001.1 Pseudomonas aeruginosa strain AUS526 IPC450_1.1, whole genome shotgun sequence"
"RXEE01000010.1 Pseudomonas aeruginosa strain AUS464 IPC432_10.1, whole genome shotgun sequence"
"RXEK01000011.1 Pseudomonas aeruginosa strain AUS158 IPC397_11.1, whole genome shotgun sequence"
"RXEP01000011.1 Pseudomonas aeruginosa strain AUS141 IPC382_11.1, whole genome shotgun sequence"
"RXEQ01000020.1 Pseudomonas aeruginosa strain AUS311 IPC381_20.1, whole genome shotgun sequence"
"RXER01000022.1 Pseudomonas aeruginosa strain AUS139 IPC380_22.1, whole genome shotgun sequence"
"RXEV01000013.1 Pseudomonas aeruginosa strain AUS122 IPC367_13.1, whole genome shotgun sequence"
"RXEX01000009.1 Pseudomonas aeruginosa strain AUS523 IPC331_9.1, whole genome shotgun sequence"
"RXFG01000016.1 Pseudomonas aeruginosa strain AUS222 IPC247_16.1, whole genome shotgun sequence"
"RXFJ01000018.1 Pseudomonas aeruginosa strain AUS214 IPC236_18.1, whole genome shotgun sequence"
"RWKY01000012.1 Pseudomonas aeruginosa strain 22.1 IPC1605_12.1, whole genome shotgun sequence"
"RWKX01000030.1 Pseudomonas aeruginosa strain 22.2 IPC1606_30.1, whole genome shotgun sequence"
"RWLC01000021.1 Pseudomonas aeruginosa strain 18 IPC1601_21.1, whole genome shotgun sequence"
"RWLF01000015.1 Pseudomonas aeruginosa strain 15 IPC1598_15.1, whole genome shotgun sequence"
"RWLL01000019.1 Pseudomonas aeruginosa strain 10 IPC1592_19.1, whole genome shotgun sequence"
"RWLQ01000003.1 Pseudomonas aeruginosa strain 5 IPC1587_3.1, whole genome shotgun sequence"
"RWLS01000017.1 Pseudomonas aeruginosa strain 3 IPC1585_17.1, whole genome shotgun sequence"
"RWLO01000009.1 Pseudomonas aeruginosa strain 7 IPC1589_9.1, whole genome shotgun sequence"
"RWLV01000023.1 Pseudomonas aeruginosa strain 3052425557 IPC1523_23.1, whole genome shotgun sequence"
"RWMB01000007.1 Pseudomonas aeruginosa strain 3020837212 IPC1517_7.1, whole genome shotgun sequence"
"RWME01000002.1 Pseudomonas aeruginosa strain 5023272159 IPC1514_2.1, whole genome shotgun sequence"
"RWMO01000010.1 Pseudomonas aeruginosa strain 2042723558 IPC1504_10.1, whole genome shotgun sequence"
"RWMP01000008.1 Pseudomonas aeruginosa strain 1042828174-21 IPC1503_8.1, whole genome shotgun sequence"
"RWMR01000005.1 Pseudomonas aeruginosa strain 4124363474-14 IPC1501_5.1, whole genome shotgun sequence"
"RWMS01000003.1 Pseudomonas aeruginosa strain 4124363474-15 IPC1500_3.1, whole genome shotgun sequence"
"RWMY01000023.1 Pseudomonas aeruginosa strain 3052425557 IPC1492_23.1, whole genome shotgun sequence"
"RWNP01000013.1 Pseudomonas aeruginosa strain 6098 IPC1347_13.1, whole genome shotgun sequence"
"RWNO01000012.1 Pseudomonas aeruginosa strain 6099 IPC1348_12.1, whole genome shotgun sequence"
"RWNQ01000019.1 Pseudomonas aeruginosa strain 6097.3 IPC1346_19.1, whole genome shotgun sequence"
"RWNR01000019.1 Pseudomonas aeruginosa strain 6097.1 IPC1345_19.1, whole genome shotgun sequence"
"RWNT01000023.1 Pseudomonas aeruginosa strain 6095 IPC1342_23.1, whole genome shotgun sequence"
"RWNY01000008.1 Pseudomonas aeruginosa strain 6090 IPC1337_8.1, whole genome shotgun sequence"
"RWOC01000011.1 Pseudomonas aeruginosa strain 6086.2 IPC1333_11.1, whole genome shotgun sequence"
"RWOF01000014.1 Pseudomonas aeruginosa strain 6004 IPC1330_14.1, whole genome shotgun sequence"
"RWOG01000011.1 Pseudomonas aeruginosa strain 6003 IPC1329_11.1, whole genome shotgun sequence"
"RWOI01000020.1 Pseudomonas aeruginosa strain 6000.3 IPC1327_20.1, whole genome shotgun sequence"
"RWOE01000023.1 Pseudomonas aeruginosa strain 6085 IPC1331_23.1, whole genome shotgun sequence"
"RWOM01000014.1 Pseudomonas aeruginosa strain 5999.2 IPC1323_14.1, whole genome shotgun sequence"
"RWOL01000022.1 Pseudomonas aeruginosa strain 5999.3 IPC1324_22.1, whole genome shotgun sequence"
"RWOP01000012.1 Pseudomonas aeruginosa strain 5997 IPC1320_12.1, whole genome shotgun sequence"
"RWON01000015.1 Pseudomonas aeruginosa strain 5999.1 IPC1322_15.1, whole genome shotgun sequence"
"RWOQ01000022.1 Pseudomonas aeruginosa strain 5996 IPC1319_22.1, whole genome shotgun sequence"
"RWOR01000010.1 Pseudomonas aeruginosa strain 5995 IPC1318_10.1, whole genome shotgun sequence"
"RWOS01000004.1 Pseudomonas aeruginosa strain 5994 IPC1317_4.1, whole genome shotgun sequence"
"RWOX01000011.1 Pseudomonas aeruginosa strain 5990.2 IPC1312_11.1, whole genome shotgun sequence"
"RWOY01000010.1 Pseudomonas aeruginosa strain 5990.1 IPC1311_10.1, whole genome shotgun sequence"
"RWOV01000004.1 Pseudomonas aeruginosa strain 5991 IPC1314_4.1, whole genome shotgun sequence"
"RWPD01000012.1 Pseudomonas aeruginosa strain 5985 IPC1306_12.1, whole genome shotgun sequence"
"RWPE01000011.1 Pseudomonas aeruginosa strain PA-CL549 IPC634_11.1, whole genome shotgun sequence"
"RWPF01000015.1 Pseudomonas aeruginosa strain PA-CL547b IPC633_15.1, whole genome shotgun sequence"
"RWPG01000002.1 Pseudomonas aeruginosa strain PA-CL545b IPC632_2.1, whole genome shotgun sequence"
"RWPH01000011.1 Pseudomonas aeruginosa strain PA-CL542b IPC630_11.1, whole genome shotgun sequence"
"RWPK01000010.1 Pseudomonas aeruginosa strain PA-CL534a IPC625_10.1, whole genome shotgun sequence"
"RWPI01000014.1 Pseudomonas aeruginosa strain PA-CL542a IPC629_14.1, whole genome shotgun sequence"
"RWPM01000009.1 Pseudomonas aeruginosa strain PA-CL529 IPC623_9.1, whole genome shotgun sequence"
"RWPN01000011.1 Pseudomonas aeruginosa strain PA-CL528 IPC622_11.1, whole genome shotgun sequence"
"RWPO01000017.1 Pseudomonas aeruginosa strain PA-CL527 IPC621_17.1, whole genome shotgun sequence"
"RWQG01000001.1 Pseudomonas aeruginosa strain PA-CL507 IPC601_1.1, whole genome shotgun sequence"
"RWQF01000001.1 Pseudomonas aeruginosa strain PA-CL508 IPC602_1.1, whole genome shotgun sequence"
"RWQH01000012.1 Pseudomonas aeruginosa strain PA-CL506b IPC600_12.1, whole genome shotgun sequence"
"RWQJ01000001.1 Pseudomonas aeruginosa strain PA-CL504 IPC598_1.1, whole genome shotgun sequence"
"RWQL01000011.1 Pseudomonas aeruginosa strain PA-CL501 IPC596_11.1, whole genome shotgun sequence"
"RWQI01000001.1 Pseudomonas aeruginosa strain PA-CL505 IPC599_1.1, whole genome shotgun sequence"
"RWQK01000003.1 Pseudomonas aeruginosa strain PA-CL502 IPC597_3.1, whole genome shotgun sequence"
"RWRC01000011.1 Pseudomonas aeruginosa strain PAC112A IPC178_11.1, whole genome shotgun sequence"
"RWRE01000018.1 Pseudomonas aeruginosa strain PAC60A IPC176_18.1, whole genome shotgun sequence"
"RWRH01000017.1 Pseudomonas aeruginosa strain PAC38B IPC173_17.1, whole genome shotgun sequence"
"RWRF01000016.1 Pseudomonas aeruginosa strain PAC127B IPC175_16.1, whole genome shotgun sequence"
"RWRG01000013.1 Pseudomonas aeruginosa strain PAC127A IPC174_13.1, whole genome shotgun sequence"
"RWRI01000015.1 Pseudomonas aeruginosa strain PAC38A IPC172_15.1, whole genome shotgun sequence"
"RWRU01000012.1 Pseudomonas aeruginosa strain PAC115A IPC159_12.1, whole genome shotgun sequence"
"RWRV01000010.1 Pseudomonas aeruginosa strain PAC108A IPC158_10.1, whole genome shotgun sequence"
"RWRX01000012.1 Pseudomonas aeruginosa strain PAC44C IPC156_12.1, whole genome shotgun sequence"
"RWRW01000001.1 Pseudomonas aeruginosa strain PAC44D IPC157_1.1, whole genome shotgun sequence"
"RWSC01000017.1 Pseudomonas aeruginosa strain PAC84A IPC151_17.1, whole genome shotgun sequence"
"RWSA01000003.1 Pseudomonas aeruginosa strain PAC23A IPC153_3.1, whole genome shotgun sequence"
"RWSD01000016.1 Pseudomonas aeruginosa strain PAC22A IPC150_16.1, whole genome shotgun sequence"
"RWSP01000010.1 Pseudomonas aeruginosa strain PAC14B IPC137_10.1, whole genome shotgun sequence"
"RWSQ01000018.1 Pseudomonas aeruginosa strain PAC117B IPC135_18.1, whole genome shotgun sequence"
"RWSS01000020.1 Pseudomonas aeruginosa strain PAC13C IPC133_20.1, whole genome shotgun sequence"
"RWST01000022.1 Pseudomonas aeruginosa strain PAC13B IPC132_22.1, whole genome shotgun sequence"
"RWSR01000011.1 Pseudomonas aeruginosa strain PAC117A IPC134_11.1, whole genome shotgun sequence"
"RWSU01000021.1 Pseudomonas aeruginosa strain PAC13A IPC131_21.1, whole genome shotgun sequence"
"RWSZ01000004.1 Pseudomonas aeruginosa strain PAC107A IPC126_4.1, whole genome shotgun sequence"
"RWTB01000009.1 Pseudomonas aeruginosa strain PAC10A IPC124_9.1, whole genome shotgun sequence"
"RWTA01000005.1 Pseudomonas aeruginosa strain PAC10B IPC125_5.1, whole genome shotgun sequence"
"RWTC01000013.1 Pseudomonas aeruginosa strain PAC9A IPC123_13.1, whole genome shotgun sequence"
"RWTN01000011.1 Pseudomonas aeruginosa strain PAC5A IPC112_11.1, whole genome shotgun sequence"
"RWTV01000010.1 Pseudomonas aeruginosa strain 318S170811BSL_PA2 IPC72_10.1, whole genome shotgun sequence"
"RWTW01000021.1 Pseudomonas aeruginosa strain 318S170811BSL_PA1 IPC71_21.1, whole genome shotgun sequence"
"RWTY01000020.1 Pseudomonas aeruginosa strain 298S020611BSL_PA1 IPC68_20.1, whole genome shotgun sequence"
"RWTZ01000007.1 Pseudomonas aeruginosa strain 295s071211BSL_PA2 IPC67_7.1, whole genome shotgun sequence"
"RWUE01000009.1 Pseudomonas aeruginosa strain 278S180511BSL_PA2 IPC60_9.1, whole genome shotgun sequence"
"RWUF01000002.1 Pseudomonas aeruginosa strain 278S180511BSL_PA1 IPC59_2.1, whole genome shotgun sequence"
"RWUJ01000003.1 Pseudomonas aeruginosa strain 259S240811BSL_PA2 IPC55_3.1, whole genome shotgun sequence"
"RWUK01000003.1 Pseudomonas aeruginosa strain 259S240811BSL_PA1 IPC54_3.1, whole genome shotgun sequence"
"RWUW01000001.1 Pseudomonas aeruginosa strain 145S200511BSL_PA2 IPC40_1.1, whole genome shotgun sequence"
"RWVC01000003.1 Pseudomonas aeruginosa strain 128S180412BSL_PA2 IPC33_3.1, whole genome shotgun sequence"
"RWVI01000013.1 Pseudomonas aeruginosa strain 2S030611BSL_PA1 IPC26_13.1, whole genome shotgun sequence"
"RWPJ01000012.1 Pseudomonas aeruginosa strain PA-CL534x IPC627_12.1, whole genome shotgun sequence"
"RWRY01000003.1 Pseudomonas aeruginosa strain PAC44B IPC155_3.1, whole genome shotgun sequence"
"RWRZ01000013.1 Pseudomonas aeruginosa strain PAC44A IPC154_13.1, whole genome shotgun sequence"
"NSNB01000015.1 Pseudomonas aeruginosa strain PA-W39 IPC1298_15.1, whole genome shotgun sequence"
"RXBB01000013.1 Pseudomonas aeruginosa strain H2 IPC1375_13.1, whole genome shotgun sequence"
"MVGX01000011.1 Pseudomonas aeruginosa strain ATCC BAA-2110 IPC1578_11.1, whole genome shotgun sequence"
"MVHB01000011.1 Pseudomonas aeruginosa strain ATCC BAA-2114 IPC1582_11.1, whole genome shotgun sequence"
"MCMS01000010.1 Pseudomonas aeruginosa strain 3C1A isolate Jpn1563 IPC91_10.1, whole genome shotgun sequence"
"MCMU01000021.1 Pseudomonas aeruginosa strain 0C4A isolate 679 IPC87_21.1, whole genome shotgun sequence"
"NSMT01000015.1 Pseudomonas aeruginosa strain AL561 IPC1353_15.1, whole genome shotgun sequence"
"NSND01000016.1 Pseudomonas aeruginosa strain PA-W37 IPC1296_16.1, whole genome shotgun sequence"
"NSNF01000020.1 Pseudomonas aeruginosa strain PA-W33 IPC1294_20.1, whole genome shotgun sequence"
"NSNI01000011.1 Pseudomonas aeruginosa strain PA-W29 IPC1291_11.1, whole genome shotgun sequence"
"NSNO01000022.1 Pseudomonas aeruginosa strain PA-W14 IPC1285_22.1, whole genome shotgun sequence"
"NSNW01000012.1 Pseudomonas aeruginosa strain 36BR IPC1246_12.1, whole genome shotgun sequence"
"NSOB01000013.1 Pseudomonas aeruginosa strain 175BR IPC1241_13.1, whole genome shotgun sequence"
"NSNX01000012.1 Pseudomonas aeruginosa strain 21BR IPC1245_12.1, whole genome shotgun sequence"
"NSNY01000014.1 Pseudomonas aeruginosa strain 172BR IPC1244_14.1, whole genome shotgun sequence"
"NSNZ01000008.1 Pseudomonas aeruginosa strain 205BR IPC1243_8.1, whole genome shotgun sequence"
"NSOA01000014.1 Pseudomonas aeruginosa strain 211BR IPC1242_14.1, whole genome shotgun sequence"
"NSOH01000014.1 Pseudomonas aeruginosa strain JYH16 IPC1227_14.1, whole genome shotgun sequence"
"NSOK01000021.1 Pseudomonas aeruginosa strain JYH10 IPC1221_21.1, whole genome shotgun sequence"
"NSOW01000014.1 Pseudomonas aeruginosa E2 IPC1165_14.1, whole genome shotgun sequence"
"NSRB01000009.1 Pseudomonas aeruginosa strain DUN-008 IPC1008_9.1, whole genome shotgun sequence"
"NSRF01000016.1 Pseudomonas aeruginosa strain DUN-003B IPC995_16.1, whole genome shotgun sequence"
"NSRT01000020.1 Pseudomonas aeruginosa strain U435 IPC971_20.1, whole genome shotgun sequence"
"NSTB01000023.1 Pseudomonas aeruginosa strain W5Aug16 IPC830_23.1, whole genome shotgun sequence"
"NSTZ01000004.1 Pseudomonas aeruginosa strain CPHL6749 IPC731_4.1, whole genome shotgun sequence"
"NSUJ01000033.1 Pseudomonas aeruginosa strain 5BR2 IPC713_33.1, whole genome shotgun sequence"
"NSUT01000017.1 Pseudomonas aeruginosa strain A19 IPC694_17.1, whole genome shotgun sequence"
"NSVR01000011.1 Pseudomonas aeruginosa strain AMT0006-66 IPC547_11.1, whole genome shotgun sequence"
"NSVT01000012.1 Pseudomonas aeruginosa strain AMT0005-138 IPC543_12.1, whole genome shotgun sequence"
"NSVS01000012.1 Pseudomonas aeruginosa strain AMT0006-1 IPC544_12.1, whole genome shotgun sequence"
"NSWA01000012.1 Pseudomonas aeruginosa strain AUS305 IPC506_12.1, whole genome shotgun sequence"
"NSVY01000013.1 Pseudomonas aeruginosa strain AUS309 IPC508_13.1, whole genome shotgun sequence"
"NSVZ01000012.1 Pseudomonas aeruginosa strain AUS307 IPC507_12.1, whole genome shotgun sequence"
"NSWR01000007.1 Pseudomonas aeruginosa strain AUS631 IPC460_7.1, whole genome shotgun sequence"
"NSWX01000011.1 Pseudomonas aeruginosa strain AUS491 IPC440_11.1, whole genome shotgun sequence"
"NSXD01000011.1 Pseudomonas aeruginosa strain AUS165 IPC404_11.1, whole genome shotgun sequence"
"NSXG01000023.1 Pseudomonas aeruginosa strain AUS150 IPC390_23.1, whole genome shotgun sequence"
"NSXI01000020.1 Pseudomonas aeruginosa strain AUS148 IPC388_20.1, whole genome shotgun sequence"
"NSXM01000011.1 Pseudomonas aeruginosa strain AUS120 IPC365_11.1, whole genome shotgun sequence"
"NSXL01000015.1 Pseudomonas aeruginosa strain AUS124 IPC368_15.1, whole genome shotgun sequence"
"NSXQ01000013.1 Pseudomonas aeruginosa strain AUS105 IPC354_13.1, whole genome shotgun sequence"
"NSYJ01000011.1 Pseudomonas aeruginosa strain AUS504 IPC297_11.1, whole genome shotgun sequence"
"NSYL01000011.1 Pseudomonas aeruginosa strain AUS306 IPC294_11.1, whole genome shotgun sequence"
"NSYM01000011.1 Pseudomonas aeruginosa strain AUS339 IPC292_11.1, whole genome shotgun sequence"
"NSYT01000022.1 Pseudomonas aeruginosa strain AUS407 IPC276_22.1, whole genome shotgun sequence"
"NSYQ01000001.1 Pseudomonas aeruginosa strain AUS460 IPC280_1.1, whole genome shotgun sequence"
"NSYX01000012.1 Pseudomonas aeruginosa strain AUS462 IPC266_12.1, whole genome shotgun sequence"
"NSYZ01000012.1 Pseudomonas aeruginosa strain AUS275 IPC260_12.1, whole genome shotgun sequence"
"NSZZ01000011.1 Pseudomonas aeruginosa strain 994 IPC101_11.1, whole genome shotgun sequence"
"NSZY01000020.1 Pseudomonas aeruginosa strain 886-1 IPC102_20.1, whole genome shotgun sequence"
"NTAA01000012.1 Pseudomonas aeruginosa strain 1090 IPC100_12.1, whole genome shotgun sequence"
"NTAY01000012.1 Pseudomonas aeruginosa strain PA-W11 IPC6_12.1, whole genome shotgun sequence"
"NTBC01000013.1 Pseudomonas aeruginosa strain PA-W6 IPC2_13.1, whole genome shotgun sequence"
"RWZJ01000001.1 Pseudomonas aeruginosa strain 32CFBRPA IPC1622_1.1, whole genome shotgun sequence"
"RWZO01000009.1 Pseudomonas aeruginosa strain SMC1595 IPC1617_9.1, whole genome shotgun sequence"
"RXAG01000027.1 Pseudomonas aeruginosa strain HCF367 IPC1415_27.1, whole genome shotgun sequence"
"RXAB01000013.1 Pseudomonas aeruginosa strain BJ4 IPC1423_13.1, whole genome shotgun sequence"
"RXBA01000015.1 Pseudomonas aeruginosa strain SS1 IPC1376_15.1, whole genome shotgun sequence"
"RXBK01000011.1 Pseudomonas aeruginosa strain MCF922 IPC1362_11.1, whole genome shotgun sequence"
"RXCD01000013.1 Pseudomonas aeruginosa strain T3044 IPC1146_13.1, whole genome shotgun sequence"
"RXCK01000023.1 Pseudomonas aeruginosa strain U2816 IPC1115_23.1, whole genome shotgun sequence"
"RXCN01000009.1 Pseudomonas aeruginosa strain P2733 IPC1108_9.1, whole genome shotgun sequence"
"RXCO01000013.1 Pseudomonas aeruginosa strain T3979 IPC1106_13.1, whole genome shotgun sequence"
"RXCS01000006.1 Pseudomonas aeruginosa strain W15Dec4 IPC828_6.1, whole genome shotgun sequence"
"RXDG01000017.1 Pseudomonas aeruginosa strain AMT0047-125 IPC564_17.1, whole genome shotgun sequence"
"RXDM01000012.1 Pseudomonas aeruginosa strain AMT0006-65 IPC546_12.1, whole genome shotgun sequence"
"RXDO01000012.1 Pseudomonas aeruginosa strain AMT0005-137 IPC542_12.1, whole genome shotgun sequence"
"RXDN01000007.1 Pseudomonas aeruginosa strain AMT0006-64 IPC545_7.1, whole genome shotgun sequence"
"RXDP01000010.1 Pseudomonas aeruginosa strain AMT0005-136 IPC541_10.1, whole genome shotgun sequence"
"RXDQ01000011.1 Pseudomonas aeruginosa strain AMT0005-135 IPC540_11.1, whole genome shotgun sequence"
"RXEA01000009.1 Pseudomonas aeruginosa strain AUS510 IPC447_9.1, whole genome shotgun sequence"
"RXEY01000017.1 Pseudomonas aeruginosa strain AUS265 IPC325_17.1, whole genome shotgun sequence"
"RXFF01000006.1 Pseudomonas aeruginosa strain AUS258 IPC249_6.1, whole genome shotgun sequence"
"RXFC01000001.1 Pseudomonas aeruginosa strain AUS452 IPC270_1.1, whole genome shotgun sequence"
"RWLA01000014.1 Pseudomonas aeruginosa strain 20 IPC1603_14.1, whole genome shotgun sequence"
"RWLJ01000017.1 Pseudomonas aeruginosa strain 12 IPC1594_17.1, whole genome shotgun sequence"
"RWLP01000018.1 Pseudomonas aeruginosa strain 6 IPC1588_18.1, whole genome shotgun sequence"
"RWLU01000017.1 Pseudomonas aeruginosa strain 1 IPC1583_17.1, whole genome shotgun sequence"
"RWMA01000061.1 Pseudomonas aeruginosa strain 5054408345 IPC1518_61.1, whole genome shotgun sequence"
"RWNZ01000022.1 Pseudomonas aeruginosa strain 6089 IPC1336_22.1, whole genome shotgun sequence"
"RWOW01000011.1 Pseudomonas aeruginosa strain 5990.3 IPC1313_11.1, whole genome shotgun sequence"
"RWPB01000012.1 Pseudomonas aeruginosa strain 5988.2 IPC1308_12.1, whole genome shotgun sequence"
"RWPA01000009.1 Pseudomonas aeruginosa strain 5988.3 IPC1309_9.1, whole genome shotgun sequence"
"RWPC01000010.1 Pseudomonas aeruginosa strain 5987 IPC1307_10.1, whole genome shotgun sequence"
"RWQX01000013.1 Pseudomonas aeruginosa strain PAC95B IPC183_13.1, whole genome shotgun sequence"
"RWQY01000016.1 Pseudomonas aeruginosa strain PAC95A IPC182_16.1, whole genome shotgun sequence"
"RWSF01000011.1 Pseudomonas aeruginosa strain PAC78A IPC148_11.1, whole genome shotgun sequence"
"RWSG01000020.1 Pseudomonas aeruginosa strain PAC33B IPC147_20.1, whole genome shotgun sequence"
"RWSE01000017.1 Pseudomonas aeruginosa strain PAC78B IPC149_17.1, whole genome shotgun sequence"
"RWSH01000020.1 Pseudomonas aeruginosa strain PAC33A IPC146_20.1, whole genome shotgun sequence"
"RWSJ01000013.1 Pseudomonas aeruginosa strain PAC18A IPC144_13.1, whole genome shotgun sequence"
"RWSI01000023.1 Pseudomonas aeruginosa strain PAC18B IPC145_23.1, whole genome shotgun sequence"
"RWTO01000015.1 Pseudomonas aeruginosa strain PAC54A IPC111_15.1, whole genome shotgun sequence"
"RWUD01000010.1 Pseudomonas aeruginosa strain 286S270711BSL_PA1 IPC61_10.1, whole genome shotgun sequence"
"RWUL01000021.1 Pseudomonas aeruginosa strain 201s070911bsl_PA2 IPC51_21.1, whole genome shotgun sequence"
"RWUM01000016.1 Pseudomonas aeruginosa strain 201s070911bsl_PA1 IPC50_16.1, whole genome shotgun sequence"
"MVGW01000021.1 Pseudomonas aeruginosa strain ATCC BAA-2109 IPC1577_21.1, whole genome shotgun sequence"
"MVHA01000010.1 Pseudomonas aeruginosa strain ATCC BAA-2113 IPC1581_10.1, whole genome shotgun sequence"
"NSMY01000013.1 Pseudomonas aeruginosa strain PA-W44 IPC1301_13.1, whole genome shotgun sequence"
"NSOF01000020.1 Pseudomonas aeruginosa strain JYH22 IPC1233_20.1, whole genome shotgun sequence"
"NSQC01000016.1 Pseudomonas aeruginosa strain LiP4 IPC1075_16.1, whole genome shotgun sequence"
"NSRU01000019.1 Pseudomonas aeruginosa strain U421 IPC965_19.1, whole genome shotgun sequence"
"NSRV01000012.1 Pseudomonas aeruginosa strain U413A IPC962_12.1, whole genome shotgun sequence"
"NSSC01000012.1 Pseudomonas aeruginosa strain U0288B IPC927_12.1, whole genome shotgun sequence"
"NSSM01000011.1 Pseudomonas aeruginosa strain JD303 IPC887_11.1, whole genome shotgun sequence"
"NSTE01000016.1 Pseudomonas aeruginosa strain LiA63_2006 IPC790_16.1, whole genome shotgun sequence"
"NSTQ01000018.1 Pseudomonas aeruginosa strain Jp54 IPC747_18.1, whole genome shotgun sequence"
"NSTP01000005.1 Pseudomonas aeruginosa strain Jp97 IPC749_5.1, whole genome shotgun sequence"
"NSUD01000015.1 Pseudomonas aeruginosa strain CPHL950 IPC727_15.1, whole genome shotgun sequence"
"NSUN01000015.1 Pseudomonas aeruginosa strain 59.20 IPC703_15.1, whole genome shotgun sequence"
"NSVL01000009.1 Pseudomonas aeruginosa strain AMT0046-109 IPC563_9.1, whole genome shotgun sequence"
"NSWU01000021.1 Pseudomonas aeruginosa strain AUS507 IPC446_21.1, whole genome shotgun sequence"
"RWZS01000012.1 Pseudomonas aeruginosa strain Zw75_2 IPC1438_12.1, whole genome shotgun sequence"
"RXBH01000010.1 Pseudomonas aeruginosa strain MCF149 IPC1365_10.1, whole genome shotgun sequence"
"RXBJ01000011.1 Pseudomonas aeruginosa strain MCF1018 IPC1363_11.1, whole genome shotgun sequence"
"RXBQ01000030.1 Pseudomonas aeruginosa strain JYH23 IPC1234_30.1, whole genome shotgun sequence"
"RXCT01000021.1 Pseudomonas aeruginosa strain W15Dec14 IPC826_21.1, whole genome shotgun sequence"
"RXDD01000004.1 Pseudomonas aeruginosa strain Jp100 IPC750_4.1, whole genome shotgun sequence"
"RXDE01000012.1 Pseudomonas aeruginosa strain Jp60 IPC748_12.1, whole genome shotgun sequence"
"RXDI01000003.1 Pseudomonas aeruginosa strain AMT0046-107 IPC561_3.1, whole genome shotgun sequence"
"RXDH01000008.1 Pseudomonas aeruginosa strain AMT0046-108 IPC562_8.1, whole genome shotgun sequence"
"RXEJ01000004.1 Pseudomonas aeruginosa strain AUS174 IPC411_4.1, whole genome shotgun sequence"
"RXEU01000013.1 Pseudomonas aeruginosa strain AUS125 IPC369_13.1, whole genome shotgun sequence"
"RWLZ01000001.1 Pseudomonas aeruginosa strain 4084334344 IPC1519_1.1, whole genome shotgun sequence"
"RWMC01000008.1 Pseudomonas aeruginosa strain 5024383182 IPC1516_8.1, whole genome shotgun sequence"
"RWMD01000010.1 Pseudomonas aeruginosa strain 5014375428 IPC1515_10.1, whole genome shotgun sequence"
"RWNN01000009.1 Pseudomonas aeruginosa strain 6102 IPC1349_9.1, whole genome shotgun sequence"
"RWNX01000023.1 Pseudomonas aeruginosa strain 6091 IPC1338_23.1, whole genome shotgun sequence"
"RWOZ01000013.1 Pseudomonas aeruginosa strain 5989 IPC1310_13.1, whole genome shotgun sequence"
"RWVH01000010.1 Pseudomonas aeruginosa strain 29S030611BSL_PA1 IPC27_10.1, whole genome shotgun sequence"
"NSZQ01000011.1 Pseudomonas aeruginosa strain AUS127 IPC197_11.1, whole genome shotgun sequence"
"NSTS01000019.1 Pseudomonas aeruginosa strain J9UH1F IPC742_19.1, whole genome shotgun sequence"
"MCMG01000001.1 Pseudomonas aeruginosa strain EC2A isolate CHA IPC1262_1.1, whole genome shotgun sequence"
"NSOE01000017.1 Pseudomonas aeruginosa strain JYH24 IPC1235_17.1, whole genome shotgun sequence"
"NSQT01000017.1 Pseudomonas aeruginosa strain DUN-024-1 IPC1034_17.1, whole genome shotgun sequence"
"NSTA01000014.1 Pseudomonas aeruginosa strain Br670 IPC838_14.1, whole genome shotgun sequence"
"NSTI01000001.1 Pseudomonas aeruginosa strain LiA161_2005 IPC782_1.1, whole genome shotgun sequence"
"NSWZ01000017.1 Pseudomonas aeruginosa strain AUS485 IPC436_17.1, whole genome shotgun sequence"
"NSXF01000015.1 Pseudomonas aeruginosa strain AUS151 IPC391_15.1, whole genome shotgun sequence"
"NSXN01000001.1 Pseudomonas aeruginosa strain AUS119 IPC364_1.1, whole genome shotgun sequence"
"NSXS01000015.1 Pseudomonas aeruginosa strain AUS093 IPC352_15.1, whole genome shotgun sequence"
"NSXY01000018.1 Pseudomonas aeruginosa strain AUS702 IPC339_18.1, whole genome shotgun sequence"
"NSXX01000010.1 Pseudomonas aeruginosa strain AUS054 IPC340_10.1, whole genome shotgun sequence"
"NSZC01000014.1 Pseudomonas aeruginosa strain AUS225 IPC251_14.1, whole genome shotgun sequence"
"RXAA01000017.1 Pseudomonas aeruginosa strain OY3 IPC1427_17.1, whole genome shotgun sequence"
"RWZZ01000019.1 Pseudomonas aeruginosa strain BJ2 IPC1428_19.1, whole genome shotgun sequence"
"RXAF01000010.1 Pseudomonas aeruginosa strain HCF410 IPC1417_10.1, whole genome shotgun sequence"
"RXAN01000011.1 Pseudomonas aeruginosa strain HCF483 IPC1405_11.1, whole genome shotgun sequence"
"RXAW01000002.1 Pseudomonas aeruginosa strain Zw49 IPC1383_2.1, whole genome shotgun sequence"
"RXBS01000007.1 Pseudomonas aeruginosa strain JYH19 IPC1230_7.1, whole genome shotgun sequence"
"RXCF01000013.1 Pseudomonas aeruginosa strain T3354 IPC1135_13.1, whole genome shotgun sequence"
"RXCH01000013.1 Pseudomonas aeruginosa strain T3382 IPC1132_13.1, whole genome shotgun sequence"
"RXCJ01000011.1 Pseudomonas aeruginosa strain E2758 IPC1126_11.1, whole genome shotgun sequence"
"RXCI01000007.1 Pseudomonas aeruginosa strain T2584 IPC1130_7.1, whole genome shotgun sequence"
"RXES01000012.1 Pseudomonas aeruginosa strain AUS136 IPC377_12.1, whole genome shotgun sequence"
"RXEZ01000014.1 Pseudomonas aeruginosa strain AUS527 IPC324_14.1, whole genome shotgun sequence"
"RWML01000031.1 Pseudomonas aeruginosa strain 4114358565 IPC1507_31.1, whole genome shotgun sequence"
"RWMM01000041.1 Pseudomonas aeruginosa strain 5024382749-14 IPC1506_41.1, whole genome shotgun sequence"
"RWMN01000009.1 Pseudomonas aeruginosa strain 5024382749-13 IPC1505_9.1, whole genome shotgun sequence"
"RWMQ01000033.1 Pseudomonas aeruginosa strain 1042828174-20 IPC1502_33.1, whole genome shotgun sequence"
"RWNM01000012.1 Pseudomonas aeruginosa strain 4124363505 IPC1474_12.1, whole genome shotgun sequence"
"RWOD01000012.1 Pseudomonas aeruginosa strain 6086.1 IPC1332_12.1, whole genome shotgun sequence"
"RWUR01000019.1 Pseudomonas aeruginosa strain 192S190811BSL_PA3 IPC45_19.1, whole genome shotgun sequence"
"RWUS01000009.1 Pseudomonas aeruginosa strain 192S190811BSL_PA2 IPC44_9.1, whole genome shotgun sequence"
"RWUT01000012.1 Pseudomonas aeruginosa strain 192S190811BSL_PA1 IPC43_12.1, whole genome shotgun sequence"
"RWVE01000013.1 Pseudomonas aeruginosa strain 44s031011BSL_PA2 IPC31_13.1, whole genome shotgun sequence"
"RWVF01000014.1 Pseudomonas aeruginosa strain 44s031011BSL_PA1 IPC30_14.1, whole genome shotgun sequence"
"RWUX01000010.1 Pseudomonas aeruginosa strain 144S190811BSL_PA2 IPC38_10.1, whole genome shotgun sequence"
"RWUY01000014.1 Pseudomonas aeruginosa strain 144S190811BSL_PA1 IPC37_14.1, whole genome shotgun sequence"
"NSMW01000002.1 Pseudomonas aeruginosa strain PA-W46 IPC1303_2.1, whole genome shotgun sequence"
"RWZI01000027.1 Pseudomonas aeruginosa strain 33CFBRPA IPC1623_27.1, whole genome shotgun sequence"
"RXAU01000016.1 Pseudomonas aeruginosa strain PT6 IPC1385_16.1, whole genome shotgun sequence"
"RWRD01000019.1 Pseudomonas aeruginosa strain PAC76A IPC177_19.1, whole genome shotgun sequence"
"MCME01000028.1 Pseudomonas aeruginosa strain E429 isolate 15108-1 IPC1268_28.1, whole genome shotgun sequence"
"MCMJ01000021.1 Pseudomonas aeruginosa strain AF9A isolate AA2 IPC1259_21.1, whole genome shotgun sequence"
"NSNK01000029.1 Pseudomonas aeruginosa strain PA-W24 IPC1289_29.1, whole genome shotgun sequence"
"NSNU01000011.1 Pseudomonas aeruginosa strain AA44 IPC1276_11.1, whole genome shotgun sequence"
"NSNV01000019.1 Pseudomonas aeruginosa strain AA43 IPC1275_19.1, whole genome shotgun sequence"
"NSPN01000021.1 Pseudomonas aeruginosa strain B3(T2101) IPC1124_21.1, whole genome shotgun sequence"
"NSPP01000024.1 Pseudomonas aeruginosa strain C7(T3583) IPC1112_24.1, whole genome shotgun sequence"
"NSQL01000007.1 Pseudomonas aeruginosa strain G2 IPC1057_7.1, whole genome shotgun sequence"
"NSQZ01000030.1 Pseudomonas aeruginosa strain 010-4 IPC1015_30.1, whole genome shotgun sequence"
"NSTX01000028.1 Pseudomonas aeruginosa strain CPHL8203 IPC734_28.1, whole genome shotgun sequence"
"NTAI01000029.1 Pseudomonas aeruginosa strain PA-W47 IPC23_29.1, whole genome shotgun sequence"
"RWLH01000011.1 Pseudomonas aeruginosa strain 14.1 IPC1596_11.1, whole genome shotgun sequence"
"RWLG01000012.1 Pseudomonas aeruginosa strain 14.2 IPC1597_12.1, whole genome shotgun sequence"
"RWUG01000010.1 Pseudomonas aeruginosa strain 274S010611BSL_PA1 IPC58_10.1, whole genome shotgun sequence"
"NSUM01000006.1 Pseudomonas aeruginosa strain CN573=PSE143 IPC705_6.1, whole genome shotgun sequence"
"RXDZ01000007.1 Pseudomonas aeruginosa strain AUS511 IPC448_7.1, whole genome shotgun sequence"
"RWOA01000014.1 Pseudomonas aeruginosa strain 6088 IPC1335_14.1, whole genome shotgun sequence"
"RXED01000028.1 Pseudomonas aeruginosa strain AUS500 IPC443_28.1, whole genome shotgun sequence"
"RXFI01000008.1 Pseudomonas aeruginosa strain AUS221 IPC245_8.1, whole genome shotgun sequence"
"NSNR01000024.1 Pseudomonas aeruginosa strain PA-W4 IPC1282_24.1, whole genome shotgun sequence"
"NTAE01000013.1 Pseudomonas aeruginosa strain 903 IPC96_13.1, whole genome shotgun sequence"
"NTAR01000018.1 Pseudomonas aeruginosa strain PA-W20 IPC13_18.1, whole genome shotgun sequence"
"NTAU01000023.1 Pseudomonas aeruginosa strain PA-W17 IPC10_23.1, whole genome shotgun sequence"
"RXBV01000010.1 Pseudomonas aeruginosa strain JYH13 IPC1224_10.1, whole genome shotgun sequence"
"RXCE01000001.1 Pseudomonas aeruginosa strain T3677 IPC1136_1.1, whole genome shotgun sequence"
"RXCM01000016.1 Pseudomonas aeruginosa strain P2404 IPC1110_16.1, whole genome shotgun sequence"
"RXFB01000019.1 Pseudomonas aeruginosa strain AUS516 IPC287_19.1, whole genome shotgun sequence"
"RWUO01000021.1 Pseudomonas aeruginosa strain 197S020911BSL_PA3 IPC48_21.1, whole genome shotgun sequence"
"MCMA01000008.1 Pseudomonas aeruginosa strain F429 isolate A5803 IPC1272_8.1, whole genome shotgun sequence"
"MCMO01000005.1 Pseudomonas aeruginosa strain F462 isolate CPHL9433 IPC95_5.1, whole genome shotgun sequence"
"NSMP01000013.1 Pseudomonas aeruginosa strain G1-WATER-2A IPC1472_13.1, whole genome shotgun sequence"
"NSTC01000009.1 Pseudomonas aeruginosa strain LiA96_2004 IPC797_9.1, whole genome shotgun sequence"
"NSTD01000013.1 Pseudomonas aeruginosa strain LiA91_2004 IPC796_13.1, whole genome shotgun sequence"
"NSTL01000015.1 Pseudomonas aeruginosa strain LiA131_2005 IPC775_15.1, whole genome shotgun sequence"
"NSYC01000014.1 Pseudomonas aeruginosa strain AUS283 IPC323_14.1, whole genome shotgun sequence"
"NTAG01000014.1 Pseudomonas aeruginosa strain PA-W49 IPC25_14.1, whole genome shotgun sequence"
"RXDW01000025.1 Pseudomonas aeruginosa strain AUS449 IPC451_25.1, whole genome shotgun sequence"
"MCMF01000028.1 Pseudomonas aeruginosa strain D429(Q) isolate Mi162_2 IPC1266_28.1, whole genome shotgun sequence"
"NSOR01000012.1 Pseudomonas aeruginosa strain S54485 IPC1180_12.1, whole genome shotgun sequence"
"NSQH01000008.1 Pseudomonas aeruginosa strain LiP1d IPC1070_8.1, whole genome shotgun sequence"
"NSSL01000007.1 Pseudomonas aeruginosa strain PMM38 IPC888_7.1, whole genome shotgun sequence"
"NSSP01000010.1 Pseudomonas aeruginosa strain Tu863 IPC884_10.1, whole genome shotgun sequence"
"NSTT01000005.1 Pseudomonas aeruginosa strain Tu61 IPC740_5.1, whole genome shotgun sequence"
"NSUE01000013.1 Pseudomonas aeruginosa strain IDEXX_Canine8 IPC725_13.1, whole genome shotgun sequence"
"NSVQ01000023.1 Pseudomonas aeruginosa strain AMT0020-84 IPC549_23.1, whole genome shotgun sequence"
"NTAW01000004.1 Pseudomonas aeruginosa strain PA-W13 IPC8_4.1, whole genome shotgun sequence"
"RWZX01000016.1 Pseudomonas aeruginosa strain SC1 IPC1432_16.1, whole genome shotgun sequence"
"RWZY01000009.1 Pseudomonas aeruginosa strain FM4 IPC1429_9.1, whole genome shotgun sequence"
"RXBT01000007.1 Pseudomonas aeruginosa strain JYH17 IPC1228_7.1, whole genome shotgun sequence"
"RXCC01000001.1 Pseudomonas aeruginosa strain P1885 IPC1150_1.1, whole genome shotgun sequence"
"RXDL01000025.1 Pseudomonas aeruginosa strain AMT0020-83 IPC548_25.1, whole genome shotgun sequence"
"RWSB01000009.1 Pseudomonas aeruginosa strain PAC94A IPC152_9.1, whole genome shotgun sequence"
"NSOX01000024.1 Pseudomonas aeruginosa strain D9 3362 IPC1164_24.1, whole genome shotgun sequence"
"MCLX01000010.1 Pseudomonas aeruginosa 39016 IPC1264_10.1, whole genome shotgun sequence"
"MCMR01000005.1 Pseudomonas aeruginosa strain E42A(B) isolate LMG14084 IPC92_5.1, whole genome shotgun sequence"
"NSNG01000001.1 Pseudomonas aeruginosa strain PA-W32 IPC1293_1.1, whole genome shotgun sequence"
"NSOQ01000001.1 Pseudomonas aeruginosa strain U2504 IPC1182_1.1, whole genome shotgun sequence"
"NSOS01000010.1 Pseudomonas aeruginosa strain JJ692 IPC1177_10.1, whole genome shotgun sequence"
"NSPJ01000001.1 Pseudomonas aeruginosa strain C8(T3532) IPC1145_1.1, whole genome shotgun sequence"
"NSQQ01000004.1 Pseudomonas aeruginosa strain B2 IPC1040_4.1, whole genome shotgun sequence"
"NSRD01000007.1 Pseudomonas aeruginosa strain DUN-006 IPC1005_7.1, whole genome shotgun sequence"
"NSSO01000002.1 Pseudomonas aeruginosa strain TuD199 IPC885_2.1, whole genome shotgun sequence"
"NSTO01000002.1 Pseudomonas aeruginosa strain Jp224 IPC752_2.1, whole genome shotgun sequence"
"NSTM01000007.1 Pseudomonas aeruginosa strain Jp1140 IPC757_7.1, whole genome shotgun sequence"
"NSTV01000012.1 Pseudomonas aeruginosa strain CPHL10662 IPC737_12.1, whole genome shotgun sequence"
"NSUF01000006.1 Pseudomonas aeruginosa strain IDEXX_Canine4 IPC723_6.1, whole genome shotgun sequence"
"NSUL01000025.1 Pseudomonas aeruginosa strain CND03 IPC706_25.1, whole genome shotgun sequence"
"NSUV01000010.1 Pseudomonas aeruginosa strain A15 IPC692_10.1, whole genome shotgun sequence"
"NSUZ01000009.1 Pseudomonas aeruginosa strain A9 IPC688_9.1, whole genome shotgun sequence"
"NSVO01000006.1 Pseudomonas aeruginosa strain AMT0026-3 IPC555_6.1, whole genome shotgun sequence"
"NSYN01000007.1 Pseudomonas aeruginosa strain AUS321 IPC289_7.1, whole genome shotgun sequence"
"NSZN01000010.1 Pseudomonas aeruginosa strain AUS186 IPC205_10.1, whole genome shotgun sequence"
"NSZX01000002.1 Pseudomonas aeruginosa strain 152504sp2 IPC103_2.1, whole genome shotgun sequence"
"NTBB01000025.1 Pseudomonas aeruginosa strain PA-W7 IPC3_25.1, whole genome shotgun sequence"
"NSPQ01000001.1 Pseudomonas aeruginosa strain B1(P2356) IPC1107_1.1, whole genome shotgun sequence"
"NSPI01000001.1 Pseudomonas aeruginosa strain C9(P1814) IPC1147_1.1, whole genome shotgun sequence"
"RXAL01000012.1 Pseudomonas aeruginosa strain HCF86 IPC1408_12.1, whole genome shotgun sequence"
"RXAS01000009.1 Pseudomonas aeruginosa strain Zw9 IPC1389_9.1, whole genome shotgun sequence"
"RXBW01000005.1 Pseudomonas aeruginosa strain JYH11 IPC1222_5.1, whole genome shotgun sequence"
"RXCX01000008.1 Pseudomonas aeruginosa strain Jp1206 IPC761_8.1, whole genome shotgun sequence"
"RXCW01000006.1 Pseudomonas aeruginosa strain Jp1303 IPC762_6.1, whole genome shotgun sequence"
"RXDA01000009.1 Pseudomonas aeruginosa strain Jp1155 IPC758_9.1, whole genome shotgun sequence"
"RXCZ01000010.1 Pseudomonas aeruginosa strain Jp1170 IPC759_10.1, whole genome shotgun sequence"
"RXCY01000009.1 Pseudomonas aeruginosa strain Jp1200 IPC760_9.1, whole genome shotgun sequence"
"RXDJ01000010.1 Pseudomonas aeruginosa strain AMT0026-2 IPC554_10.1, whole genome shotgun sequence"
"RXDK01000010.1 Pseudomonas aeruginosa strain AMT0026-1 IPC553_10.1, whole genome shotgun sequence"
"RXEC01000011.1 Pseudomonas aeruginosa strain AUS501 IPC444_11.1, whole genome shotgun sequence"
"RWLI01000003.1 Pseudomonas aeruginosa strain 13 IPC1595_3.1, whole genome shotgun sequence"
"RWMX01000010.1 Pseudomonas aeruginosa strain 4064321111 IPC1494_10.1, whole genome shotgun sequence"
"RWQA01000006.1 Pseudomonas aeruginosa strain PA-CL513 IPC607_6.1, whole genome shotgun sequence"
"RWUH01000007.1 Pseudomonas aeruginosa strain 272S250511BSL_PA1 IPC57_7.1, whole genome shotgun sequence"
"NSVK01000014.1 Pseudomonas aeruginosa strain AMT0071-76 IPC573_14.1, whole genome shotgun sequence"
"NSMV01000006.1 Pseudomonas aeruginosa strain AL191 IPC1350_6.1, whole genome shotgun sequence"
"NSOG01000004.1 Pseudomonas aeruginosa strain JYH18 IPC1229_4.1, whole genome shotgun sequence"
"NSRE01000011.1 Pseudomonas aeruginosa strain DUN-004 IPC1001_11.1, whole genome shotgun sequence"
"NSUQ01000012.1 Pseudomonas aeruginosa strain Mex2 IPC698_12.1, whole genome shotgun sequence"
"NSZA01000010.1 Pseudomonas aeruginosa strain AUS232 IPC258_10.1, whole genome shotgun sequence"
"RXBO01000011.1 Pseudomonas aeruginosa strain JYH29 IPC1240_11.1, whole genome shotgun sequence"
"RWUC01000015.1 Pseudomonas aeruginosa strain 293S080611BSL_PA1 IPC64_15.1, whole genome shotgun sequence"
"RWUB01000022.1 Pseudomonas aeruginosa strain 293S080611BSL_PA2 IPC65_22.1, whole genome shotgun sequence"
"RWUA01000019.1 Pseudomonas aeruginosa strain 295s071211BSL_PA1 IPC66_19.1, whole genome shotgun sequence"
"RXDY01000007.1 Pseudomonas aeruginosa strain AUS512 IPC449_7.1, whole genome shotgun sequence"
"NSOL01000018.1 Pseudomonas aeruginosa strain JYH8 IPC1219_18.1, whole genome shotgun sequence"
"RXBP01000011.1 Pseudomonas aeruginosa strain JYH25 IPC1236_11.1, whole genome shotgun sequence"
"RXET01000008.1 Pseudomonas aeruginosa strain AUS128 IPC371_8.1, whole genome shotgun sequence"
"RXFD01000011.1 Pseudomonas aeruginosa strain AUS227 IPC253_11.1, whole genome shotgun sequence"
"NSSW01000020.1 Pseudomonas aeruginosa strain Bo559 IPC867_20.1, whole genome shotgun sequence"
"NSSV01000014.1 Pseudomonas aeruginosa strain Cotonu1 IPC875_14.1, whole genome shotgun sequence"
"NSYO01000022.1 Pseudomonas aeruginosa strain AUS517 IPC288_22.1, whole genome shotgun sequence"
"NTAC01000026.1 Pseudomonas aeruginosa strain 1098 IPC98_26.1, whole genome shotgun sequence"
"RXCV01000019.1 Pseudomonas aeruginosa strain W15Apr4 IPC824_19.1, whole genome shotgun sequence"
"RXFL01000027.1 Pseudomonas aeruginosa strain Jp222 IPC751_26.1, whole genome shotgun sequence"
"NSNM01000011.1 Pseudomonas aeruginosa strain PA-W21 IPC1287_11.1, whole genome shotgun sequence"
"NSPL01000026.1 Pseudomonas aeruginosa strain B9(T2436) IPC1133_26.1, whole genome shotgun sequence"
"NSPM01000001.1 Pseudomonas aeruginosa strain A3(H638) IPC1125_1.1, whole genome shotgun sequence"
"NSTK01000012.1 Pseudomonas aeruginosa strain LiA133_2003 IPC776_12.1, whole genome shotgun sequence"
"NSTH01000001.1 Pseudomonas aeruginosa strain LiA179_2006 IPC785_1.1, whole genome shotgun sequence"
"NSYP01000019.1 Pseudomonas aeruginosa strain AUS471 IPC282_19.1, whole genome shotgun sequence"
"NTAL01000008.1 Pseudomonas aeruginosa strain PA-W34 IPC19_8.1, whole genome shotgun sequence"
"RXAT01000014.1 Pseudomonas aeruginosa strain PT12 IPC1387_14.1, whole genome shotgun sequence"
"NSNP01000021.1 Pseudomonas aeruginosa strain PA-W10 IPC1284_21.1, whole genome shotgun sequence"
"NSSU01000021.1 Pseudomonas aeruginosa strain LMG2107 IPC877_21.1, whole genome shotgun sequence"
"RXFH01000018.1 Pseudomonas aeruginosa strain AUS525 IPC246_18.1, whole genome shotgun sequence"
"NSNT01000017.1 Pseudomonas aeruginosa strain PA-W1 IPC1280_17.1, whole genome shotgun sequence"
"NSQX01000012.1 Pseudomonas aeruginosa strain 014-2A IPC1020_12.1, whole genome shotgun sequence"
"RXFE01000007.1 Pseudomonas aeruginosa strain AUS226 IPC252_7.1, whole genome shotgun sequence"
"NSTR01000013.1 Pseudomonas aeruginosa strain J80UH1OS1 IPC744_13.1, whole genome shotgun sequence"
"NTAD01000001.1 Pseudomonas aeruginosa strain 856 IPC97_1.1, whole genome shotgun sequence"
"RWLN01000011.1 Pseudomonas aeruginosa strain 8 IPC1590_11.1, whole genome shotgun sequence"
"RWZR01000010.1 Pseudomonas aeruginosa strain Zw73_1 IPC1439_10.1, whole genome shotgun sequence"
"NSZD01000012.1 Pseudomonas aeruginosa strain AUS217 IPC241_12.1, whole genome shotgun sequence"
"NSST01000019.1 Pseudomonas aeruginosa strain LMG5031 IPC878_19.1, whole genome shotgun sequence"
"NSXA01000013.1 Pseudomonas aeruginosa strain AUS483 IPC434_13.1, whole genome shotgun sequence"
