"MVGX01000007.1 Pseudomonas aeruginosa strain ATCC BAA-2110 IPC1578_7.1, whole genome shotgun sequence"
"MVGY01000006.1 Pseudomonas aeruginosa strain ATCC BAA-2111 IPC1579_6.1, whole genome shotgun sequence"
"MVHA01000002.1 Pseudomonas aeruginosa strain ATCC BAA-2113 IPC1581_2.1, whole genome shotgun sequence"
"MCMN01000006.1 Pseudomonas aeruginosa strain 2D9A isolate AUS23 IPC1103_6.1, whole genome shotgun sequence"
"MCLY01000006.1 Pseudomonas aeruginosa strain 2C22 isolate 57P31PA IPC1274_6.1, whole genome shotgun sequence"
"MCMB01000004.1 Pseudomonas aeruginosa strain 1BAE isolate KK1 IPC1271_4.1, whole genome shotgun sequence"
"MCMH01000017.1 Pseudomonas aeruginosa strain 6D92(H) isolate AMT0023-34 IPC1261_17.1, whole genome shotgun sequence"
"MCMG01000006.1 Pseudomonas aeruginosa strain EC2A isolate CHA IPC1262_6.1, whole genome shotgun sequence"
"MCMI01000015.1 Pseudomonas aeruginosa strain 6D92(H) isolate AMT0023-30 IPC1260_15.1, whole genome shotgun sequence"
"MCML01000004.1 Pseudomonas aeruginosa strain E82A isolate AES-1R IPC1257_4.1, whole genome shotgun sequence"
"MCMT01000003.1 Pseudomonas aeruginosa strain 6822 isolate NH57388A IPC88_3.1, whole genome shotgun sequence"
"NSMQ01000004.1 Pseudomonas aeruginosa strain F1-DN-2 IPC1471_4.1, whole genome shotgun sequence"
"NSMT01000006.1 Pseudomonas aeruginosa strain AL561 IPC1353_6.1, whole genome shotgun sequence"
"NSMZ01000004.1 Pseudomonas aeruginosa strain PA-W43 IPC1300_4.1, whole genome shotgun sequence"
"NSNI01000009.1 Pseudomonas aeruginosa strain PA-W29 IPC1291_9.1, whole genome shotgun sequence"
"NSOC01000005.1 Pseudomonas aeruginosa strain JYH28 IPC1239_5.1, whole genome shotgun sequence"
"NSOD01000001.1 Pseudomonas aeruginosa strain JYH26 IPC1237_1.1, whole genome shotgun sequence"
"NSOJ01000024.1 Pseudomonas aeruginosa strain JYH12 IPC1223_24.1, whole genome shotgun sequence"
"NSOE01000004.1 Pseudomonas aeruginosa strain JYH24 IPC1235_4.1, whole genome shotgun sequence"
"NSOI01000471.1 Pseudomonas aeruginosa strain JYH14 IPC1225_471.1, whole genome shotgun sequence"
"NSOU01000005.1 Pseudomonas aeruginosa strain CF27 IPC1173_5.1, whole genome shotgun sequence"
"NSOV01000019.1 Pseudomonas aeruginosa strain CF5 IPC1171_19.1, whole genome shotgun sequence"
"NSOT01000005.1 Pseudomonas aeruginosa strain CF127 IPC1174_5.1, whole genome shotgun sequence"
"NSOW01000005.1 Pseudomonas aeruginosa E2 IPC1165_5.1, whole genome shotgun sequence"
"NSPK01000006.1 Pseudomonas aeruginosa strain E1(T4189) IPC1138_6.1, whole genome shotgun sequence"
"NSPR01000007.1 Pseudomonas aeruginosa strain LiP14 IPC1086_7.1, whole genome shotgun sequence"
"NSPS01000005.1 Pseudomonas aeruginosa strain LiP13 IPC1085_5.1, whole genome shotgun sequence"
"NSPT01000004.1 Pseudomonas aeruginosa strain LiP12 IPC1084_4.1, whole genome shotgun sequence"
"NSPV01000004.1 Pseudomonas aeruginosa strain LiP10b IPC1082_4.1, whole genome shotgun sequence"
"NSPW01000004.1 Pseudomonas aeruginosa strain LiP10a IPC1081_4.1, whole genome shotgun sequence"
"NSPX01000004.1 Pseudomonas aeruginosa strain LiP9 IPC1080_4.1, whole genome shotgun sequence"
"NSPU01000003.1 Pseudomonas aeruginosa strain LiP11 IPC1083_3.1, whole genome shotgun sequence"
"NSPY01000015.1 Pseudomonas aeruginosa strain LiP8 IPC1079_15.1, whole genome shotgun sequence"
"NSQB01000003.1 Pseudomonas aeruginosa strain LiP5 IPC1076_3.1, whole genome shotgun sequence"
"NSPZ01000003.1 Pseudomonas aeruginosa strain LiP7 IPC1078_3.1, whole genome shotgun sequence"
"NSQA01000004.1 Pseudomonas aeruginosa strain LiP6 IPC1077_4.1, whole genome shotgun sequence"
"NSQE01000007.1 Pseudomonas aeruginosa strain LiP2c IPC1073_7.1, whole genome shotgun sequence"
"NSQF01000003.1 Pseudomonas aeruginosa strain LiP2b IPC1072_3.1, whole genome shotgun sequence"
"NSQD01000003.1 Pseudomonas aeruginosa strain LiP3 IPC1074_3.1, whole genome shotgun sequence"
"NSQG01000003.1 Pseudomonas aeruginosa strain LiP2a IPC1071_3.1, whole genome shotgun sequence"
"NSQJ01000004.1 Pseudomonas aeruginosa strain LiP1a IPC1067_4.1, whole genome shotgun sequence"
"NSQI01000004.1 Pseudomonas aeruginosa strain LiP1c IPC1069_4.1, whole genome shotgun sequence"
"NSQN01000004.1 Pseudomonas aeruginosa strain E2_H133420224 IPC1048_4.1, whole genome shotgun sequence"
"NSQT01000007.1 Pseudomonas aeruginosa strain DUN-024-1 IPC1034_7.1, whole genome shotgun sequence"
"NSQW01000023.1 Pseudomonas aeruginosa strain DUN-015A IPC1027_23.1, whole genome shotgun sequence"
"NSRG01000005.1 Pseudomonas aeruginosa strain DUN-002C IPC991_5.1, whole genome shotgun sequence"
"NSRR01000001.1 Pseudomonas aeruginosa strain U454A IPC977_1.1, whole genome shotgun sequence"
"NSRU01000011.1 Pseudomonas aeruginosa strain U421 IPC965_11.1, whole genome shotgun sequence"
"NSRT01000005.1 Pseudomonas aeruginosa strain U435 IPC971_5.1, whole genome shotgun sequence"
"NSRZ01000004.1 Pseudomonas aeruginosa strain U0330A IPC940_4.1, whole genome shotgun sequence"
"NSSA01000002.1 Pseudomonas aeruginosa strain U0310A IPC935_2.1, whole genome shotgun sequence"
"NSSB01000004.1 Pseudomonas aeruginosa strain U0306 IPC934_4.1, whole genome shotgun sequence"
"NSSC01000006.1 Pseudomonas aeruginosa strain U0288B IPC927_6.1, whole genome shotgun sequence"
"NSSM01000003.1 Pseudomonas aeruginosa strain JD303 IPC887_3.1, whole genome shotgun sequence"
"NSSS01000007.1 Pseudomonas aeruginosa strain Lw1047 IPC879_7.1, whole genome shotgun sequence"
"NSSR01000035.1 Pseudomonas aeruginosa strain PhDW6 IPC880_35.1, whole genome shotgun sequence"
"NSSX01000006.1 Pseudomonas aeruginosa strain Us411 IPC860_6.1, whole genome shotgun sequence"
"NSSZ01000013.1 Pseudomonas aeruginosa strain Mi159 IPC856_13.1, whole genome shotgun sequence"
"NSTB01000022.1 Pseudomonas aeruginosa strain W5Aug16 IPC830_22.1, whole genome shotgun sequence"
"NSTA01000030.1 Pseudomonas aeruginosa strain Br670 IPC838_30.1, whole genome shotgun sequence"
"NSTI01000006.1 Pseudomonas aeruginosa strain LiA161_2005 IPC782_6.1, whole genome shotgun sequence"
"NSTF01000002.1 Pseudomonas aeruginosa strain LiA50_2005 IPC789_2.1, whole genome shotgun sequence"
"NSTN01000017.1 Pseudomonas aeruginosa strain Jp245 IPC756_17.1, whole genome shotgun sequence"
"NSTU01000005.1 Pseudomonas aeruginosa strain CPHL10701 IPC738_5.1, whole genome shotgun sequence"
"NSUD01000005.1 Pseudomonas aeruginosa strain CPHL950 IPC727_5.1, whole genome shotgun sequence"
"NSUG01000008.1 Pseudomonas aeruginosa strain IC1 IPC720_8.1, whole genome shotgun sequence"
"NSUM01000005.1 Pseudomonas aeruginosa strain CN573=PSE143 IPC705_5.1, whole genome shotgun sequence"
"NSUN01000005.1 Pseudomonas aeruginosa strain 59.20 IPC703_5.1, whole genome shotgun sequence"
"NSUS01000023.1 Pseudomonas aeruginosa strain A22 IPC695_23.1, whole genome shotgun sequence"
"NSUT01000008.1 Pseudomonas aeruginosa strain A19 IPC694_8.1, whole genome shotgun sequence"
"NSUX01000007.1 Pseudomonas aeruginosa strain A11 IPC690_7.1, whole genome shotgun sequence"
"NSUW01000006.1 Pseudomonas aeruginosa strain A13 IPC691_6.1, whole genome shotgun sequence"
"NSVC01000005.1 Pseudomonas aeruginosa strain Co399645 IPC665_5.1, whole genome shotgun sequence"
"NSVJ01000010.1 Pseudomonas aeruginosa strain Rsan-ver IPC593_10.1, whole genome shotgun sequence"
"NSVM01000001.1 Pseudomonas aeruginosa strain AMT0046-1 IPC560_1.1, whole genome shotgun sequence"
"NSVN01000028.1 Pseudomonas aeruginosa strain AMT0026-67 IPC556_28.1, whole genome shotgun sequence"
"NSVT01000004.1 Pseudomonas aeruginosa strain AMT0005-138 IPC543_4.1, whole genome shotgun sequence"
"NSVV01000006.1 Pseudomonas aeruginosa strain AUS719 IPC534_6.1, whole genome shotgun sequence"
"NSVS01000004.1 Pseudomonas aeruginosa strain AMT0006-1 IPC544_4.1, whole genome shotgun sequence"
"NSVW01000004.1 Pseudomonas aeruginosa strain AUS720 IPC510_4.1, whole genome shotgun sequence"
"NSWA01000005.1 Pseudomonas aeruginosa strain AUS305 IPC506_5.1, whole genome shotgun sequence"
"NSVX01000006.1 Pseudomonas aeruginosa strain AUS149 IPC509_6.1, whole genome shotgun sequence"
"NSVY01000006.1 Pseudomonas aeruginosa strain AUS309 IPC508_6.1, whole genome shotgun sequence"
"NSVZ01000008.1 Pseudomonas aeruginosa strain AUS307 IPC507_8.1, whole genome shotgun sequence"
"NSWB01000005.1 Pseudomonas aeruginosa strain AUS345 IPC496_5.1, whole genome shotgun sequence"
"NSWC01000005.1 Pseudomonas aeruginosa strain AUS344 IPC495_5.1, whole genome shotgun sequence"
"NSWD01000005.1 Pseudomonas aeruginosa strain AUS021 IPC494_5.1, whole genome shotgun sequence"
"NSWI01000029.1 Pseudomonas aeruginosa strain AUS441 IPC476_29.1, whole genome shotgun sequence"
"NSWF01000018.1 Pseudomonas aeruginosa strain AUS457 IPC483_18.1, whole genome shotgun sequence"
"NSWG01000002.1 Pseudomonas aeruginosa strain AUS595 IPC478_2.1, whole genome shotgun sequence"
"NSWH01000028.1 Pseudomonas aeruginosa strain AUS442 IPC477_28.1, whole genome shotgun sequence"
"NSWK01000031.1 Pseudomonas aeruginosa strain AUS439 IPC474_31.1, whole genome shotgun sequence"
"NSWJ01000026.1 Pseudomonas aeruginosa strain AUS440 IPC475_26.1, whole genome shotgun sequence"
"NSWL01000001.1 Pseudomonas aeruginosa strain AUS436 IPC472_1.1, whole genome shotgun sequence"
"NSWM01000003.1 Pseudomonas aeruginosa strain AUS434 IPC471_3.1, whole genome shotgun sequence"
"NSWT01000029.1 Pseudomonas aeruginosa strain AUS353 IPC452_29.1, whole genome shotgun sequence"
"NSWP01000004.1 Pseudomonas aeruginosa strain AUS675 IPC463_4.1, whole genome shotgun sequence"
"NSWR01000013.1 Pseudomonas aeruginosa strain AUS631 IPC460_13.1, whole genome shotgun sequence"
"NSWS01000005.1 Pseudomonas aeruginosa strain AUS263 IPC453_5.1, whole genome shotgun sequence"
"NSWX01000004.1 Pseudomonas aeruginosa strain AUS491 IPC440_4.1, whole genome shotgun sequence"
"NSXB01000006.1 Pseudomonas aeruginosa strain AUS430 IPC430_6.1, whole genome shotgun sequence"
"NSXC01000004.1 Pseudomonas aeruginosa strain AUS392 IPC426_4.1, whole genome shotgun sequence"
"NSXD01000005.1 Pseudomonas aeruginosa strain AUS165 IPC404_5.1, whole genome shotgun sequence"
"NSXE01000005.1 Pseudomonas aeruginosa strain AUS154 IPC393_5.1, whole genome shotgun sequence"
"NSXH01000003.1 Pseudomonas aeruginosa strain AUS506 IPC389_3.1, whole genome shotgun sequence"
"NSXK01000004.1 Pseudomonas aeruginosa strain AUS134 IPC375_4.1, whole genome shotgun sequence"
"NSXL01000005.1 Pseudomonas aeruginosa strain AUS124 IPC368_5.1, whole genome shotgun sequence"
"NSXP01000005.1 Pseudomonas aeruginosa strain AUS106 IPC355_5.1, whole genome shotgun sequence"
"NSXR01000005.1 Pseudomonas aeruginosa strain AUS503 IPC353_5.1, whole genome shotgun sequence"
"NSXU01000038.1 Pseudomonas aeruginosa strain AUS077 IPC347_38.1, whole genome shotgun sequence"
"NSXW01000011.1 Pseudomonas aeruginosa strain AUS066 IPC345_11.1, whole genome shotgun sequence"
"NSXT01000004.1 Pseudomonas aeruginosa strain AUS089 IPC349_4.1, whole genome shotgun sequence"
"NSXY01000015.1 Pseudomonas aeruginosa strain AUS702 IPC339_15.1, whole genome shotgun sequence"
"NSXV01000003.1 Pseudomonas aeruginosa strain AUS073 IPC346_3.1, whole genome shotgun sequence"
"NSYA01000007.1 Pseudomonas aeruginosa strain AUS026 IPC334_7.1, whole genome shotgun sequence"
"NSYB01000004.1 Pseudomonas aeruginosa strain AUS304 IPC327_4.1, whole genome shotgun sequence"
"NSYE01000025.1 Pseudomonas aeruginosa strain AUS355 IPC312_24.1, whole genome shotgun sequence"
"NSYD01000004.1 Pseudomonas aeruginosa strain AUS389 IPC321_4.1, whole genome shotgun sequence"
"NSYG01000002.1 Pseudomonas aeruginosa strain AUS336 IPC308_2.1, whole genome shotgun sequence"
"NSYF01000001.1 Pseudomonas aeruginosa strain AUS238 IPC309_1.1, whole genome shotgun sequence"
"NSYJ01000004.1 Pseudomonas aeruginosa strain AUS504 IPC297_4.1, whole genome shotgun sequence"
"NSYL01000006.1 Pseudomonas aeruginosa strain AUS306 IPC294_6.1, whole genome shotgun sequence"
"NSYT01000008.1 Pseudomonas aeruginosa strain AUS407 IPC276_8.1, whole genome shotgun sequence"
"NSYX01000015.1 Pseudomonas aeruginosa strain AUS462 IPC266_15.1, whole genome shotgun sequence"
"NSYW01000030.1 Pseudomonas aeruginosa strain AUS083 IPC271_30.1, whole genome shotgun sequence"
"NSYU01000004.1 Pseudomonas aeruginosa strain AUS343 IPC274_4.1, whole genome shotgun sequence"
"NSZI01000004.1 Pseudomonas aeruginosa strain AUS465 IPC227_4.1, whole genome shotgun sequence"
"NSZG01000008.1 Pseudomonas aeruginosa strain AUS210 IPC231_8.1, whole genome shotgun sequence"
"NSZH01000005.1 Pseudomonas aeruginosa strain AUS438 IPC228_5.1, whole genome shotgun sequence"
"NSZQ01000006.1 Pseudomonas aeruginosa strain AUS127 IPC197_6.1, whole genome shotgun sequence"
"NSZP01000008.1 Pseudomonas aeruginosa strain AUS183 IPC201_8.1, whole genome shotgun sequence"
"NTAB01000010.1 Pseudomonas aeruginosa strain 982 IPC99_10.1, whole genome shotgun sequence"
"NTAK01000002.1 Pseudomonas aeruginosa strain PA-W35 IPC20_2.1, whole genome shotgun sequence"
"NTAS01000006.1 Pseudomonas aeruginosa strain PA-W19 IPC12_6.1, whole genome shotgun sequence"
"NTAV01000005.1 Pseudomonas aeruginosa strain PA-W15 IPC9_5.1, whole genome shotgun sequence"
"NTAY01000004.1 Pseudomonas aeruginosa strain PA-W11 IPC6_4.1, whole genome shotgun sequence"
"RWZJ01000003.1 Pseudomonas aeruginosa strain 32CFBRPA IPC1622_3.1, whole genome shotgun sequence"
"RWZL01000005.1 Pseudomonas aeruginosa strain SMC5451 IPC1620_5.1, whole genome shotgun sequence"
"RWZI01000002.1 Pseudomonas aeruginosa strain 33CFBRPA IPC1623_2.1, whole genome shotgun sequence"
"RWZO01000040.1 Pseudomonas aeruginosa strain SMC1595 IPC1617_40.1, whole genome shotgun sequence"
"RWZV01000004.1 Pseudomonas aeruginosa strain OY15 IPC1434_4.1, whole genome shotgun sequence"
"RWZT01000007.1 Pseudomonas aeruginosa strain Zw73_2 IPC1437_7.1, whole genome shotgun sequence"
"RWZS01000015.1 Pseudomonas aeruginosa strain Zw75_2 IPC1438_15.1, whole genome shotgun sequence"
"RXAG01000029.1 Pseudomonas aeruginosa strain HCF367 IPC1415_29.1, whole genome shotgun sequence"
"RXAI01000006.1 Pseudomonas aeruginosa strain HCF331 IPC1413_6.1, whole genome shotgun sequence"
"RXAH01000039.1 Pseudomonas aeruginosa strain HCF336 IPC1414_39.1, whole genome shotgun sequence"
"RXAJ01000005.1 Pseudomonas aeruginosa strain HCF238 IPC1412_5.1, whole genome shotgun sequence"
"RXAZ01000001.1 Pseudomonas aeruginosa strain PD1 IPC1377_1.1, whole genome shotgun sequence"
"RXAU01000021.1 Pseudomonas aeruginosa strain PT6 IPC1385_21.1, whole genome shotgun sequence"
"RXBB01000003.1 Pseudomonas aeruginosa strain H2 IPC1375_3.1, whole genome shotgun sequence"
"RXBD01000001.1 Pseudomonas aeruginosa strain MCF199 IPC1370_1.1, whole genome shotgun sequence"
"RXBR01000005.1 Pseudomonas aeruginosa strain JYH21 IPC1232_5.1, whole genome shotgun sequence"
"RXBS01000005.1 Pseudomonas aeruginosa strain JYH19 IPC1230_5.1, whole genome shotgun sequence"
"RXCA01000005.1 Pseudomonas aeruginosa strain MSH3 IPC1178_5.1, whole genome shotgun sequence"
"RXBZ01000006.1 Pseudomonas aeruginosa strain MSH10 IPC1179_6.1, whole genome shotgun sequence"
"RXCG01000002.1 Pseudomonas aeruginosa strain T4242 IPC1134_2.1, whole genome shotgun sequence"
"RXCL01000006.1 Pseudomonas aeruginosa strain 2810 IPC1111_6.1, whole genome shotgun sequence"
"RXCK01000008.1 Pseudomonas aeruginosa strain U2816 IPC1115_8.1, whole genome shotgun sequence"
"RXCH01000004.1 Pseudomonas aeruginosa strain T3382 IPC1132_4.1, whole genome shotgun sequence"
"RXCN01000001.1 Pseudomonas aeruginosa strain P2733 IPC1108_1.1, whole genome shotgun sequence"
"RXCI01000004.1 Pseudomonas aeruginosa strain T2584 IPC1130_4.1, whole genome shotgun sequence"
"RXCO01000004.1 Pseudomonas aeruginosa strain T3979 IPC1106_4.1, whole genome shotgun sequence"
"RXCR01000013.1 Pseudomonas aeruginosa strain W15Okt31 IPC829_13.1, whole genome shotgun sequence"
"RXCU01000005.1 Pseudomonas aeruginosa strain W15Aug23 IPC825_5.1, whole genome shotgun sequence"
"RXCW01000002.1 Pseudomonas aeruginosa strain Jp1303 IPC762_2.1, whole genome shotgun sequence"
"RXDI01000001.1 Pseudomonas aeruginosa strain AMT0046-107 IPC561_1.1, whole genome shotgun sequence"
"RXDG01000021.1 Pseudomonas aeruginosa strain AMT0047-125 IPC564_21.1, whole genome shotgun sequence"
"RXDH01000001.1 Pseudomonas aeruginosa strain AMT0046-108 IPC562_1.1, whole genome shotgun sequence"
"RXDO01000004.1 Pseudomonas aeruginosa strain AMT0005-137 IPC542_4.1, whole genome shotgun sequence"
"RXDS01000005.1 Pseudomonas aeruginosa strain AUS727 IPC517_5.1, whole genome shotgun sequence"
"RXDR01000021.1 Pseudomonas aeruginosa strain AUS717 IPC532_21.1, whole genome shotgun sequence"
"RXDP01000004.1 Pseudomonas aeruginosa strain AMT0005-136 IPC541_4.1, whole genome shotgun sequence"
"RXDT01000036.1 Pseudomonas aeruginosa strain AUS456 IPC482_36.1, whole genome shotgun sequence"
"RXDQ01000005.1 Pseudomonas aeruginosa strain AMT0005-135 IPC540_5.1, whole genome shotgun sequence"
"RXDU01000017.1 Pseudomonas aeruginosa strain AUS455 IPC481_17.1, whole genome shotgun sequence"
"RXEA01000001.1 Pseudomonas aeruginosa strain AUS510 IPC447_1.1, whole genome shotgun sequence"
"RXEO01000004.1 Pseudomonas aeruginosa strain AUS153 IPC392_4.1, whole genome shotgun sequence"
"RXEP01000005.1 Pseudomonas aeruginosa strain AUS141 IPC382_5.1, whole genome shotgun sequence"
"RXEV01000003.1 Pseudomonas aeruginosa strain AUS122 IPC367_3.1, whole genome shotgun sequence"
"RXEX01000003.1 Pseudomonas aeruginosa strain AUS523 IPC331_3.1, whole genome shotgun sequence"
"RXFG01000007.1 Pseudomonas aeruginosa strain AUS222 IPC247_7.1, whole genome shotgun sequence"
"RXFC01000018.1 Pseudomonas aeruginosa strain AUS452 IPC270_18.1, whole genome shotgun sequence"
"RWKY01000026.1 Pseudomonas aeruginosa strain 22.1 IPC1605_26.1, whole genome shotgun sequence"
"RWKX01000024.1 Pseudomonas aeruginosa strain 22.2 IPC1606_24.1, whole genome shotgun sequence"
"RWLB01000004.1 Pseudomonas aeruginosa strain 19 IPC1602_4.1, whole genome shotgun sequence"
"RWLC01000007.1 Pseudomonas aeruginosa strain 18 IPC1601_7.1, whole genome shotgun sequence"
"RWLD01000013.1 Pseudomonas aeruginosa strain 17 IPC1600_13.1, whole genome shotgun sequence"
"RWLF01000007.1 Pseudomonas aeruginosa strain 15 IPC1598_7.1, whole genome shotgun sequence"
"RWLH01000006.1 Pseudomonas aeruginosa strain 14.1 IPC1596_6.1, whole genome shotgun sequence"
"RWLG01000005.1 Pseudomonas aeruginosa strain 14.2 IPC1597_5.1, whole genome shotgun sequence"
"RWLK01000005.1 Pseudomonas aeruginosa strain 11 IPC1593_5.1, whole genome shotgun sequence"
"RWLL01000006.1 Pseudomonas aeruginosa strain 10 IPC1592_6.1, whole genome shotgun sequence"
"RWLM01000036.1 Pseudomonas aeruginosa strain 9 IPC1591_36.1, whole genome shotgun sequence"
"RWLJ01000005.1 Pseudomonas aeruginosa strain 12 IPC1594_5.1, whole genome shotgun sequence"
"RWLP01000004.1 Pseudomonas aeruginosa strain 6 IPC1588_4.1, whole genome shotgun sequence"
"RWLS01000005.1 Pseudomonas aeruginosa strain 3 IPC1585_5.1, whole genome shotgun sequence"
"RWLU01000005.1 Pseudomonas aeruginosa strain 1 IPC1583_5.1, whole genome shotgun sequence"
"RWLX01000017.1 Pseudomonas aeruginosa strain 5014375233 IPC1521_17.1, whole genome shotgun sequence"
"RWLY01000004.1 Pseudomonas aeruginosa strain 4104355315 IPC1520_4.1, whole genome shotgun sequence"
"RWMF01000004.1 Pseudomonas aeruginosa strain 5024382738-25 IPC1513_4.1, whole genome shotgun sequence"
"RWMH01000028.1 Pseudomonas aeruginosa strain 4104355340-13 IPC1511_28.1, whole genome shotgun sequence"
"RWMK01000028.1 Pseudomonas aeruginosa strain 5054408352 IPC1508_28.1, whole genome shotgun sequence"
"RWMG01000003.1 Pseudomonas aeruginosa strain 5024382738-26 IPC1512_3.1, whole genome shotgun sequence"
"RWMI01000003.1 Pseudomonas aeruginosa strain 4104355340-15 IPC1510_3.1, whole genome shotgun sequence"
"RWMJ01000031.1 Pseudomonas aeruginosa strain 110238627 IPC1509_31.1, whole genome shotgun sequence"
"RWMV01000004.1 Pseudomonas aeruginosa strain 4044301968 IPC1496_4.1, whole genome shotgun sequence"
"RWNA01000005.1 Pseudomonas aeruginosa strain 5054408350-22 IPC1490_5.1, whole genome shotgun sequence"
"RWNC01000005.1 Pseudomonas aeruginosa strain 5054408350-18 IPC1488_5.1, whole genome shotgun sequence"
"RWND01000003.1 Pseudomonas aeruginosa strain 4064320487 IPC1487_3.1, whole genome shotgun sequence"
"RWNG01000001.1 Pseudomonas aeruginosa strain 4094345258 IPC1481_1.1, whole genome shotgun sequence"
"RWNI01000001.1 Pseudomonas aeruginosa strain 5024379144-14 IPC1479_1.1, whole genome shotgun sequence"
"RWNH01000001.1 Pseudomonas aeruginosa strain 5024379144-15 IPC1480_1.1, whole genome shotgun sequence"
"RWNV01000006.1 Pseudomonas aeruginosa strain 6092.3 IPC1340_6.1, whole genome shotgun sequence"
"RWNT01000002.1 Pseudomonas aeruginosa strain 6095 IPC1342_2.1, whole genome shotgun sequence"
"RWNW01000005.1 Pseudomonas aeruginosa strain 6092.2 IPC1339_5.1, whole genome shotgun sequence"
"RWOC01000007.1 Pseudomonas aeruginosa strain 6086.2 IPC1333_7.1, whole genome shotgun sequence"
"RWOJ01000004.1 Pseudomonas aeruginosa strain 6000.2 IPC1326_4.1, whole genome shotgun sequence"
"RWOI01000005.1 Pseudomonas aeruginosa strain 6000.3 IPC1327_5.1, whole genome shotgun sequence"
"RWOK01000004.1 Pseudomonas aeruginosa strain 6000.1 IPC1325_4.1, whole genome shotgun sequence"
"RWOM01000015.1 Pseudomonas aeruginosa strain 5999.2 IPC1323_15.1, whole genome shotgun sequence"
"RWOL01000013.1 Pseudomonas aeruginosa strain 5999.3 IPC1324_13.1, whole genome shotgun sequence"
"RWON01000013.1 Pseudomonas aeruginosa strain 5999.1 IPC1322_13.1, whole genome shotgun sequence"
"RWOO01000005.1 Pseudomonas aeruginosa strain 5998 IPC1321_5.1, whole genome shotgun sequence"
"RWOU01000005.1 Pseudomonas aeruginosa strain 5992 IPC1315_5.1, whole genome shotgun sequence"
"RWPE01000003.1 Pseudomonas aeruginosa strain PA-CL549 IPC634_3.1, whole genome shotgun sequence"
"RWPF01000016.1 Pseudomonas aeruginosa strain PA-CL547b IPC633_16.1, whole genome shotgun sequence"
"RWPG01000001.1 Pseudomonas aeruginosa strain PA-CL545b IPC632_1.1, whole genome shotgun sequence"
"RWPH01000017.1 Pseudomonas aeruginosa strain PA-CL542b IPC630_17.1, whole genome shotgun sequence"
"RWPK01000003.1 Pseudomonas aeruginosa strain PA-CL534a IPC625_3.1, whole genome shotgun sequence"
"RWPI01000011.1 Pseudomonas aeruginosa strain PA-CL542a IPC629_11.1, whole genome shotgun sequence"
"RWPM01000005.1 Pseudomonas aeruginosa strain PA-CL529 IPC623_5.1, whole genome shotgun sequence"
"RWPN01000012.1 Pseudomonas aeruginosa strain PA-CL528 IPC622_12.1, whole genome shotgun sequence"
"RWPL01000003.1 Pseudomonas aeruginosa strain PA-CL532 IPC624_3.1, whole genome shotgun sequence"
"RWPO01000002.1 Pseudomonas aeruginosa strain PA-CL527 IPC621_2.1, whole genome shotgun sequence"
"RWPU01000013.1 Pseudomonas aeruginosa strain PA-CL519 IPC613_13.1, whole genome shotgun sequence"
"RWPP01000004.1 Pseudomonas aeruginosa strain PA-CL524 IPC620_4.1, whole genome shotgun sequence"
"RWPR01000002.1 Pseudomonas aeruginosa strain PA-CL521b IPC616_2.1, whole genome shotgun sequence"
"RWPV01000015.1 Pseudomonas aeruginosa strain PA-CL518 IPC612_15.1, whole genome shotgun sequence"
"RWPQ01000003.1 Pseudomonas aeruginosa strain PA-CL522b IPC618_3.1, whole genome shotgun sequence"
"RWPS01000003.1 Pseudomonas aeruginosa strain PA-CL521a IPC615_3.1, whole genome shotgun sequence"
"RWPT01000014.1 Pseudomonas aeruginosa strain PA-CL520 IPC614_14.1, whole genome shotgun sequence"
"RWPW01000013.1 Pseudomonas aeruginosa strain PA-CL517 IPC611_13.1, whole genome shotgun sequence"
"RWQD01000004.1 Pseudomonas aeruginosa strain PA-CL510 IPC604_4.1, whole genome shotgun sequence"
"RWQC01000002.1 Pseudomonas aeruginosa strain PA-CL511 IPC605_2.1, whole genome shotgun sequence"
"RWQB01000005.1 Pseudomonas aeruginosa strain PA-CL512 IPC606_5.1, whole genome shotgun sequence"
"RWQE01000006.1 Pseudomonas aeruginosa strain PA-CL509 IPC603_6.1, whole genome shotgun sequence"
"RWQG01000004.1 Pseudomonas aeruginosa strain PA-CL507 IPC601_4.1, whole genome shotgun sequence"
"RWQF01000003.1 Pseudomonas aeruginosa strain PA-CL508 IPC602_3.1, whole genome shotgun sequence"
"RWQJ01000004.1 Pseudomonas aeruginosa strain PA-CL504 IPC598_4.1, whole genome shotgun sequence"
"RWQI01000004.1 Pseudomonas aeruginosa strain PA-CL505 IPC599_4.1, whole genome shotgun sequence"
"RWQH01000004.1 Pseudomonas aeruginosa strain PA-CL506b IPC600_4.1, whole genome shotgun sequence"
"RWQL01000005.1 Pseudomonas aeruginosa strain PA-CL501 IPC596_5.1, whole genome shotgun sequence"
"RWQK01000004.1 Pseudomonas aeruginosa strain PA-CL502 IPC597_4.1, whole genome shotgun sequence"
"RWQZ01000004.1 Pseudomonas aeruginosa strain PAC91A IPC181_4.1, whole genome shotgun sequence"
"RWRA01000011.1 Pseudomonas aeruginosa strain PAC81B IPC180_11.1, whole genome shotgun sequence"
"RWRD01000003.1 Pseudomonas aeruginosa strain PAC76A IPC177_3.1, whole genome shotgun sequence"
"RWRB01000003.1 Pseudomonas aeruginosa strain PAC81A IPC179_3.1, whole genome shotgun sequence"
"RWRE01000005.1 Pseudomonas aeruginosa strain PAC60A IPC176_5.1, whole genome shotgun sequence"
"RWRH01000005.1 Pseudomonas aeruginosa strain PAC38B IPC173_5.1, whole genome shotgun sequence"
"RWRG01000005.1 Pseudomonas aeruginosa strain PAC127A IPC174_5.1, whole genome shotgun sequence"
"RWRI01000007.1 Pseudomonas aeruginosa strain PAC38A IPC172_7.1, whole genome shotgun sequence"
"RWRM01000005.1 Pseudomonas aeruginosa strain PAC98A IPC168_5.1, whole genome shotgun sequence"
"RWSC01000005.1 Pseudomonas aeruginosa strain PAC84A IPC151_5.1, whole genome shotgun sequence"
"RWSD01000006.1 Pseudomonas aeruginosa strain PAC22A IPC150_6.1, whole genome shotgun sequence"
"RWSK01000004.1 Pseudomonas aeruginosa strain PAC56B IPC143_4.1, whole genome shotgun sequence"
"RWSL01000001.1 Pseudomonas aeruginosa strain PAC56A IPC142_1.1, whole genome shotgun sequence"
"RWSM01000003.1 Pseudomonas aeruginosa strain PAC17A IPC141_3.1, whole genome shotgun sequence"
"RWSQ01000006.1 Pseudomonas aeruginosa strain PAC117B IPC135_6.1, whole genome shotgun sequence"
"RWSS01000005.1 Pseudomonas aeruginosa strain PAC13C IPC133_5.1, whole genome shotgun sequence"
"RWSX01000005.1 Pseudomonas aeruginosa strain PAC79A IPC128_5.1, whole genome shotgun sequence"
"RWSW01000003.1 Pseudomonas aeruginosa strain PAC79B IPC129_3.1, whole genome shotgun sequence"
"RWSV01000003.1 Pseudomonas aeruginosa strain PAC106A IPC130_3.1, whole genome shotgun sequence"
"RWSY01000006.1 Pseudomonas aeruginosa strain PAC11A IPC127_6.1, whole genome shotgun sequence"
"RWTC01000001.1 Pseudomonas aeruginosa strain PAC9A IPC123_1.1, whole genome shotgun sequence"
"RWTK01000014.1 Pseudomonas aeruginosa strain PAC61A IPC115_14.1, whole genome shotgun sequence"
"RWTM01000013.1 Pseudomonas aeruginosa strain PAC5B IPC113_13.1, whole genome shotgun sequence"
"RWTL01000015.1 Pseudomonas aeruginosa strain PAC46A IPC114_15.1, whole genome shotgun sequence"
"RWTN01000018.1 Pseudomonas aeruginosa strain PAC5A IPC112_18.1, whole genome shotgun sequence"
"RWTR01000021.1 Pseudomonas aeruginosa strain 326S290611BSL_PA2 IPC76_21.1, whole genome shotgun sequence"
"RWTP01000004.1 Pseudomonas aeruginosa strain 333S200112BSL_PA1 IPC78_4.1, whole genome shotgun sequence"
"RWTQ01000051.1 Pseudomonas aeruginosa strain 326S290611BSL_PA3 IPC77_51.1, whole genome shotgun sequence"
"RWTS01000001.1 Pseudomonas aeruginosa strain 326S290611BSL_PA1 IPC75_1.1, whole genome shotgun sequence"
"RWTU01000004.1 Pseudomonas aeruginosa strain 320S290711BSL_PA1 IPC73_4.1, whole genome shotgun sequence"
"RWTV01000005.1 Pseudomonas aeruginosa strain 318S170811BSL_PA2 IPC72_5.1, whole genome shotgun sequence"
"RWTT01000001.1 Pseudomonas aeruginosa strain 320S290711BSL_PA2 IPC74_1.1, whole genome shotgun sequence"
"RWTW01000005.1 Pseudomonas aeruginosa strain 318S170811BSL_PA1 IPC71_5.1, whole genome shotgun sequence"
"RWUD01000006.1 Pseudomonas aeruginosa strain 286S270711BSL_PA1 IPC61_6.1, whole genome shotgun sequence"
"RWUM01000015.1 Pseudomonas aeruginosa strain 201s070911bsl_PA1 IPC50_15.1, whole genome shotgun sequence"
"RWUL01000003.1 Pseudomonas aeruginosa strain 201s070911bsl_PA2 IPC51_3.1, whole genome shotgun sequence"
"RWUN01000006.1 Pseudomonas aeruginosa strain 197S020911BSL_PA4 IPC49_6.1, whole genome shotgun sequence"
"RWUP01000002.1 Pseudomonas aeruginosa strain 197S020911BSL_PA2 IPC47_2.1, whole genome shotgun sequence"
"RWUQ01000003.1 Pseudomonas aeruginosa strain 197S020911BSL_PA1 IPC46_3.1, whole genome shotgun sequence"
"RWUV01000005.1 Pseudomonas aeruginosa strain 175S070312EX2DAY21_PA1 IPC41_5.1, whole genome shotgun sequence"
"RWUX01000007.1 Pseudomonas aeruginosa strain 144S190811BSL_PA2 IPC38_7.1, whole genome shotgun sequence"
"RWVA01000004.1 Pseudomonas aeruginosa strain 136S260811BSL_PA2 IPC35_4.1, whole genome shotgun sequence"
"RWUY01000004.1 Pseudomonas aeruginosa strain 144S190811BSL_PA1 IPC37_4.1, whole genome shotgun sequence"
"RWVB01000005.1 Pseudomonas aeruginosa strain 136S260811BSL_PA1 IPC34_5.1, whole genome shotgun sequence"
"RWUZ01000001.1 Pseudomonas aeruginosa strain 136S260811BSL_PA3 IPC36_1.1, whole genome shotgun sequence"
"RWVJ01000017.1 Pseudomonas aeruginosa strain 4094345290 IPC1482_16.1, whole genome shotgun sequence"
"RWPJ01000004.1 Pseudomonas aeruginosa strain PA-CL534x IPC627_4.1, whole genome shotgun sequence"
"RWUU01000007.1 Pseudomonas aeruginosa strain 175S070312EX2DAY21_PA2 IPC42_7.1, whole genome shotgun sequence"
"NSUR01000004.1 Pseudomonas aeruginosa strain A237 IPC696_4.1, whole genome shotgun sequence"
"MVHB01000006.1 Pseudomonas aeruginosa strain ATCC BAA-2114 IPC1582_6.1, whole genome shotgun sequence"
"MCMC01000004.1 Pseudomonas aeruginosa strain EA0A isolate 39177 IPC1270_4.1, whole genome shotgun sequence"
"MCMD01000007.1 Pseudomonas aeruginosa strain 239A isolate 13121-1 IPC1269_7.1, whole genome shotgun sequence"
"MCMQ01000006.1 Pseudomonas aeruginosa strain FA0A isolate Pr335 IPC93_6.1, whole genome shotgun sequence"
"MCMS01000004.1 Pseudomonas aeruginosa strain 3C1A isolate Jpn1563 IPC91_4.1, whole genome shotgun sequence"
"MCMY01000006.1 Pseudomonas aeruginosa strain 55AA isolate PAK IPC83_6.1, whole genome shotgun sequence"
"NSMR01000004.1 Pseudomonas aeruginosa strain E2-DN-2 IPC1470_4.1, whole genome shotgun sequence"
"NSMS01000007.1 Pseudomonas aeruginosa strain E1-WATER-2 IPC1469_7.1, whole genome shotgun sequence"
"NSMX01000008.1 Pseudomonas aeruginosa strain PA-W45 IPC1302_8.1, whole genome shotgun sequence"
"NSNB01000002.1 Pseudomonas aeruginosa strain PA-W39 IPC1298_2.1, whole genome shotgun sequence"
"NSNA01000010.1 Pseudomonas aeruginosa strain PA-W42 IPC1299_10.1, whole genome shotgun sequence"
"NSNC01000006.1 Pseudomonas aeruginosa strain PA-W38 IPC1297_6.1, whole genome shotgun sequence"
"NSNF01000005.1 Pseudomonas aeruginosa strain PA-W33 IPC1294_5.1, whole genome shotgun sequence"
"NSNH01000004.1 Pseudomonas aeruginosa strain PA-W31 IPC1292_4.1, whole genome shotgun sequence"
"NSNN01000007.1 Pseudomonas aeruginosa strain PA-W16 IPC1286_7.1, whole genome shotgun sequence"
"NSNQ01000005.1 Pseudomonas aeruginosa strain PA-W5 IPC1283_5.1, whole genome shotgun sequence"
"NSNS01000005.1 Pseudomonas aeruginosa strain PA-W3 IPC1281_5.1, whole genome shotgun sequence"
"NSOH01000003.1 Pseudomonas aeruginosa strain JYH16 IPC1227_3.1, whole genome shotgun sequence"
"NSOK01000005.1 Pseudomonas aeruginosa strain JYH10 IPC1221_5.1, whole genome shotgun sequence"
"NSOY01000033.1 Pseudomonas aeruginosa strain HM324 IPC1163_33.1, whole genome shotgun sequence"
"NSPA01000061.1 Pseudomonas aeruginosa strain HM307 IPC1161_61.1, whole genome shotgun sequence"
"NSPC01000006.1 Pseudomonas aeruginosa strain HM301 IPC1159_6.1, whole genome shotgun sequence"
"NSPD01000006.1 Pseudomonas aeruginosa strain HM300 IPC1158_6.1, whole genome shotgun sequence"
"NSPG01000005.1 Pseudomonas aeruginosa strain HM293 IPC1155_5.1, whole genome shotgun sequence"
"NSPF01000017.1 Pseudomonas aeruginosa strain HM294 IPC1156_17.1, whole genome shotgun sequence"
"NSPB01000005.1 Pseudomonas aeruginosa strain HM306 IPC1160_5.1, whole genome shotgun sequence"
"NSPE01000005.1 Pseudomonas aeruginosa strain HM299 IPC1157_5.1, whole genome shotgun sequence"
"NSQO01000011.1 Pseudomonas aeruginosa strain D1 IPC1045_11.1, whole genome shotgun sequence"
"NSQR01000004.1 Pseudomonas aeruginosa strain A3 IPC1038_4.1, whole genome shotgun sequence"
"NSQU01000010.1 Pseudomonas aeruginosa strain 020MIC IPC1033_10.1, whole genome shotgun sequence"
"NSQY01000001.1 Pseudomonas aeruginosa strain DUN-013 IPC1018_1.1, whole genome shotgun sequence"
"NSRA01000005.1 Pseudomonas aeruginosa strain DUN-009B IPC1014_5.1, whole genome shotgun sequence"
"NSRB01000006.1 Pseudomonas aeruginosa strain DUN-008 IPC1008_6.1, whole genome shotgun sequence"
"NSSG01000005.1 Pseudomonas aeruginosa strain S1983 IPC908_5.1, whole genome shotgun sequence"
"NSSI01000005.1 Pseudomonas aeruginosa strain S2820 IPC905_5.1, whole genome shotgun sequence"
"NSSK01000003.1 Pseudomonas aeruginosa strain S2239_15 IPC902_3.1, whole genome shotgun sequence"
"NSSN01000004.1 Pseudomonas aeruginosa strain Pae110 IPC886_4.1, whole genome shotgun sequence"
"NSSY01000042.1 Pseudomonas aeruginosa strain Aa249 IPC858_42.1, whole genome shotgun sequence"
"NSTG01000004.1 Pseudomonas aeruginosa strain LiA18_2003 IPC786_4.1, whole genome shotgun sequence"
"NSTQ01000005.1 Pseudomonas aeruginosa strain Jp54 IPC747_5.1, whole genome shotgun sequence"
"NSTS01000027.1 Pseudomonas aeruginosa strain J9UH1F IPC742_27.1, whole genome shotgun sequence"
"NSUA01000007.1 Pseudomonas aeruginosa strain CPHL5083 IPC730_7.1, whole genome shotgun sequence"
"NSUB01000007.1 Pseudomonas aeruginosa strain CPHL2000 IPC729_7.1, whole genome shotgun sequence"
"NSUU01000004.1 Pseudomonas aeruginosa strain A17 IPC693_4.1, whole genome shotgun sequence"
"NSUY01000004.1 Pseudomonas aeruginosa strain A10 IPC689_4.1, whole genome shotgun sequence"
"NSVL01000001.1 Pseudomonas aeruginosa strain AMT0046-109 IPC563_1.1, whole genome shotgun sequence"
"NSWN01000006.1 Pseudomonas aeruginosa strain AUS050 IPC470_6.1, whole genome shotgun sequence"
"NSWO01000007.1 Pseudomonas aeruginosa strain AUS537 IPC468_7.1, whole genome shotgun sequence"
"NSWU01000004.1 Pseudomonas aeruginosa strain AUS507 IPC446_4.1, whole genome shotgun sequence"
"NSWY01000020.1 Pseudomonas aeruginosa strain AUS489 IPC438_20.1, whole genome shotgun sequence"
"NSXM01000005.1 Pseudomonas aeruginosa strain AUS120 IPC365_5.1, whole genome shotgun sequence"
"NSXO01000009.1 Pseudomonas aeruginosa strain AUS111 IPC358_9.1, whole genome shotgun sequence"
"NSXS01000001.1 Pseudomonas aeruginosa strain AUS093 IPC352_1.1, whole genome shotgun sequence"
"NSYR01000001.1 Pseudomonas aeruginosa strain AUS301 IPC279_1.1, whole genome shotgun sequence"
"NSYV01000004.1 Pseudomonas aeruginosa strain AUS088 IPC273_4.1, whole genome shotgun sequence"
"NSZB01000008.1 Pseudomonas aeruginosa strain AUS229 IPC255_8.1, whole genome shotgun sequence"
"NSZL01000006.1 Pseudomonas aeruginosa strain AUS195 IPC215_6.1, whole genome shotgun sequence"
"NSZF01000003.1 Pseudomonas aeruginosa strain AUS213 IPC234_3.1, whole genome shotgun sequence"
"NSZE01000005.1 Pseudomonas aeruginosa strain AUS502 IPC239_5.1, whole genome shotgun sequence"
"NSZM01000006.1 Pseudomonas aeruginosa strain AUS518 IPC212_6.1, whole genome shotgun sequence"
"NSZR01000016.1 Pseudomonas aeruginosa strain 39145 IPC109_16.1, whole genome shotgun sequence"
"NSZS01000003.1 Pseudomonas aeruginosa strain 934436V IPC108_3.1, whole genome shotgun sequence"
"NSZT01000006.1 Pseudomonas aeruginosa strain AT40 IPC107_6.1, whole genome shotgun sequence"
"NSZW01000007.1 Pseudomonas aeruginosa strain AT7 IPC104_7.1, whole genome shotgun sequence"
"NSZU01000004.1 Pseudomonas aeruginosa strain AT31 IPC106_4.1, whole genome shotgun sequence"
"NSZZ01000022.1 Pseudomonas aeruginosa strain 994 IPC101_22.1, whole genome shotgun sequence"
"NSZV01000004.1 Pseudomonas aeruginosa strain AT19 IPC105_4.1, whole genome shotgun sequence"
"NTAA01000020.1 Pseudomonas aeruginosa strain 1090 IPC100_20.1, whole genome shotgun sequence"
"NTAJ01000015.1 Pseudomonas aeruginosa strain PA-W41 IPC22_15.1, whole genome shotgun sequence"
"NTAP01000005.1 Pseudomonas aeruginosa strain PA-W25 IPC15_5.1, whole genome shotgun sequence"
"NTAT01000004.1 Pseudomonas aeruginosa strain PA-W18 IPC11_4.1, whole genome shotgun sequence"
"NTBD01000003.1 Pseudomonas aeruginosa strain PA-W2 IPC1_3.1, whole genome shotgun sequence"
"RWZH01000001.1 Pseudomonas aeruginosa strain 43CFBRPA IPC1624_1.1, whole genome shotgun sequence"
"RWZK01000001.1 Pseudomonas aeruginosa strain 20CFBRPA IPC1621_1.1, whole genome shotgun sequence"
"RWZQ01000005.1 Pseudomonas aeruginosa strain SMC1585 IPC1615_5.1, whole genome shotgun sequence"
"RWZP01000007.1 Pseudomonas aeruginosa strain SMC1587 IPC1616_7.1, whole genome shotgun sequence"
"RXAD01000004.1 Pseudomonas aeruginosa strain HCF591 IPC1421_4.1, whole genome shotgun sequence"
"RXAC01000001.1 Pseudomonas aeruginosa strain HCF73 IPC1422_1.1, whole genome shotgun sequence"
"RXAE01000004.1 Pseudomonas aeruginosa strain HCF5 IPC1419_4.1, whole genome shotgun sequence"
"RXAP01000004.1 Pseudomonas aeruginosa strain Zw70 IPC1399_4.1, whole genome shotgun sequence"
"RXAR01000018.1 Pseudomonas aeruginosa strain Zw115 IPC1390_18.1, whole genome shotgun sequence"
"RXAK01000003.1 Pseudomonas aeruginosa strain HCF100 IPC1409_3.1, whole genome shotgun sequence"
"RXBC01000003.1 Pseudomonas aeruginosa strain HJ2 IPC1374_3.1, whole genome shotgun sequence"
"RXBG01000006.1 Pseudomonas aeruginosa strain MCF178 IPC1366_6.1, whole genome shotgun sequence"
"RXBL01000013.1 Pseudomonas aeruginosa strain MCF879 IPC1361_13.1, whole genome shotgun sequence"
"RXCB01000004.1 Pseudomonas aeruginosa strain 62 IPC1175_4.1, whole genome shotgun sequence"
"RXBX01000005.1 Pseudomonas aeruginosa strain JYH9 IPC1220_5.1, whole genome shotgun sequence"
"RXCF01000015.1 Pseudomonas aeruginosa strain T3354 IPC1135_15.1, whole genome shotgun sequence"
"RXCT01000004.1 Pseudomonas aeruginosa strain W15Dec14 IPC826_4.1, whole genome shotgun sequence"
"RXDB01000003.1 Pseudomonas aeruginosa strain Jp241 IPC755_3.1, whole genome shotgun sequence"
"RXDC01000005.1 Pseudomonas aeruginosa strain Jp238 IPC754_5.1, whole genome shotgun sequence"
"RXDF01000027.1 Pseudomonas aeruginosa strain AMT0047-2 IPC566_27.1, whole genome shotgun sequence"
"RXDE01000005.1 Pseudomonas aeruginosa strain Jp60 IPC748_5.1, whole genome shotgun sequence"
"RXEE01000008.1 Pseudomonas aeruginosa strain AUS464 IPC432_8.1, whole genome shotgun sequence"
"RXEK01000002.1 Pseudomonas aeruginosa strain AUS158 IPC397_2.1, whole genome shotgun sequence"
"RXEI01000006.1 Pseudomonas aeruginosa strain AUS175 IPC412_6.1, whole genome shotgun sequence"
"RXEW01000005.1 Pseudomonas aeruginosa strain AUS110 IPC357_5.1, whole genome shotgun sequence"
"RXEY01000002.1 Pseudomonas aeruginosa strain AUS265 IPC325_2.1, whole genome shotgun sequence"
"RXFF01000005.1 Pseudomonas aeruginosa strain AUS258 IPC249_5.1, whole genome shotgun sequence"
"RWLT01000006.1 Pseudomonas aeruginosa strain 2.1 IPC1584_6.1, whole genome shotgun sequence"
"RWLV01000007.1 Pseudomonas aeruginosa strain 3052425557 IPC1523_7.1, whole genome shotgun sequence"
"RWMU01000004.1 Pseudomonas aeruginosa strain 2032935751 IPC1498_4.1, whole genome shotgun sequence"
"RWMW01000017.1 Pseudomonas aeruginosa strain 4094341901 IPC1495_17.1, whole genome shotgun sequence"
"RWMY01000008.1 Pseudomonas aeruginosa strain 3052425557 IPC1492_8.1, whole genome shotgun sequence"
"RWNB01000007.1 Pseudomonas aeruginosa strain 5054408350-20 IPC1489_7.1, whole genome shotgun sequence"
"RWNP01000005.1 Pseudomonas aeruginosa strain 6098 IPC1347_5.1, whole genome shotgun sequence"
"RWNO01000016.1 Pseudomonas aeruginosa strain 6099 IPC1348_16.1, whole genome shotgun sequence"
"RWNQ01000005.1 Pseudomonas aeruginosa strain 6097.3 IPC1346_5.1, whole genome shotgun sequence"
"RWNR01000005.1 Pseudomonas aeruginosa strain 6097.1 IPC1345_5.1, whole genome shotgun sequence"
"RWNX01000004.1 Pseudomonas aeruginosa strain 6091 IPC1338_4.1, whole genome shotgun sequence"
"RWNY01000011.1 Pseudomonas aeruginosa strain 6090 IPC1337_11.1, whole genome shotgun sequence"
"RWOD01000005.1 Pseudomonas aeruginosa strain 6086.1 IPC1332_5.1, whole genome shotgun sequence"
"RWOF01000003.1 Pseudomonas aeruginosa strain 6004 IPC1330_3.1, whole genome shotgun sequence"
"RWOE01000006.1 Pseudomonas aeruginosa strain 6085 IPC1331_6.1, whole genome shotgun sequence"
"RWOQ01000003.1 Pseudomonas aeruginosa strain 5996 IPC1319_3.1, whole genome shotgun sequence"
"RWOT01000004.1 Pseudomonas aeruginosa strain 5993 IPC1316_4.1, whole genome shotgun sequence"
"RWPC01000004.1 Pseudomonas aeruginosa strain 5987 IPC1307_4.1, whole genome shotgun sequence"
"RWRF01000007.1 Pseudomonas aeruginosa strain PAC127B IPC175_7.1, whole genome shotgun sequence"
"RWRT01000007.1 Pseudomonas aeruginosa strain PAC118A IPC161_7.1, whole genome shotgun sequence"
"RWSP01000004.1 Pseudomonas aeruginosa strain PAC14B IPC137_4.1, whole genome shotgun sequence"
"RWTD01000007.1 Pseudomonas aeruginosa strain PAC93C IPC122_7.1, whole genome shotgun sequence"
"RWTE01000008.1 Pseudomonas aeruginosa strain PAC93B IPC121_8.1, whole genome shotgun sequence"
"RWTG01000004.1 Pseudomonas aeruginosa strain PAC74A IPC119_4.1, whole genome shotgun sequence"
"RWTF01000002.1 Pseudomonas aeruginosa strain PAC93A IPC120_2.1, whole genome shotgun sequence"
"RWTI01000007.1 Pseudomonas aeruginosa strain PAC6B IPC117_7.1, whole genome shotgun sequence"
"RWTJ01000008.1 Pseudomonas aeruginosa strain PAC6A IPC116_8.1, whole genome shotgun sequence"
"RWTH01000003.1 Pseudomonas aeruginosa strain PAC39A IPC118_3.1, whole genome shotgun sequence"
"RWUI01000006.1 Pseudomonas aeruginosa strain 266S141211BSL_PA1 IPC56_6.1, whole genome shotgun sequence"
"RWUR01000004.1 Pseudomonas aeruginosa strain 192S190811BSL_PA3 IPC45_4.1, whole genome shotgun sequence"
"RWUS01000013.1 Pseudomonas aeruginosa strain 192S190811BSL_PA2 IPC44_13.1, whole genome shotgun sequence"
"RWUT01000001.1 Pseudomonas aeruginosa strain 192S190811BSL_PA1 IPC43_1.1, whole genome shotgun sequence"
"RWUW01000007.1 Pseudomonas aeruginosa strain 145S200511BSL_PA2 IPC40_7.1, whole genome shotgun sequence"
"RWVD01000005.1 Pseudomonas aeruginosa strain 66S100212BSL _PA1 IPC32_5.1, whole genome shotgun sequence"
"RWVG01000003.1 Pseudomonas aeruginosa strain 37s051011BSL_PA1 IPC29_3.1, whole genome shotgun sequence"
"RXDV01000007.1 Pseudomonas aeruginosa strain AUS074 IPC479_7.1, whole genome shotgun sequence"
"NSOZ01000029.1 Pseudomonas aeruginosa strain HM308 IPC1162_29.1, whole genome shotgun sequence"
"NSTE01000026.1 Pseudomonas aeruginosa strain LiA63_2006 IPC790_26.1, whole genome shotgun sequence"
"NSUJ01000061.1 Pseudomonas aeruginosa strain 5BR2 IPC713_61.1, whole genome shotgun sequence"
"MVGW01000003.1 Pseudomonas aeruginosa strain ATCC BAA-2109 IPC1577_3.1, whole genome shotgun sequence"
"MCLZ01000004.1 Pseudomonas aeruginosa strain 3C52 isolate TBCF10839 IPC1273_4.1, whole genome shotgun sequence"
"MCMA01000009.1 Pseudomonas aeruginosa strain F429 isolate A5803 IPC1272_9.1, whole genome shotgun sequence"
"MCMP01000008.1 Pseudomonas aeruginosa strain 2A42 isolate U018A IPC94_8.1, whole genome shotgun sequence"
"MCMU01000004.1 Pseudomonas aeruginosa strain 0C4A isolate 679 IPC87_4.1, whole genome shotgun sequence"
"MCMW01000005.1 Pseudomonas aeruginosa strain F69A isolate IST27N IPC85_5.1, whole genome shotgun sequence"
"MCMV01000004.1 Pseudomonas aeruginosa strain 3C52(K) isolate 968333S IPC86_4.1, whole genome shotgun sequence"
"MCMX01000005.1 Pseudomonas aeruginosa strain F69A isolate IST27 IPC84_5.1, whole genome shotgun sequence"
"MCMZ01000003.1 Pseudomonas aeruginosa strain 6D92(H) isolate AMT0060-3 IPC82_3.1, whole genome shotgun sequence"
"MCNA01000005.1 Pseudomonas aeruginosa strain 6D92(H) isolate AMT0060-2 IPC81_5.1, whole genome shotgun sequence"
"MCNB01000003.1 Pseudomonas aeruginosa strain 6D92(H) isolate AMT0060-1 IPC80_3.1, whole genome shotgun sequence"
"NSMP01000008.1 Pseudomonas aeruginosa strain G1-WATER-2A IPC1472_8.1, whole genome shotgun sequence"
"NSNL01000002.1 Pseudomonas aeruginosa strain PA-W23 IPC1288_2.1, whole genome shotgun sequence"
"NSNJ01000005.1 Pseudomonas aeruginosa strain PA-W28 IPC1290_5.1, whole genome shotgun sequence"
"NSNM01000004.1 Pseudomonas aeruginosa strain PA-W21 IPC1287_4.1, whole genome shotgun sequence"
"NSNO01000015.1 Pseudomonas aeruginosa strain PA-W14 IPC1285_15.1, whole genome shotgun sequence"
"NSNR01000008.1 Pseudomonas aeruginosa strain PA-W4 IPC1282_8.1, whole genome shotgun sequence"
"NSNW01000008.1 Pseudomonas aeruginosa strain 36BR IPC1246_8.1, whole genome shotgun sequence"
"NSOB01000006.1 Pseudomonas aeruginosa strain 175BR IPC1241_6.1, whole genome shotgun sequence"
"NSNX01000005.1 Pseudomonas aeruginosa strain 21BR IPC1245_5.1, whole genome shotgun sequence"
"NSNZ01000006.1 Pseudomonas aeruginosa strain 205BR IPC1243_6.1, whole genome shotgun sequence"
"NSNY01000006.1 Pseudomonas aeruginosa strain 172BR IPC1244_6.1, whole genome shotgun sequence"
"NSOA01000006.1 Pseudomonas aeruginosa strain 211BR IPC1242_6.1, whole genome shotgun sequence"
"NSOM01000005.1 Pseudomonas aeruginosa strain JYH6 IPC1217_5.1, whole genome shotgun sequence"
"NSON01000029.1 Pseudomonas aeruginosa strain HB392 IPC1191_29.1, whole genome shotgun sequence"
"NSOP01000001.1 Pseudomonas aeruginosa strain X24509 IPC1184_1.1, whole genome shotgun sequence"
"NSOO01000030.1 Pseudomonas aeruginosa strain HB159 IPC1190_30.1, whole genome shotgun sequence"
"NSQC01000001.1 Pseudomonas aeruginosa strain LiP4 IPC1075_1.1, whole genome shotgun sequence"
"NSQK01000017.1 Pseudomonas aeruginosa strain H3 IPC1060_17.1, whole genome shotgun sequence"
"NSQM01000003.1 Pseudomonas aeruginosa strain F2 IPC1053_3.1, whole genome shotgun sequence"
"NSQS01000026.1 Pseudomonas aeruginosa strain DUN-001A IPC1035_26.1, whole genome shotgun sequence"
"NSRH01000023.1 Pseudomonas aeruginosa strain 001-6 IPC988_23.1, whole genome shotgun sequence"
"NSRL01000006.1 Pseudomonas aeruginosa strain DUN-001-3B IPC984_6.1, whole genome shotgun sequence"
"NSRI01000005.1 Pseudomonas aeruginosa strain 001-5B IPC987_5.1, whole genome shotgun sequence"
"NSRK01000022.1 Pseudomonas aeruginosa strain DUN-001-4 IPC985_22.1, whole genome shotgun sequence"
"NSRJ01000005.1 Pseudomonas aeruginosa strain 001-5A IPC986_5.1, whole genome shotgun sequence"
"NSRN01000006.1 Pseudomonas aeruginosa strain DUN-001-2B IPC982_6.1, whole genome shotgun sequence"
"NSRM01000005.1 Pseudomonas aeruginosa strain DUN-001-3A IPC983_5.1, whole genome shotgun sequence"
"NSRO01000005.1 Pseudomonas aeruginosa strain DUN-001-2A IPC981_5.1, whole genome shotgun sequence"
"NSRP01000004.1 Pseudomonas aeruginosa strain DUN-001C IPC980_4.1, whole genome shotgun sequence"
"NSRQ01000005.1 Pseudomonas aeruginosa strain DUN-001B IPC979_5.1, whole genome shotgun sequence"
"NSSF01000006.1 Pseudomonas aeruginosa strain MSB3405 IPC914_6.1, whole genome shotgun sequence"
"NSSJ01000005.1 Pseudomonas aeruginosa strain S2239_16 IPC903_5.1, whole genome shotgun sequence"
"NSSH01000006.1 Pseudomonas aeruginosa strain MSB2949 IPC907_6.1, whole genome shotgun sequence"
"NSTY01000036.1 Pseudomonas aeruginosa strain CPHL8058 IPC733_36.1, whole genome shotgun sequence"
"NSUC01000006.1 Pseudomonas aeruginosa strain CPHL1999 IPC728_6.1, whole genome shotgun sequence"
"NSUH01000046.1 Pseudomonas aeruginosa strain Co380791 IPC718_46.1, whole genome shotgun sequence"
"NSUK01000003.1 Pseudomonas aeruginosa strain ESP06B IPC710_3.1, whole genome shotgun sequence"
"NSUP01000002.1 Pseudomonas aeruginosa strain SWPA15J=NSWPA15a IPC699_2.1, whole genome shotgun sequence"
"NSVA01000033.1 Pseudomonas aeruginosa strain So098 IPC677_33.1, whole genome shotgun sequence"
"NSVB01000002.1 Pseudomonas aeruginosa strain PN586(35)w IPC669_2.1, whole genome shotgun sequence"
"NSVE01000002.1 Pseudomonas aeruginosa strain HPA16 IPC651_2.1, whole genome shotgun sequence"
"NSVD01000002.1 Pseudomonas aeruginosa strain Co398373 IPC664_2.1, whole genome shotgun sequence"
"NSVF01000003.1 Pseudomonas aeruginosa strain HPA12 IPC648_3.1, whole genome shotgun sequence"
"NSVH01000002.1 Pseudomonas aeruginosa strain HPA6 IPC642_2.1, whole genome shotgun sequence"
"NSVG01000003.1 Pseudomonas aeruginosa strain HPA8 IPC644_3.1, whole genome shotgun sequence"
"NSVQ01000010.1 Pseudomonas aeruginosa strain AMT0020-84 IPC549_10.1, whole genome shotgun sequence"
"NSVU01000021.1 Pseudomonas aeruginosa strain AMT0005-1 IPC539_21.1, whole genome shotgun sequence"
"NSWV01000003.1 Pseudomonas aeruginosa strain AUS499 IPC442_3.1, whole genome shotgun sequence"
"NSWW01000004.1 Pseudomonas aeruginosa strain AUS496 IPC441_4.1, whole genome shotgun sequence"
"NSWZ01000008.1 Pseudomonas aeruginosa strain AUS485 IPC436_8.1, whole genome shotgun sequence"
"NSXG01000020.1 Pseudomonas aeruginosa strain AUS150 IPC390_20.1, whole genome shotgun sequence"
"NSXN01000018.1 Pseudomonas aeruginosa strain AUS119 IPC364_18.1, whole genome shotgun sequence"
"NSYH01000037.1 Pseudomonas aeruginosa strain AUS058 IPC306_37.1, whole genome shotgun sequence"
"NSYI01000004.1 Pseudomonas aeruginosa strain AUS327 IPC300_4.1, whole genome shotgun sequence"
"NSYM01000005.1 Pseudomonas aeruginosa strain AUS339 IPC292_5.1, whole genome shotgun sequence"
"NSYK01000003.1 Pseudomonas aeruginosa strain AUS328 IPC295_3.1, whole genome shotgun sequence"
"NSYP01000014.1 Pseudomonas aeruginosa strain AUS471 IPC282_14.1, whole genome shotgun sequence"
"NSYQ01000006.1 Pseudomonas aeruginosa strain AUS460 IPC280_6.1, whole genome shotgun sequence"
"NSZJ01000001.1 Pseudomonas aeruginosa strain AUS207 IPC226_1.1, whole genome shotgun sequence"
"NSZK01000007.1 Pseudomonas aeruginosa strain AUS205 IPC224_7.1, whole genome shotgun sequence"
"NTAG01000003.1 Pseudomonas aeruginosa strain PA-W49 IPC25_3.1, whole genome shotgun sequence"
"NTAE01000008.1 Pseudomonas aeruginosa strain 903 IPC96_8.1, whole genome shotgun sequence"
"NTAF01000018.1 Pseudomonas aeruginosa strain Mi162 IPC90_18.1, whole genome shotgun sequence"
"NTAH01000035.1 Pseudomonas aeruginosa strain PA-W48 IPC24_35.1, whole genome shotgun sequence"
"NTAL01000033.1 Pseudomonas aeruginosa strain PA-W34 IPC19_33.1, whole genome shotgun sequence"
"NTAU01000015.1 Pseudomonas aeruginosa strain PA-W17 IPC10_15.1, whole genome shotgun sequence"
"NTAZ01000005.1 Pseudomonas aeruginosa strain PA-W9 IPC5_5.1, whole genome shotgun sequence"
"NTAX01000004.1 Pseudomonas aeruginosa strain PA-W12 IPC7_4.1, whole genome shotgun sequence"
"NTBA01000005.1 Pseudomonas aeruginosa strain PA-W8 IPC4_5.1, whole genome shotgun sequence"
"RWZN01000005.1 Pseudomonas aeruginosa strain SMC1596 IPC1618_5.1, whole genome shotgun sequence"
"RWZW01000005.1 Pseudomonas aeruginosa strain NN5 IPC1433_5.1, whole genome shotgun sequence"
"RXAA01000003.1 Pseudomonas aeruginosa strain OY3 IPC1427_3.1, whole genome shotgun sequence"
"RWZZ01000005.1 Pseudomonas aeruginosa strain BJ2 IPC1428_5.1, whole genome shotgun sequence"
"RXAQ01000004.1 Pseudomonas aeruginosa strain Zw5 IPC1396_4.1, whole genome shotgun sequence"
"RXAV01000015.1 Pseudomonas aeruginosa strain Zw64 IPC1384_15.1, whole genome shotgun sequence"
"RXAX01000019.1 Pseudomonas aeruginosa strain Zw31 IPC1381_19.1, whole genome shotgun sequence"
"RXAT01000005.1 Pseudomonas aeruginosa strain PT12 IPC1387_5.1, whole genome shotgun sequence"
"RXBH01000002.1 Pseudomonas aeruginosa strain MCF149 IPC1365_2.1, whole genome shotgun sequence"
"RXBJ01000004.1 Pseudomonas aeruginosa strain MCF1018 IPC1363_4.1, whole genome shotgun sequence"
"RXBM01000004.1 Pseudomonas aeruginosa strain MCF430 IPC1360_4.1, whole genome shotgun sequence"
"RXBY01000005.1 Pseudomonas aeruginosa strain JYH7 IPC1218_5.1, whole genome shotgun sequence"
"RXCJ01000003.1 Pseudomonas aeruginosa strain E2758 IPC1126_3.1, whole genome shotgun sequence"
"RXCP01000006.1 Pseudomonas aeruginosa strain 3141 IPC1105_6.1, whole genome shotgun sequence"
"RXCS01000016.1 Pseudomonas aeruginosa strain W15Dec4 IPC828_16.1, whole genome shotgun sequence"
"RXDL01000015.1 Pseudomonas aeruginosa strain AMT0020-83 IPC548_15.1, whole genome shotgun sequence"
"RXEB01000015.1 Pseudomonas aeruginosa strain AUS505 IPC445_15.1, whole genome shotgun sequence"
"RXEC01000005.1 Pseudomonas aeruginosa strain AUS501 IPC444_5.1, whole genome shotgun sequence"
"RXEG01000006.1 Pseudomonas aeruginosa strain AUS177 IPC414_6.1, whole genome shotgun sequence"
"RXEH01000008.1 Pseudomonas aeruginosa strain AUS176 IPC413_8.1, whole genome shotgun sequence"
"RXET01000001.1 Pseudomonas aeruginosa strain AUS128 IPC371_1.1, whole genome shotgun sequence"
"RXFB01000007.1 Pseudomonas aeruginosa strain AUS516 IPC287_7.1, whole genome shotgun sequence"
"RXFH01000005.1 Pseudomonas aeruginosa strain AUS525 IPC246_5.1, whole genome shotgun sequence"
"RXFK01000014.1 Pseudomonas aeruginosa strain AUS209 IPC229_14.1, whole genome shotgun sequence"
"RWLR01000006.1 Pseudomonas aeruginosa strain 4 IPC1586_6.1, whole genome shotgun sequence"
"RWLW01000010.1 Pseudomonas aeruginosa strain 4084336477 IPC1522_10.1, whole genome shotgun sequence"
"RWLZ01000013.1 Pseudomonas aeruginosa strain 4084334344 IPC1519_13.1, whole genome shotgun sequence"
"RWMC01000021.1 Pseudomonas aeruginosa strain 5024383182 IPC1516_21.1, whole genome shotgun sequence"
"RWMD01000007.1 Pseudomonas aeruginosa strain 5014375428 IPC1515_7.1, whole genome shotgun sequence"
"RWMT01000004.1 Pseudomonas aeruginosa strain 9092533235 IPC1499_4.1, whole genome shotgun sequence"
"RWMZ01000006.1 Pseudomonas aeruginosa strain 5034388513 IPC1491_6.1, whole genome shotgun sequence"
"RWNJ01000014.1 Pseudomonas aeruginosa strain 41004355322 IPC1478_14.1, whole genome shotgun sequence"
"RWNK01000012.1 Pseudomonas aeruginosa strain 5054407658-17 IPC1477_12.1, whole genome shotgun sequence"
"RWNN01000033.1 Pseudomonas aeruginosa strain 6102 IPC1349_33.1, whole genome shotgun sequence"
"RWNL01000013.1 Pseudomonas aeruginosa strain 5054407658-16 IPC1476_13.1, whole genome shotgun sequence"
"RWNS01000004.1 Pseudomonas aeruginosa strain 6096 IPC1343_4.1, whole genome shotgun sequence"
"RWOW01000007.1 Pseudomonas aeruginosa strain 5990.3 IPC1313_7.1, whole genome shotgun sequence"
"RWOX01000003.1 Pseudomonas aeruginosa strain 5990.2 IPC1312_3.1, whole genome shotgun sequence"
"RWOY01000023.1 Pseudomonas aeruginosa strain 5990.1 IPC1311_23.1, whole genome shotgun sequence"
"RWPX01000015.1 Pseudomonas aeruginosa strain PA-CL516 IPC610_15.1, whole genome shotgun sequence"
"RWPY01000013.1 Pseudomonas aeruginosa strain PA-CL515 IPC609_13.1, whole genome shotgun sequence"
"RWPZ01000004.1 Pseudomonas aeruginosa strain PA-CL514 IPC608_4.1, whole genome shotgun sequence"
"RWSB01000007.1 Pseudomonas aeruginosa strain PAC94A IPC152_7.1, whole genome shotgun sequence"
"RWSN01000004.1 Pseudomonas aeruginosa strain PAC15B IPC140_4.1, whole genome shotgun sequence"
"RWSO01000002.1 Pseudomonas aeruginosa strain PAC15A IPC139_2.1, whole genome shotgun sequence"
"RWTX01000005.1 Pseudomonas aeruginosa strain 313s141011BSL_PA1 IPC70_5.1, whole genome shotgun sequence"
"RWUC01000008.1 Pseudomonas aeruginosa strain 293S080611BSL_PA1 IPC64_8.1, whole genome shotgun sequence"
"RWUB01000007.1 Pseudomonas aeruginosa strain 293S080611BSL_PA2 IPC65_7.1, whole genome shotgun sequence"
"RWUA01000001.1 Pseudomonas aeruginosa strain 295s071211BSL_PA1 IPC66_1.1, whole genome shotgun sequence"
"RWVI01000006.1 Pseudomonas aeruginosa strain 2S030611BSL_PA1 IPC26_6.1, whole genome shotgun sequence"
"NSXI01000011.1 Pseudomonas aeruginosa strain AUS148 IPC388_11.1, whole genome shotgun sequence"
"RXCD01000007.1 Pseudomonas aeruginosa strain T3044 IPC1146_7.1, whole genome shotgun sequence"
"MVGV01000029.1 Pseudomonas aeruginosa strain ATCC BAA-2108 IPC1576_29.1, whole genome shotgun sequence"
"MVGZ01000017.1 Pseudomonas aeruginosa strain ATCC BAA-2112 IPC1580_17.1, whole genome shotgun sequence"
"MCME01000010.1 Pseudomonas aeruginosa strain E429 isolate 15108-1 IPC1268_10.1, whole genome shotgun sequence"
"MCMF01000017.1 Pseudomonas aeruginosa strain D429(Q) isolate Mi162_2 IPC1266_17.1, whole genome shotgun sequence"
"MCMJ01000027.1 Pseudomonas aeruginosa strain AF9A isolate AA2 IPC1259_27.1, whole genome shotgun sequence"
"MCMO01000005.1 Pseudomonas aeruginosa strain F462 isolate CPHL9433 IPC95_5.1, whole genome shotgun sequence"
"NSMY01000003.1 Pseudomonas aeruginosa strain PA-W44 IPC1301_3.1, whole genome shotgun sequence"
"NSND01000012.1 Pseudomonas aeruginosa strain PA-W37 IPC1296_12.1, whole genome shotgun sequence"
"NSNK01000015.1 Pseudomonas aeruginosa strain PA-W24 IPC1289_15.1, whole genome shotgun sequence"
"NSNP01000009.1 Pseudomonas aeruginosa strain PA-W10 IPC1284_9.1, whole genome shotgun sequence"
"NSNV01000004.1 Pseudomonas aeruginosa strain AA43 IPC1275_4.1, whole genome shotgun sequence"
"NSOF01000017.1 Pseudomonas aeruginosa strain JYH22 IPC1233_17.1, whole genome shotgun sequence"
"NSOG01000034.1 Pseudomonas aeruginosa strain JYH18 IPC1229_34.1, whole genome shotgun sequence"
"NSOR01000009.1 Pseudomonas aeruginosa strain S54485 IPC1180_9.1, whole genome shotgun sequence"
"NSOX01000007.1 Pseudomonas aeruginosa strain D9 3362 IPC1164_7.1, whole genome shotgun sequence"
"NSPL01000019.1 Pseudomonas aeruginosa strain B9(T2436) IPC1133_19.1, whole genome shotgun sequence"
"NSPM01000019.1 Pseudomonas aeruginosa strain A3(H638) IPC1125_19.1, whole genome shotgun sequence"
"NSPN01000005.1 Pseudomonas aeruginosa strain B3(T2101) IPC1124_5.1, whole genome shotgun sequence"
"NSPP01000002.1 Pseudomonas aeruginosa strain C7(T3583) IPC1112_2.1, whole genome shotgun sequence"
"NSPO01000004.1 Pseudomonas aeruginosa strain A1(A2448) IPC1122_4.1, whole genome shotgun sequence"
"NSQH01000009.1 Pseudomonas aeruginosa strain LiP1d IPC1070_9.1, whole genome shotgun sequence"
"NSQL01000003.1 Pseudomonas aeruginosa strain G2 IPC1057_3.1, whole genome shotgun sequence"
"NSQQ01000036.1 Pseudomonas aeruginosa strain B2 IPC1040_36.1, whole genome shotgun sequence"
"NSQZ01000001.1 Pseudomonas aeruginosa strain 010-4 IPC1015_1.1, whole genome shotgun sequence"
"NSRD01000008.1 Pseudomonas aeruginosa strain DUN-006 IPC1005_8.1, whole genome shotgun sequence"
"NSRF01000013.1 Pseudomonas aeruginosa strain DUN-003B IPC995_13.1, whole genome shotgun sequence"
"NSSL01000052.1 Pseudomonas aeruginosa strain PMM38 IPC888_52.1, whole genome shotgun sequence"
"NSTC01000008.1 Pseudomonas aeruginosa strain LiA96_2004 IPC797_8.1, whole genome shotgun sequence"
"NSTD01000007.1 Pseudomonas aeruginosa strain LiA91_2004 IPC796_7.1, whole genome shotgun sequence"
"NSTJ01000003.1 Pseudomonas aeruginosa strain LiA145_2005 IPC780_3.1, whole genome shotgun sequence"
"NSTH01000004.1 Pseudomonas aeruginosa strain LiA179_2006 IPC785_4.1, whole genome shotgun sequence"
"NSTL01000008.1 Pseudomonas aeruginosa strain LiA131_2005 IPC775_8.1, whole genome shotgun sequence"
"NSTP01000008.1 Pseudomonas aeruginosa strain Jp97 IPC749_8.1, whole genome shotgun sequence"
"NSTT01000005.1 Pseudomonas aeruginosa strain Tu61 IPC740_5.1, whole genome shotgun sequence"
"NSTV01000014.1 Pseudomonas aeruginosa strain CPHL10662 IPC737_14.1, whole genome shotgun sequence"
"NSTW01000024.1 Pseudomonas aeruginosa strain CPHL10299 IPC736_24.1, whole genome shotgun sequence"
"NSTX01000002.1 Pseudomonas aeruginosa strain CPHL8203 IPC734_2.1, whole genome shotgun sequence"
"NSTZ01000005.1 Pseudomonas aeruginosa strain CPHL6749 IPC731_5.1, whole genome shotgun sequence"
"NSUF01000010.1 Pseudomonas aeruginosa strain IDEXX_Canine4 IPC723_10.1, whole genome shotgun sequence"
"NSUO01000002.1 Pseudomonas aeruginosa strain C5311 IPC700_2.1, whole genome shotgun sequence"
"NSUQ01000008.1 Pseudomonas aeruginosa strain Mex2 IPC698_8.1, whole genome shotgun sequence"
"NSVI01000008.1 Pseudomonas aeruginosa strain PUPa3 IPC595_8.1, whole genome shotgun sequence"
"NSVK01000029.1 Pseudomonas aeruginosa strain AMT0071-76 IPC573_29.1, whole genome shotgun sequence"
"NSVP01000005.1 Pseudomonas aeruginosa strain AMT0020-1 IPC550_5.1, whole genome shotgun sequence"
"NSVO01000009.1 Pseudomonas aeruginosa strain AMT0026-3 IPC555_9.1, whole genome shotgun sequence"
"NSWQ01000006.1 Pseudomonas aeruginosa strain AUS674 IPC462_6.1, whole genome shotgun sequence"
"NSXJ01000012.1 Pseudomonas aeruginosa strain AUS138 IPC379_12.1, whole genome shotgun sequence"
"NSXQ01000001.1 Pseudomonas aeruginosa strain AUS105 IPC354_1.1, whole genome shotgun sequence"
"NSXX01000019.1 Pseudomonas aeruginosa strain AUS054 IPC340_19.1, whole genome shotgun sequence"
"NSYC01000008.1 Pseudomonas aeruginosa strain AUS283 IPC323_8.1, whole genome shotgun sequence"
"NSYZ01000005.1 Pseudomonas aeruginosa strain AUS275 IPC260_5.1, whole genome shotgun sequence"
"NSZO01000005.1 Pseudomonas aeruginosa strain AUS185 IPC203_5.1, whole genome shotgun sequence"
"NSZX01000007.1 Pseudomonas aeruginosa strain 152504sp2 IPC103_7.1, whole genome shotgun sequence"
"NTAI01000002.1 Pseudomonas aeruginosa strain PA-W47 IPC23_2.1, whole genome shotgun sequence"
"NTBC01000005.1 Pseudomonas aeruginosa strain PA-W6 IPC2_5.1, whole genome shotgun sequence"
"NTBB01000012.1 Pseudomonas aeruginosa strain PA-W7 IPC3_12.1, whole genome shotgun sequence"
"RXAB01000006.1 Pseudomonas aeruginosa strain BJ4 IPC1423_6.1, whole genome shotgun sequence"
"RXAF01000001.1 Pseudomonas aeruginosa strain HCF410 IPC1417_1.1, whole genome shotgun sequence"
"RXAM01000005.1 Pseudomonas aeruginosa strain HCF55 IPC1407_5.1, whole genome shotgun sequence"
"RXAN01000007.1 Pseudomonas aeruginosa strain HCF483 IPC1405_7.1, whole genome shotgun sequence"
"RXAL01000007.1 Pseudomonas aeruginosa strain HCF86 IPC1408_7.1, whole genome shotgun sequence"
"RXAO01000004.1 Pseudomonas aeruginosa strain HCF19 IPC1401_4.1, whole genome shotgun sequence"
"RXAS01000010.1 Pseudomonas aeruginosa strain Zw9 IPC1389_10.1, whole genome shotgun sequence"
"RXAW01000001.1 Pseudomonas aeruginosa strain Zw49 IPC1383_1.1, whole genome shotgun sequence"
"RXBA01000005.1 Pseudomonas aeruginosa strain SS1 IPC1376_5.1, whole genome shotgun sequence"
"RXBI01000006.1 Pseudomonas aeruginosa strain MCF134 IPC1364_6.1, whole genome shotgun sequence"
"RXBQ01000018.1 Pseudomonas aeruginosa strain JYH23 IPC1234_18.1, whole genome shotgun sequence"
"RXBW01000009.1 Pseudomonas aeruginosa strain JYH11 IPC1222_9.1, whole genome shotgun sequence"
"RXBO01000001.1 Pseudomonas aeruginosa strain JYH29 IPC1240_1.1, whole genome shotgun sequence"
"RXBP01000003.1 Pseudomonas aeruginosa strain JYH25 IPC1236_3.1, whole genome shotgun sequence"
"RXCE01000007.1 Pseudomonas aeruginosa strain T3677 IPC1136_7.1, whole genome shotgun sequence"
"RXDD01000007.1 Pseudomonas aeruginosa strain Jp100 IPC750_7.1, whole genome shotgun sequence"
"RXDJ01000008.1 Pseudomonas aeruginosa strain AMT0026-2 IPC554_8.1, whole genome shotgun sequence"
"RXDK01000001.1 Pseudomonas aeruginosa strain AMT0026-1 IPC553_1.1, whole genome shotgun sequence"
"RXDX01000006.1 Pseudomonas aeruginosa strain AUS526 IPC450_6.1, whole genome shotgun sequence"
"RXDW01000007.1 Pseudomonas aeruginosa strain AUS449 IPC451_7.1, whole genome shotgun sequence"
"RXDY01000006.1 Pseudomonas aeruginosa strain AUS512 IPC449_6.1, whole genome shotgun sequence"
"RXED01000017.1 Pseudomonas aeruginosa strain AUS500 IPC443_17.1, whole genome shotgun sequence"
"RXEF01000017.1 Pseudomonas aeruginosa strain AUS178 IPC415_17.1, whole genome shotgun sequence"
"RXES01000004.1 Pseudomonas aeruginosa strain AUS136 IPC377_4.1, whole genome shotgun sequence"
"RXEU01000006.1 Pseudomonas aeruginosa strain AUS125 IPC369_6.1, whole genome shotgun sequence"
"RXEZ01000002.1 Pseudomonas aeruginosa strain AUS527 IPC324_2.1, whole genome shotgun sequence"
"RXFJ01000005.1 Pseudomonas aeruginosa strain AUS214 IPC236_5.1, whole genome shotgun sequence"
"RWLA01000004.1 Pseudomonas aeruginosa strain 20 IPC1603_4.1, whole genome shotgun sequence"
"RWMA01000177.1 Pseudomonas aeruginosa strain 5054408345 IPC1518_177.1, whole genome shotgun sequence"
"RWML01000009.1 Pseudomonas aeruginosa strain 4114358565 IPC1507_9.1, whole genome shotgun sequence"
"RWMM01000058.1 Pseudomonas aeruginosa strain 5024382749-14 IPC1506_58.1, whole genome shotgun sequence"
"RWMN01000013.1 Pseudomonas aeruginosa strain 5024382749-13 IPC1505_13.1, whole genome shotgun sequence"
"RWMQ01000003.1 Pseudomonas aeruginosa strain 1042828174-20 IPC1502_3.1, whole genome shotgun sequence"
"RWMX01000007.1 Pseudomonas aeruginosa strain 4064321111 IPC1494_7.1, whole genome shotgun sequence"
"RWNM01000005.1 Pseudomonas aeruginosa strain 4124363505 IPC1474_5.1, whole genome shotgun sequence"
"RWNU01000005.1 Pseudomonas aeruginosa strain 6093 IPC1341_5.1, whole genome shotgun sequence"
"RWNZ01000004.1 Pseudomonas aeruginosa strain 6089 IPC1336_4.1, whole genome shotgun sequence"
"RWOA01000008.1 Pseudomonas aeruginosa strain 6088 IPC1335_8.1, whole genome shotgun sequence"
"RWOH01000005.1 Pseudomonas aeruginosa strain 6001 IPC1328_5.1, whole genome shotgun sequence"
"RWOR01000008.1 Pseudomonas aeruginosa strain 5995 IPC1318_8.1, whole genome shotgun sequence"
"RWQA01000002.1 Pseudomonas aeruginosa strain PA-CL513 IPC607_2.1, whole genome shotgun sequence"
"RWQX01000011.1 Pseudomonas aeruginosa strain PAC95B IPC183_11.1, whole genome shotgun sequence"
"RWQY01000005.1 Pseudomonas aeruginosa strain PAC95A IPC182_5.1, whole genome shotgun sequence"
"RWRJ01000004.1 Pseudomonas aeruginosa strain PAC98D IPC171_4.1, whole genome shotgun sequence"
"RWRK01000005.1 Pseudomonas aeruginosa strain PAC98C IPC170_5.1, whole genome shotgun sequence"
"RWRL01000004.1 Pseudomonas aeruginosa strain PAC98B IPC169_4.1, whole genome shotgun sequence"
"RWRN01000005.1 Pseudomonas aeruginosa strain PAC80A IPC167_5.1, whole genome shotgun sequence"
"RWRO01000004.1 Pseudomonas aeruginosa strain PAC70B IPC166_4.1, whole genome shotgun sequence"
"RWRR01000004.1 Pseudomonas aeruginosa strain PAC31B IPC163_4.1, whole genome shotgun sequence"
"RWRP01000005.1 Pseudomonas aeruginosa strain PAC70A IPC165_5.1, whole genome shotgun sequence"
"RWRQ01000006.1 Pseudomonas aeruginosa strain PAC42A IPC164_6.1, whole genome shotgun sequence"
"RWSF01000005.1 Pseudomonas aeruginosa strain PAC78A IPC148_5.1, whole genome shotgun sequence"
"RWSG01000005.1 Pseudomonas aeruginosa strain PAC33B IPC147_5.1, whole genome shotgun sequence"
"RWSE01000011.1 Pseudomonas aeruginosa strain PAC78B IPC149_11.1, whole genome shotgun sequence"
"RWSH01000009.1 Pseudomonas aeruginosa strain PAC33A IPC146_9.1, whole genome shotgun sequence"
"RWSJ01000004.1 Pseudomonas aeruginosa strain PAC18A IPC144_4.1, whole genome shotgun sequence"
"RWSI01000011.1 Pseudomonas aeruginosa strain PAC18B IPC145_11.1, whole genome shotgun sequence"
"RWTO01000005.1 Pseudomonas aeruginosa strain PAC54A IPC111_5.1, whole genome shotgun sequence"
"RWUG01000003.1 Pseudomonas aeruginosa strain 274S010611BSL_PA1 IPC58_3.1, whole genome shotgun sequence"
"RWVE01000014.1 Pseudomonas aeruginosa strain 44s031011BSL_PA2 IPC31_14.1, whole genome shotgun sequence"
"RWVF01000011.1 Pseudomonas aeruginosa strain 44s031011BSL_PA1 IPC30_11.1, whole genome shotgun sequence"
"RWRS01000005.1 Pseudomonas aeruginosa strain PAC31A IPC162_5.1, whole genome shotgun sequence"
"NSNU01000004.1 Pseudomonas aeruginosa strain AA44 IPC1276_4.1, whole genome shotgun sequence"
"NSYS01000030.1 Pseudomonas aeruginosa strain AUS476 IPC277_30.1, whole genome shotgun sequence"
"RWUH01000008.1 Pseudomonas aeruginosa strain 272S250511BSL_PA1 IPC57_8.1, whole genome shotgun sequence"
"MCLX01000013.1 Pseudomonas aeruginosa 39016 IPC1264_13.1, whole genome shotgun sequence"
"MCMR01000021.1 Pseudomonas aeruginosa strain E42A(B) isolate LMG14084 IPC92_21.1, whole genome shotgun sequence"
"NSMV01000009.1 Pseudomonas aeruginosa strain AL191 IPC1350_9.1, whole genome shotgun sequence"
"NSNG01000007.1 Pseudomonas aeruginosa strain PA-W32 IPC1293_7.1, whole genome shotgun sequence"
"NSOQ01000016.1 Pseudomonas aeruginosa strain U2504 IPC1182_16.1, whole genome shotgun sequence"
"NSOS01000011.1 Pseudomonas aeruginosa strain JJ692 IPC1177_11.1, whole genome shotgun sequence"
"NSPH01000001.1 Pseudomonas aeruginosa strain E9(4068) IPC1152_1.1, whole genome shotgun sequence"
"NSPJ01000009.1 Pseudomonas aeruginosa strain C8(T3532) IPC1145_9.1, whole genome shotgun sequence"
"NSSP01000007.1 Pseudomonas aeruginosa strain Tu863 IPC884_7.1, whole genome shotgun sequence"
"NSSO01000004.1 Pseudomonas aeruginosa strain TuD199 IPC885_4.1, whole genome shotgun sequence"
"NSSW01000011.1 Pseudomonas aeruginosa strain Bo559 IPC867_11.1, whole genome shotgun sequence"
"NSSV01000003.1 Pseudomonas aeruginosa strain Cotonu1 IPC875_3.1, whole genome shotgun sequence"
"NSTO01000021.1 Pseudomonas aeruginosa strain Jp224 IPC752_21.1, whole genome shotgun sequence"
"NSTM01000015.1 Pseudomonas aeruginosa strain Jp1140 IPC757_15.1, whole genome shotgun sequence"
"NSUE01000018.1 Pseudomonas aeruginosa strain IDEXX_Canine8 IPC725_18.1, whole genome shotgun sequence"
"NSUL01000005.1 Pseudomonas aeruginosa strain CND03 IPC706_5.1, whole genome shotgun sequence"
"NSUZ01000026.1 Pseudomonas aeruginosa strain A9 IPC688_26.1, whole genome shotgun sequence"
"NSUV01000001.1 Pseudomonas aeruginosa strain A15 IPC692_1.1, whole genome shotgun sequence"
"NSYO01000014.1 Pseudomonas aeruginosa strain AUS517 IPC288_14.1, whole genome shotgun sequence"
"NSYN01000005.1 Pseudomonas aeruginosa strain AUS321 IPC289_5.1, whole genome shotgun sequence"
"NTAC01000013.1 Pseudomonas aeruginosa strain 1098 IPC98_13.1, whole genome shotgun sequence"
"NTAW01000001.1 Pseudomonas aeruginosa strain PA-W13 IPC8_1.1, whole genome shotgun sequence"
"NSPQ01000020.1 Pseudomonas aeruginosa strain B1(P2356) IPC1107_20.1, whole genome shotgun sequence"
"NSPI01000007.1 Pseudomonas aeruginosa strain C9(P1814) IPC1147_7.1, whole genome shotgun sequence"
"RWZX01000017.1 Pseudomonas aeruginosa strain SC1 IPC1432_17.1, whole genome shotgun sequence"
"RXBK01000006.1 Pseudomonas aeruginosa strain MCF922 IPC1362_6.1, whole genome shotgun sequence"
"RXBT01000030.1 Pseudomonas aeruginosa strain JYH17 IPC1228_30.1, whole genome shotgun sequence"
"RXBV01000002.1 Pseudomonas aeruginosa strain JYH13 IPC1224_2.1, whole genome shotgun sequence"
"RXCX01000013.1 Pseudomonas aeruginosa strain Jp1206 IPC761_13.1, whole genome shotgun sequence"
"RXCV01000001.1 Pseudomonas aeruginosa strain W15Apr4 IPC824_1.1, whole genome shotgun sequence"
"RXDA01000017.1 Pseudomonas aeruginosa strain Jp1155 IPC758_17.1, whole genome shotgun sequence"
"RXCZ01000013.1 Pseudomonas aeruginosa strain Jp1170 IPC759_13.1, whole genome shotgun sequence"
"RXCY01000013.1 Pseudomonas aeruginosa strain Jp1200 IPC760_13.1, whole genome shotgun sequence"
"RXFL01000013.1 Pseudomonas aeruginosa strain Jp222 IPC751_13.1, whole genome shotgun sequence"
"RXDZ01000008.1 Pseudomonas aeruginosa strain AUS511 IPC448_8.1, whole genome shotgun sequence"
"RXEL01000001.1 Pseudomonas aeruginosa strain AUS157 IPC396_1.1, whole genome shotgun sequence"
"RXEM01000008.1 Pseudomonas aeruginosa strain AUS156 IPC395_8.1, whole genome shotgun sequence"
"RXFA01000001.1 Pseudomonas aeruginosa strain AUS277 IPC317_1.1, whole genome shotgun sequence"
"RXFD01000006.1 Pseudomonas aeruginosa strain AUS227 IPC253_6.1, whole genome shotgun sequence"
"RXFI01000002.1 Pseudomonas aeruginosa strain AUS221 IPC245_2.1, whole genome shotgun sequence"
"RWLI01000008.1 Pseudomonas aeruginosa strain 13 IPC1595_8.1, whole genome shotgun sequence"
"RWPB01000004.1 Pseudomonas aeruginosa strain 5988.2 IPC1308_4.1, whole genome shotgun sequence"
"RWQM01000001.1 Pseudomonas aeruginosa strain 78RV IPC589_1.1, whole genome shotgun sequence"
"RWQP01000001.1 Pseudomonas aeruginosa strain 34JS IPC582_1.1, whole genome shotgun sequence"
"RWQO01000001.1 Pseudomonas aeruginosa strain 57SJ IPC584_1.1, whole genome shotgun sequence"
"RWQS01000001.1 Pseudomonas aeruginosa strain 19SV IPC578_1.1, whole genome shotgun sequence"
"RWQQ01000001.1 Pseudomonas aeruginosa strain 32SB IPC580_1.1, whole genome shotgun sequence"
"RWQN01000001.1 Pseudomonas aeruginosa strain 57RV IPC586_1.1, whole genome shotgun sequence"
"RWQR01000001.1 Pseudomonas aeruginosa strain 32SP IPC579_1.1, whole genome shotgun sequence"
"RWQT01000001.1 Pseudomonas aeruginosa strain 19R IPC577_1.1, whole genome shotgun sequence"
"RWQV01000001.1 Pseudomonas aeruginosa strain 18G IPC574_1.1, whole genome shotgun sequence"
"RWQU01000011.1 Pseudomonas aeruginosa strain 19SJV IPC576_11.1, whole genome shotgun sequence"
"RWUO01000004.1 Pseudomonas aeruginosa strain 197S020911BSL_PA3 IPC48_4.1, whole genome shotgun sequence"
"RWVH01000004.1 Pseudomonas aeruginosa strain 29S030611BSL_PA1 IPC27_4.1, whole genome shotgun sequence"
"RWVK01000001.1 Pseudomonas aeruginosa strain 19SJO IPC575_1.1, whole genome shotgun sequence"
"NSQV01000029.1 Pseudomonas aeruginosa strain DUN-018 IPC1031_29.1, whole genome shotgun sequence"
"NSMW01000013.1 Pseudomonas aeruginosa strain PA-W46 IPC1303_13.1, whole genome shotgun sequence"
"NSOL01000012.1 Pseudomonas aeruginosa strain JYH8 IPC1219_12.1, whole genome shotgun sequence"
"NSRE01000002.1 Pseudomonas aeruginosa strain DUN-004 IPC1001_2.1, whole genome shotgun sequence"
"NSSU01000009.1 Pseudomonas aeruginosa strain LMG2107 IPC877_9.1, whole genome shotgun sequence"
"NSZA01000002.1 Pseudomonas aeruginosa strain AUS232 IPC258_2.1, whole genome shotgun sequence"
"RWZY01000004.1 Pseudomonas aeruginosa strain FM4 IPC1429_4.1, whole genome shotgun sequence"
"RXCC01000021.1 Pseudomonas aeruginosa strain P1885 IPC1150_21.1, whole genome shotgun sequence"
"RWPA01000006.1 Pseudomonas aeruginosa strain 5988.3 IPC1309_6.1, whole genome shotgun sequence"
"NSZN01000027.1 Pseudomonas aeruginosa strain AUS186 IPC205_27.1, whole genome shotgun sequence"
"NSTK01000008.1 Pseudomonas aeruginosa strain LiA133_2003 IPC776_8.1, whole genome shotgun sequence"
"NSTR01000029.1 Pseudomonas aeruginosa strain J80UH1OS1 IPC744_29.1, whole genome shotgun sequence"
"RXFE01000005.1 Pseudomonas aeruginosa strain AUS226 IPC252_5.1, whole genome shotgun sequence"
"NSNT01000005.1 Pseudomonas aeruginosa strain PA-W1 IPC1280_5.1, whole genome shotgun sequence"
"NSQX01000008.1 Pseudomonas aeruginosa strain 014-2A IPC1020_8.1, whole genome shotgun sequence"
"NTAD01000021.1 Pseudomonas aeruginosa strain 856 IPC97_21.1, whole genome shotgun sequence"
"RWZR01000005.1 Pseudomonas aeruginosa strain Zw73_1 IPC1439_5.1, whole genome shotgun sequence"
"RWLN01000022.1 Pseudomonas aeruginosa strain 8 IPC1590_22.1, whole genome shotgun sequence"
"NTAR01000026.1 Pseudomonas aeruginosa strain PA-W20 IPC13_26.1, whole genome shotgun sequence"
"RXCM01000009.1 Pseudomonas aeruginosa strain P2404 IPC1110_9.1, whole genome shotgun sequence"
"NSZD01000002.1 Pseudomonas aeruginosa strain AUS217 IPC241_2.1, whole genome shotgun sequence"
"NSST01000001.1 Pseudomonas aeruginosa strain LMG5031 IPC878_1.1, whole genome shotgun sequence"
"NSXA01000004.1 Pseudomonas aeruginosa strain AUS483 IPC434_4.1, whole genome shotgun sequence"
"NSNE01000066.1 Pseudomonas aeruginosa strain PA-W36 IPC1295_66.1, whole genome shotgun sequence"
"NSNE01000002.1 Pseudomonas aeruginosa strain PA-W36 IPC1295_2.1, whole genome shotgun sequence"
"NTAR01000038.1 Pseudomonas aeruginosa strain PA-W20 IPC13_38.1, whole genome shotgun sequence"
"RXCM01000032.1 Pseudomonas aeruginosa strain P2404 IPC1110_32.1, whole genome shotgun sequence"
