"MCMO01000004.1 Pseudomonas aeruginosa strain F462 isolate CPHL9433 IPC95_4.1, whole genome shotgun sequence"
"NSNO01000007.1 Pseudomonas aeruginosa strain PA-W14 IPC1285_7.1, whole genome shotgun sequence"
"NSTT01000003.1 Pseudomonas aeruginosa strain Tu61 IPC740_3.1, whole genome shotgun sequence"
"NSTV01000005.1 Pseudomonas aeruginosa strain CPHL10662 IPC737_5.1, whole genome shotgun sequence"
"NSWA01000001.1 Pseudomonas aeruginosa strain AUS305 IPC506_1.1, whole genome shotgun sequence"
"NSVY01000002.1 Pseudomonas aeruginosa strain AUS309 IPC508_2.1, whole genome shotgun sequence"
"NSVZ01000003.1 Pseudomonas aeruginosa strain AUS307 IPC507_3.1, whole genome shotgun sequence"
"NSYL01000001.1 Pseudomonas aeruginosa strain AUS306 IPC294_1.1, whole genome shotgun sequence"
"NSSC01000002.1 Pseudomonas aeruginosa strain U0288B IPC927_2.1, whole genome shotgun sequence"
"RXCO01000001.1 Pseudomonas aeruginosa strain T3979 IPC1106_1.1, whole genome shotgun sequence"
"RXDW01000016.1 Pseudomonas aeruginosa strain AUS449 IPC451_16.1, whole genome shotgun sequence"
"RXDY01000002.1 Pseudomonas aeruginosa strain AUS512 IPC449_2.1, whole genome shotgun sequence"
"RXDZ01000012.1 Pseudomonas aeruginosa strain AUS511 IPC448_12.1, whole genome shotgun sequence"
"RXFD01000002.1 Pseudomonas aeruginosa strain AUS227 IPC253_2.1, whole genome shotgun sequence"
"NSVL01000010.1 Pseudomonas aeruginosa strain AMT0046-109 IPC563_10.1, whole genome shotgun sequence"
"RXDI01000010.1 Pseudomonas aeruginosa strain AMT0046-107 IPC561_10.1, whole genome shotgun sequence"
"RXDH01000007.1 Pseudomonas aeruginosa strain AMT0046-108 IPC562_7.1, whole genome shotgun sequence"
"RWUC01000003.1 Pseudomonas aeruginosa strain 293S080611BSL_PA1 IPC64_3.1, whole genome shotgun sequence"
"RWUB01000015.1 Pseudomonas aeruginosa strain 293S080611BSL_PA2 IPC65_15.1, whole genome shotgun sequence"
"RWUA01000009.1 Pseudomonas aeruginosa strain 295s071211BSL_PA1 IPC66_9.1, whole genome shotgun sequence"
"RWUO01000002.1 Pseudomonas aeruginosa strain 197S020911BSL_PA3 IPC48_2.1, whole genome shotgun sequence"
"RXCW01000023.1 Pseudomonas aeruginosa strain Jp1303 IPC762_23.1, whole genome shotgun sequence"
"RXFI01000004.1 Pseudomonas aeruginosa strain AUS221 IPC245_4.1, whole genome shotgun sequence"
"MVGX01000001.1 Pseudomonas aeruginosa strain ATCC BAA-2110 IPC1578_1.1, whole genome shotgun sequence"
"MVGZ01000001.1 Pseudomonas aeruginosa strain ATCC BAA-2112 IPC1580_1.1, whole genome shotgun sequence"
"MCML01000003.1 Pseudomonas aeruginosa strain E82A isolate AES-1R IPC1257_3.1, whole genome shotgun sequence"
"NSMT01000003.1 Pseudomonas aeruginosa strain AL561 IPC1353_3.1, whole genome shotgun sequence"
"NSNW01000004.1 Pseudomonas aeruginosa strain 36BR IPC1246_4.1, whole genome shotgun sequence"
"NSOB01000003.1 Pseudomonas aeruginosa strain 175BR IPC1241_3.1, whole genome shotgun sequence"
"NSNZ01000004.1 Pseudomonas aeruginosa strain 205BR IPC1243_4.1, whole genome shotgun sequence"
"NSNX01000002.1 Pseudomonas aeruginosa strain 21BR IPC1245_2.1, whole genome shotgun sequence"
"NSNY01000003.1 Pseudomonas aeruginosa strain 172BR IPC1244_3.1, whole genome shotgun sequence"
"NSOA01000003.1 Pseudomonas aeruginosa strain 211BR IPC1242_3.1, whole genome shotgun sequence"
"NSOG01000017.1 Pseudomonas aeruginosa strain JYH18 IPC1229_17.1, whole genome shotgun sequence"
"NSOP01000002.1 Pseudomonas aeruginosa strain X24509 IPC1184_2.1, whole genome shotgun sequence"
"NSOX01000021.1 Pseudomonas aeruginosa strain D9 3362 IPC1164_21.1, whole genome shotgun sequence"
"NSPL01000011.1 Pseudomonas aeruginosa strain B9(T2436) IPC1133_11.1, whole genome shotgun sequence"
"NSPM01000001.1 Pseudomonas aeruginosa strain A3(H638) IPC1125_1.1, whole genome shotgun sequence"
"NSQQ01000022.1 Pseudomonas aeruginosa strain B2 IPC1040_22.1, whole genome shotgun sequence"
"NSRD01000018.1 Pseudomonas aeruginosa strain DUN-006 IPC1005_18.1, whole genome shotgun sequence"
"NSRR01000006.1 Pseudomonas aeruginosa strain U454A IPC977_6.1, whole genome shotgun sequence"
"NSSA01000004.1 Pseudomonas aeruginosa strain U0310A IPC935_4.1, whole genome shotgun sequence"
"NSSL01000019.1 Pseudomonas aeruginosa strain PMM38 IPC888_19.1, whole genome shotgun sequence"
"NSTC01000012.1 Pseudomonas aeruginosa strain LiA96_2004 IPC797_12.1, whole genome shotgun sequence"
"NSTB01000003.1 Pseudomonas aeruginosa strain W5Aug16 IPC830_3.1, whole genome shotgun sequence"
"NSTD01000012.1 Pseudomonas aeruginosa strain LiA91_2004 IPC796_12.1, whole genome shotgun sequence"
"NSTJ01000010.1 Pseudomonas aeruginosa strain LiA145_2005 IPC780_10.1, whole genome shotgun sequence"
"NSTL01000013.1 Pseudomonas aeruginosa strain LiA131_2005 IPC775_13.1, whole genome shotgun sequence"
"NSUF01000018.1 Pseudomonas aeruginosa strain IDEXX_Canine4 IPC723_18.1, whole genome shotgun sequence"
"NSUX01000013.1 Pseudomonas aeruginosa strain A11 IPC690_13.1, whole genome shotgun sequence"
"NSUW01000011.1 Pseudomonas aeruginosa strain A13 IPC691_11.1, whole genome shotgun sequence"
"NSVK01000011.1 Pseudomonas aeruginosa strain AMT0071-76 IPC573_11.1, whole genome shotgun sequence"
"NSVO01000012.1 Pseudomonas aeruginosa strain AMT0026-3 IPC555_12.1, whole genome shotgun sequence"
"NSWP01000001.1 Pseudomonas aeruginosa strain AUS675 IPC463_1.1, whole genome shotgun sequence"
"NSWX01000001.1 Pseudomonas aeruginosa strain AUS491 IPC440_1.1, whole genome shotgun sequence"
"NSXD01000002.1 Pseudomonas aeruginosa strain AUS165 IPC404_2.1, whole genome shotgun sequence"
"NSXE01000003.1 Pseudomonas aeruginosa strain AUS154 IPC393_3.1, whole genome shotgun sequence"
"NSXI01000010.1 Pseudomonas aeruginosa strain AUS148 IPC388_10.1, whole genome shotgun sequence"
"NSYC01000012.1 Pseudomonas aeruginosa strain AUS283 IPC323_12.1, whole genome shotgun sequence"
"NSYH01000014.1 Pseudomonas aeruginosa strain AUS058 IPC306_14.1, whole genome shotgun sequence"
"NSYM01000006.1 Pseudomonas aeruginosa strain AUS339 IPC292_6.1, whole genome shotgun sequence"
"NSYQ01000001.1 Pseudomonas aeruginosa strain AUS460 IPC280_1.1, whole genome shotgun sequence"
"NSYX01000007.1 Pseudomonas aeruginosa strain AUS462 IPC266_7.1, whole genome shotgun sequence"
"NSZG01000001.1 Pseudomonas aeruginosa strain AUS210 IPC231_1.1, whole genome shotgun sequence"
"NTAZ01000002.1 Pseudomonas aeruginosa strain PA-W9 IPC5_2.1, whole genome shotgun sequence"
"NTBB01000003.1 Pseudomonas aeruginosa strain PA-W7 IPC3_3.1, whole genome shotgun sequence"
"NTBA01000001.1 Pseudomonas aeruginosa strain PA-W8 IPC4_1.1, whole genome shotgun sequence"
"RXAD01000001.1 Pseudomonas aeruginosa strain HCF591 IPC1421_1.1, whole genome shotgun sequence"
"RXAV01000001.1 Pseudomonas aeruginosa strain Zw64 IPC1384_1.1, whole genome shotgun sequence"
"RXBB01000007.1 Pseudomonas aeruginosa strain H2 IPC1375_7.1, whole genome shotgun sequence"
"RXBO01000020.1 Pseudomonas aeruginosa strain JYH29 IPC1240_20.1, whole genome shotgun sequence"
"RXCB01000001.1 Pseudomonas aeruginosa strain 62 IPC1175_1.1, whole genome shotgun sequence"
"RXCD01000001.1 Pseudomonas aeruginosa strain T3044 IPC1146_1.1, whole genome shotgun sequence"
"RXCE01000001.1 Pseudomonas aeruginosa strain T3677 IPC1136_1.1, whole genome shotgun sequence"
"RXCJ01000025.1 Pseudomonas aeruginosa strain E2758 IPC1126_25.1, whole genome shotgun sequence"
"RXCN01000004.1 Pseudomonas aeruginosa strain P2733 IPC1108_4.1, whole genome shotgun sequence"
"RXCS01000001.1 Pseudomonas aeruginosa strain W15Dec4 IPC828_1.1, whole genome shotgun sequence"
"RXDJ01000017.1 Pseudomonas aeruginosa strain AMT0026-2 IPC554_17.1, whole genome shotgun sequence"
"RXDK01000003.1 Pseudomonas aeruginosa strain AMT0026-1 IPC553_3.1, whole genome shotgun sequence"
"RXEC01000013.1 Pseudomonas aeruginosa strain AUS501 IPC444_13.1, whole genome shotgun sequence"
"RXEJ01000006.1 Pseudomonas aeruginosa strain AUS174 IPC411_6.1, whole genome shotgun sequence"
"RXEQ01000005.1 Pseudomonas aeruginosa strain AUS311 IPC381_5.1, whole genome shotgun sequence"
"RXEV01000008.1 Pseudomonas aeruginosa strain AUS122 IPC367_8.1, whole genome shotgun sequence"
"RXFC01000001.1 Pseudomonas aeruginosa strain AUS452 IPC270_1.1, whole genome shotgun sequence"
"RWLA01000013.1 Pseudomonas aeruginosa strain 20 IPC1603_13.1, whole genome shotgun sequence"
"RWLI01000028.1 Pseudomonas aeruginosa strain 13 IPC1595_28.1, whole genome shotgun sequence"
"RWLJ01000002.1 Pseudomonas aeruginosa strain 12 IPC1594_2.1, whole genome shotgun sequence"
"RWLP01000002.1 Pseudomonas aeruginosa strain 6 IPC1588_2.1, whole genome shotgun sequence"
"RWLR01000004.1 Pseudomonas aeruginosa strain 4 IPC1586_4.1, whole genome shotgun sequence"
"RWLU01000001.1 Pseudomonas aeruginosa strain 1 IPC1583_1.1, whole genome shotgun sequence"
"RWLZ01000001.1 Pseudomonas aeruginosa strain 4084334344 IPC1519_1.1, whole genome shotgun sequence"
"RWMC01000001.1 Pseudomonas aeruginosa strain 5024383182 IPC1516_1.1, whole genome shotgun sequence"
"RWMD01000001.1 Pseudomonas aeruginosa strain 5014375428 IPC1515_1.1, whole genome shotgun sequence"
"RWME01000002.1 Pseudomonas aeruginosa strain 5023272159 IPC1514_2.1, whole genome shotgun sequence"
"RWMX01000001.1 Pseudomonas aeruginosa strain 4064321111 IPC1494_1.1, whole genome shotgun sequence"
"RWNN01000003.1 Pseudomonas aeruginosa strain 6102 IPC1349_3.1, whole genome shotgun sequence"
"RWNT01000006.1 Pseudomonas aeruginosa strain 6095 IPC1342_6.1, whole genome shotgun sequence"
"RWOH01000001.1 Pseudomonas aeruginosa strain 6001 IPC1328_1.1, whole genome shotgun sequence"
"RWPB01000003.1 Pseudomonas aeruginosa strain 5988.2 IPC1308_3.1, whole genome shotgun sequence"
"RWPC01000002.1 Pseudomonas aeruginosa strain 5987 IPC1307_2.1, whole genome shotgun sequence"
"RWQA01000001.1 Pseudomonas aeruginosa strain PA-CL513 IPC607_1.1, whole genome shotgun sequence"
"RWRJ01000002.1 Pseudomonas aeruginosa strain PAC98D IPC171_2.1, whole genome shotgun sequence"
"RWRK01000003.1 Pseudomonas aeruginosa strain PAC98C IPC170_3.1, whole genome shotgun sequence"
"RWRL01000001.1 Pseudomonas aeruginosa strain PAC98B IPC169_1.1, whole genome shotgun sequence"
"RWRN01000002.1 Pseudomonas aeruginosa strain PAC80A IPC167_2.1, whole genome shotgun sequence"
"RWRO01000001.1 Pseudomonas aeruginosa strain PAC70B IPC166_1.1, whole genome shotgun sequence"
"RWRR01000001.1 Pseudomonas aeruginosa strain PAC31B IPC163_1.1, whole genome shotgun sequence"
"RWRP01000002.1 Pseudomonas aeruginosa strain PAC70A IPC165_2.1, whole genome shotgun sequence"
"RWRQ01000003.1 Pseudomonas aeruginosa strain PAC42A IPC164_3.1, whole genome shotgun sequence"
"RWUD01000004.1 Pseudomonas aeruginosa strain 286S270711BSL_PA1 IPC61_4.1, whole genome shotgun sequence"
"RWUH01000019.1 Pseudomonas aeruginosa strain 272S250511BSL_PA1 IPC57_19.1, whole genome shotgun sequence"
"RWUM01000014.1 Pseudomonas aeruginosa strain 201s070911bsl_PA1 IPC50_14.1, whole genome shotgun sequence"
"RWUL01000006.1 Pseudomonas aeruginosa strain 201s070911bsl_PA2 IPC51_6.1, whole genome shotgun sequence"
"RWUR01000006.1 Pseudomonas aeruginosa strain 192S190811BSL_PA3 IPC45_6.1, whole genome shotgun sequence"
"RWUS01000002.1 Pseudomonas aeruginosa strain 192S190811BSL_PA2 IPC44_2.1, whole genome shotgun sequence"
"RWUT01000003.1 Pseudomonas aeruginosa strain 192S190811BSL_PA1 IPC43_3.1, whole genome shotgun sequence"
"RWRS01000003.1 Pseudomonas aeruginosa strain PAC31A IPC162_3.1, whole genome shotgun sequence"
"NSXG01000002.1 Pseudomonas aeruginosa strain AUS150 IPC390_2.1, whole genome shotgun sequence"
"MVHB01000009.1 Pseudomonas aeruginosa strain ATCC BAA-2114 IPC1582_9.1, whole genome shotgun sequence"
"MCMF01000020.1 Pseudomonas aeruginosa strain D429(Q) isolate Mi162_2 IPC1266_20.1, whole genome shotgun sequence"
"MCMR01000011.1 Pseudomonas aeruginosa strain E42A(B) isolate LMG14084 IPC92_11.1, whole genome shotgun sequence"
"NSMW01000008.1 Pseudomonas aeruginosa strain PA-W46 IPC1303_8.1, whole genome shotgun sequence"
"NSOH01000004.1 Pseudomonas aeruginosa strain JYH16 IPC1227_4.1, whole genome shotgun sequence"
"NSOR01000001.1 Pseudomonas aeruginosa strain S54485 IPC1180_1.1, whole genome shotgun sequence"
"NSQH01000015.1 Pseudomonas aeruginosa strain LiP1d IPC1070_15.1, whole genome shotgun sequence"
"NSSO01000018.1 Pseudomonas aeruginosa strain TuD199 IPC885_18.1, whole genome shotgun sequence"
"NSTO01000015.1 Pseudomonas aeruginosa strain Jp224 IPC752_15.1, whole genome shotgun sequence"
"NSTM01000005.1 Pseudomonas aeruginosa strain Jp1140 IPC757_5.1, whole genome shotgun sequence"
"NSUM01000001.1 Pseudomonas aeruginosa strain CN573=PSE143 IPC705_1.1, whole genome shotgun sequence"
"NSWV01000001.1 Pseudomonas aeruginosa strain AUS499 IPC442_1.1, whole genome shotgun sequence"
"NSWY01000001.1 Pseudomonas aeruginosa strain AUS489 IPC438_1.1, whole genome shotgun sequence"
"NSXC01000001.1 Pseudomonas aeruginosa strain AUS392 IPC426_1.1, whole genome shotgun sequence"
"NSYI01000001.1 Pseudomonas aeruginosa strain AUS327 IPC300_1.1, whole genome shotgun sequence"
"NSYK01000001.1 Pseudomonas aeruginosa strain AUS328 IPC295_1.1, whole genome shotgun sequence"
"NSYN01000001.1 Pseudomonas aeruginosa strain AUS321 IPC289_1.1, whole genome shotgun sequence"
"NSZJ01000004.1 Pseudomonas aeruginosa strain AUS207 IPC226_4.1, whole genome shotgun sequence"
"NSZZ01000001.1 Pseudomonas aeruginosa strain 994 IPC101_1.1, whole genome shotgun sequence"
"NTAG01000007.1 Pseudomonas aeruginosa strain PA-W49 IPC25_7.1, whole genome shotgun sequence"
"RXAQ01000002.1 Pseudomonas aeruginosa strain Zw5 IPC1396_2.1, whole genome shotgun sequence"
"RXCX01000011.1 Pseudomonas aeruginosa strain Jp1206 IPC761_11.1, whole genome shotgun sequence"
"RXDA01000010.1 Pseudomonas aeruginosa strain Jp1155 IPC758_10.1, whole genome shotgun sequence"
"RXCZ01000019.1 Pseudomonas aeruginosa strain Jp1170 IPC759_19.1, whole genome shotgun sequence"
"RXCY01000011.1 Pseudomonas aeruginosa strain Jp1200 IPC760_11.1, whole genome shotgun sequence"
"RXED01000011.1 Pseudomonas aeruginosa strain AUS500 IPC443_11.1, whole genome shotgun sequence"
"RWOF01000001.1 Pseudomonas aeruginosa strain 6004 IPC1330_1.1, whole genome shotgun sequence"
"RWPA01000005.1 Pseudomonas aeruginosa strain 5988.3 IPC1309_5.1, whole genome shotgun sequence"
"MVGV01000001.1 Pseudomonas aeruginosa strain ATCC BAA-2108 IPC1576_1.1, whole genome shotgun sequence"
"MVGY01000001.1 Pseudomonas aeruginosa strain ATCC BAA-2111 IPC1579_1.1, whole genome shotgun sequence"
"MCLX01000020.1 Pseudomonas aeruginosa 39016 IPC1264_20.1, whole genome shotgun sequence"
"MCLY01000001.1 Pseudomonas aeruginosa strain 2C22 isolate 57P31PA IPC1274_1.1, whole genome shotgun sequence"
"MCMC01000001.1 Pseudomonas aeruginosa strain EA0A isolate 39177 IPC1270_1.1, whole genome shotgun sequence"
"MCMQ01000005.1 Pseudomonas aeruginosa strain FA0A isolate Pr335 IPC93_5.1, whole genome shotgun sequence"
"MCMT01000001.1 Pseudomonas aeruginosa strain 6822 isolate NH57388A IPC88_1.1, whole genome shotgun sequence"
"MCMV01000001.1 Pseudomonas aeruginosa strain 3C52(K) isolate 968333S IPC86_1.1, whole genome shotgun sequence"
"NSMR01000001.1 Pseudomonas aeruginosa strain E2-DN-2 IPC1470_1.1, whole genome shotgun sequence"
"NSMX01000002.1 Pseudomonas aeruginosa strain PA-W45 IPC1302_2.1, whole genome shotgun sequence"
"NSMZ01000003.1 Pseudomonas aeruginosa strain PA-W43 IPC1300_3.1, whole genome shotgun sequence"
"NSNC01000005.1 Pseudomonas aeruginosa strain PA-W38 IPC1297_5.1, whole genome shotgun sequence"
"NSNG01000030.1 Pseudomonas aeruginosa strain PA-W32 IPC1293_30.1, whole genome shotgun sequence"
"NSNI01000001.1 Pseudomonas aeruginosa strain PA-W29 IPC1291_1.1, whole genome shotgun sequence"
"NSNN01000002.1 Pseudomonas aeruginosa strain PA-W16 IPC1286_2.1, whole genome shotgun sequence"
"NSOF01000019.1 Pseudomonas aeruginosa strain JYH22 IPC1233_19.1, whole genome shotgun sequence"
"NSOE01000002.1 Pseudomonas aeruginosa strain JYH24 IPC1235_2.1, whole genome shotgun sequence"
"NSOJ01000001.1 Pseudomonas aeruginosa strain JYH12 IPC1223_1.1, whole genome shotgun sequence"
"NSOL01000001.1 Pseudomonas aeruginosa strain JYH8 IPC1219_1.1, whole genome shotgun sequence"
"NSOQ01000020.1 Pseudomonas aeruginosa strain U2504 IPC1182_20.1, whole genome shotgun sequence"
"NSOI01000037.1 Pseudomonas aeruginosa strain JYH14 IPC1225_37.1, whole genome shotgun sequence"
"NSOS01000001.1 Pseudomonas aeruginosa strain JJ692 IPC1177_1.1, whole genome shotgun sequence"
"NSOU01000001.1 Pseudomonas aeruginosa strain CF27 IPC1173_1.1, whole genome shotgun sequence"
"NSOV01000003.1 Pseudomonas aeruginosa strain CF5 IPC1171_3.1, whole genome shotgun sequence"
"NSOT01000002.1 Pseudomonas aeruginosa strain CF127 IPC1174_2.1, whole genome shotgun sequence"
"NSOW01000003.1 Pseudomonas aeruginosa E2 IPC1165_3.1, whole genome shotgun sequence"
"NSOZ01000001.1 Pseudomonas aeruginosa strain HM308 IPC1162_1.1, whole genome shotgun sequence"
"NSOY01000001.1 Pseudomonas aeruginosa strain HM324 IPC1163_1.1, whole genome shotgun sequence"
"NSPA01000004.1 Pseudomonas aeruginosa strain HM307 IPC1161_4.1, whole genome shotgun sequence"
"NSPC01000001.1 Pseudomonas aeruginosa strain HM301 IPC1159_1.1, whole genome shotgun sequence"
"NSPD01000001.1 Pseudomonas aeruginosa strain HM300 IPC1158_1.1, whole genome shotgun sequence"
"NSPG01000001.1 Pseudomonas aeruginosa strain HM293 IPC1155_1.1, whole genome shotgun sequence"
"NSPB01000001.1 Pseudomonas aeruginosa strain HM306 IPC1160_1.1, whole genome shotgun sequence"
"NSPE01000008.1 Pseudomonas aeruginosa strain HM299 IPC1157_8.1, whole genome shotgun sequence"
"NSPF01000001.1 Pseudomonas aeruginosa strain HM294 IPC1156_1.1, whole genome shotgun sequence"
"NSPK01000003.1 Pseudomonas aeruginosa strain E1(T4189) IPC1138_3.1, whole genome shotgun sequence"
"NSPJ01000021.1 Pseudomonas aeruginosa strain C8(T3532) IPC1145_21.1, whole genome shotgun sequence"
"NSPN01000009.1 Pseudomonas aeruginosa strain B3(T2101) IPC1124_9.1, whole genome shotgun sequence"
"NSPP01000007.1 Pseudomonas aeruginosa strain C7(T3583) IPC1112_7.1, whole genome shotgun sequence"
"NSQN01000001.1 Pseudomonas aeruginosa strain E2_H133420224 IPC1048_1.1, whole genome shotgun sequence"
"NSQR01000010.1 Pseudomonas aeruginosa strain A3 IPC1038_10.1, whole genome shotgun sequence"
"NSRG01000014.1 Pseudomonas aeruginosa strain DUN-002C IPC991_14.1, whole genome shotgun sequence"
"NSRT01000012.1 Pseudomonas aeruginosa strain U435 IPC971_12.1, whole genome shotgun sequence"
"NSSB01000003.1 Pseudomonas aeruginosa strain U0306 IPC934_3.1, whole genome shotgun sequence"
"NSTE01000001.1 Pseudomonas aeruginosa strain LiA63_2006 IPC790_1.1, whole genome shotgun sequence"
"NSTQ01000002.1 Pseudomonas aeruginosa strain Jp54 IPC747_2.1, whole genome shotgun sequence"
"NSTS01000001.1 Pseudomonas aeruginosa strain J9UH1F IPC742_1.1, whole genome shotgun sequence"
"NSTZ01000007.1 Pseudomonas aeruginosa strain CPHL6749 IPC731_7.1, whole genome shotgun sequence"
"NSTX01000001.1 Pseudomonas aeruginosa strain CPHL8203 IPC734_1.1, whole genome shotgun sequence"
"NSUL01000022.1 Pseudomonas aeruginosa strain CND03 IPC706_22.1, whole genome shotgun sequence"
"NSUO01000001.1 Pseudomonas aeruginosa strain C5311 IPC700_1.1, whole genome shotgun sequence"
"NSUP01000001.1 Pseudomonas aeruginosa strain SWPA15J=NSWPA15a IPC699_1.1, whole genome shotgun sequence"
"NSUT01000012.1 Pseudomonas aeruginosa strain A19 IPC694_12.1, whole genome shotgun sequence"
"NSUY01000001.1 Pseudomonas aeruginosa strain A10 IPC689_1.1, whole genome shotgun sequence"
"NSVN01000002.1 Pseudomonas aeruginosa strain AMT0026-67 IPC556_2.1, whole genome shotgun sequence"
"NSVT01000003.1 Pseudomonas aeruginosa strain AMT0005-138 IPC543_3.1, whole genome shotgun sequence"
"NSWF01000003.1 Pseudomonas aeruginosa strain AUS457 IPC483_3.1, whole genome shotgun sequence"
"NSWO01000001.1 Pseudomonas aeruginosa strain AUS537 IPC468_1.1, whole genome shotgun sequence"
"NSWR01000001.1 Pseudomonas aeruginosa strain AUS631 IPC460_1.1, whole genome shotgun sequence"
"NSWU01000001.1 Pseudomonas aeruginosa strain AUS507 IPC446_1.1, whole genome shotgun sequence"
"NSXW01000030.1 Pseudomonas aeruginosa strain AUS066 IPC345_30.1, whole genome shotgun sequence"
"NSXV01000001.1 Pseudomonas aeruginosa strain AUS073 IPC346_1.1, whole genome shotgun sequence"
"NSYF01000011.1 Pseudomonas aeruginosa strain AUS238 IPC309_11.1, whole genome shotgun sequence"
"NSYJ01000001.1 Pseudomonas aeruginosa strain AUS504 IPC297_1.1, whole genome shotgun sequence"
"NSZB01000002.1 Pseudomonas aeruginosa strain AUS229 IPC255_2.1, whole genome shotgun sequence"
"NSZE01000003.1 Pseudomonas aeruginosa strain AUS502 IPC239_3.1, whole genome shotgun sequence"
"NSZK01000034.1 Pseudomonas aeruginosa strain AUS205 IPC224_34.1, whole genome shotgun sequence"
"NSZM01000001.1 Pseudomonas aeruginosa strain AUS518 IPC212_1.1, whole genome shotgun sequence"
"NSZP01000012.1 Pseudomonas aeruginosa strain AUS183 IPC201_12.1, whole genome shotgun sequence"
"NSZR01000001.1 Pseudomonas aeruginosa strain 39145 IPC109_1.1, whole genome shotgun sequence"
"NSZS01000002.1 Pseudomonas aeruginosa strain 934436V IPC108_2.1, whole genome shotgun sequence"
"NSZT01000001.1 Pseudomonas aeruginosa strain AT40 IPC107_1.1, whole genome shotgun sequence"
"NSZU01000001.1 Pseudomonas aeruginosa strain AT31 IPC106_1.1, whole genome shotgun sequence"
"NSZW01000001.1 Pseudomonas aeruginosa strain AT7 IPC104_1.1, whole genome shotgun sequence"
"NSZV01000003.1 Pseudomonas aeruginosa strain AT19 IPC105_3.1, whole genome shotgun sequence"
"NTAB01000005.1 Pseudomonas aeruginosa strain 982 IPC99_5.1, whole genome shotgun sequence"
"NTAA01000013.1 Pseudomonas aeruginosa strain 1090 IPC100_13.1, whole genome shotgun sequence"
"NTAJ01000001.1 Pseudomonas aeruginosa strain PA-W41 IPC22_1.1, whole genome shotgun sequence"
"NTAP01000001.1 Pseudomonas aeruginosa strain PA-W25 IPC15_1.1, whole genome shotgun sequence"
"NTAS01000001.1 Pseudomonas aeruginosa strain PA-W19 IPC12_1.1, whole genome shotgun sequence"
"NTBC01000007.1 Pseudomonas aeruginosa strain PA-W6 IPC2_7.1, whole genome shotgun sequence"
"NTBD01000002.1 Pseudomonas aeruginosa strain PA-W2 IPC1_2.1, whole genome shotgun sequence"
"NSPQ01000017.1 Pseudomonas aeruginosa strain B1(P2356) IPC1107_17.1, whole genome shotgun sequence"
"NSPI01000003.1 Pseudomonas aeruginosa strain C9(P1814) IPC1147_3.1, whole genome shotgun sequence"
"RWZH01000012.1 Pseudomonas aeruginosa strain 43CFBRPA IPC1624_12.1, whole genome shotgun sequence"
"RWZK01000011.1 Pseudomonas aeruginosa strain 20CFBRPA IPC1621_11.1, whole genome shotgun sequence"
"RWZV01000002.1 Pseudomonas aeruginosa strain OY15 IPC1434_2.1, whole genome shotgun sequence"
"RWZM01000001.1 Pseudomonas aeruginosa strain SMC5450 IPC1619_1.1, whole genome shotgun sequence"
"RWZQ01000001.1 Pseudomonas aeruginosa strain SMC1585 IPC1615_1.1, whole genome shotgun sequence"
"RXAB01000001.1 Pseudomonas aeruginosa strain BJ4 IPC1423_1.1, whole genome shotgun sequence"
"RXAI01000001.1 Pseudomonas aeruginosa strain HCF331 IPC1413_1.1, whole genome shotgun sequence"
"RXAJ01000001.1 Pseudomonas aeruginosa strain HCF238 IPC1412_1.1, whole genome shotgun sequence"
"RXBG01000001.1 Pseudomonas aeruginosa strain MCF178 IPC1366_1.1, whole genome shotgun sequence"
"RXBQ01000019.1 Pseudomonas aeruginosa strain JYH23 IPC1234_19.1, whole genome shotgun sequence"
"RXBR01000001.1 Pseudomonas aeruginosa strain JYH21 IPC1232_1.1, whole genome shotgun sequence"
"RXCG01000003.1 Pseudomonas aeruginosa strain T4242 IPC1134_3.1, whole genome shotgun sequence"
"RXCL01000001.1 Pseudomonas aeruginosa strain 2810 IPC1111_1.1, whole genome shotgun sequence"
"RXCR01000002.1 Pseudomonas aeruginosa strain W15Okt31 IPC829_2.1, whole genome shotgun sequence"
"RXCT01000001.1 Pseudomonas aeruginosa strain W15Dec14 IPC826_1.1, whole genome shotgun sequence"
"RXDC01000001.1 Pseudomonas aeruginosa strain Jp238 IPC754_1.1, whole genome shotgun sequence"
"RXDE01000002.1 Pseudomonas aeruginosa strain Jp60 IPC748_2.1, whole genome shotgun sequence"
"RXDO01000001.1 Pseudomonas aeruginosa strain AMT0005-137 IPC542_1.1, whole genome shotgun sequence"
"RXDP01000001.1 Pseudomonas aeruginosa strain AMT0005-136 IPC541_1.1, whole genome shotgun sequence"
"RXDQ01000001.1 Pseudomonas aeruginosa strain AMT0005-135 IPC540_1.1, whole genome shotgun sequence"
"RXDT01000002.1 Pseudomonas aeruginosa strain AUS456 IPC482_2.1, whole genome shotgun sequence"
"RXDU01000001.1 Pseudomonas aeruginosa strain AUS455 IPC481_1.1, whole genome shotgun sequence"
"RXDV01000002.1 Pseudomonas aeruginosa strain AUS074 IPC479_2.1, whole genome shotgun sequence"
"RXEA01000004.1 Pseudomonas aeruginosa strain AUS510 IPC447_4.1, whole genome shotgun sequence"
"RXEE01000005.1 Pseudomonas aeruginosa strain AUS464 IPC432_5.1, whole genome shotgun sequence"
"RXEM01000005.1 Pseudomonas aeruginosa strain AUS156 IPC395_5.1, whole genome shotgun sequence"
"RXEP01000002.1 Pseudomonas aeruginosa strain AUS141 IPC382_2.1, whole genome shotgun sequence"
"RXEU01000001.1 Pseudomonas aeruginosa strain AUS125 IPC369_1.1, whole genome shotgun sequence"
"RXFG01000001.1 Pseudomonas aeruginosa strain AUS222 IPC247_1.1, whole genome shotgun sequence"
"RXFH01000001.1 Pseudomonas aeruginosa strain AUS525 IPC246_1.1, whole genome shotgun sequence"
"RWLC01000001.1 Pseudomonas aeruginosa strain 18 IPC1601_1.1, whole genome shotgun sequence"
"RWLD01000004.1 Pseudomonas aeruginosa strain 17 IPC1600_4.1, whole genome shotgun sequence"
"RWLL01000002.1 Pseudomonas aeruginosa strain 10 IPC1592_2.1, whole genome shotgun sequence"
"RWLS01000003.1 Pseudomonas aeruginosa strain 3 IPC1585_3.1, whole genome shotgun sequence"
"RWLT01000001.1 Pseudomonas aeruginosa strain 2.1 IPC1584_1.1, whole genome shotgun sequence"
"RWLY01000002.1 Pseudomonas aeruginosa strain 4104355315 IPC1520_2.1, whole genome shotgun sequence"
"RWMU01000001.1 Pseudomonas aeruginosa strain 2032935751 IPC1498_1.1, whole genome shotgun sequence"
"RWNE01000007.1 Pseudomonas aeruginosa strain 5034388498-21 IPC1486_7.1, whole genome shotgun sequence"
"RWNF01000008.1 Pseudomonas aeruginosa strain 5034388498-20 IPC1485_8.1, whole genome shotgun sequence"
"RWNG01000012.1 Pseudomonas aeruginosa strain 4094345258 IPC1481_12.1, whole genome shotgun sequence"
"RWNI01000011.1 Pseudomonas aeruginosa strain 5024379144-14 IPC1479_11.1, whole genome shotgun sequence"
"RWNH01000012.1 Pseudomonas aeruginosa strain 5024379144-15 IPC1480_12.1, whole genome shotgun sequence"
"RWNP01000016.1 Pseudomonas aeruginosa strain 6098 IPC1347_16.1, whole genome shotgun sequence"
"RWNV01000002.1 Pseudomonas aeruginosa strain 6092.3 IPC1340_2.1, whole genome shotgun sequence"
"RWNX01000001.1 Pseudomonas aeruginosa strain 6091 IPC1338_1.1, whole genome shotgun sequence"
"RWNW01000001.1 Pseudomonas aeruginosa strain 6092.2 IPC1339_1.1, whole genome shotgun sequence"
"RWOB01000001.1 Pseudomonas aeruginosa strain 6087 IPC1334_1.1, whole genome shotgun sequence"
"RWOD01000001.1 Pseudomonas aeruginosa strain 6086.1 IPC1332_1.1, whole genome shotgun sequence"
"RWOJ01000002.1 Pseudomonas aeruginosa strain 6000.2 IPC1326_2.1, whole genome shotgun sequence"
"RWOI01000002.1 Pseudomonas aeruginosa strain 6000.3 IPC1327_2.1, whole genome shotgun sequence"
"RWOK01000002.1 Pseudomonas aeruginosa strain 6000.1 IPC1325_2.1, whole genome shotgun sequence"
"RWOR01000009.1 Pseudomonas aeruginosa strain 5995 IPC1318_9.1, whole genome shotgun sequence"
"RWOT01000002.1 Pseudomonas aeruginosa strain 5993 IPC1316_2.1, whole genome shotgun sequence"
"RWPL01000002.1 Pseudomonas aeruginosa strain PA-CL532 IPC624_2.1, whole genome shotgun sequence"
"RWPU01000002.1 Pseudomonas aeruginosa strain PA-CL519 IPC613_2.1, whole genome shotgun sequence"
"RWPV01000002.1 Pseudomonas aeruginosa strain PA-CL518 IPC612_2.1, whole genome shotgun sequence"
"RWPW01000002.1 Pseudomonas aeruginosa strain PA-CL517 IPC611_2.1, whole genome shotgun sequence"
"RWPT01000001.1 Pseudomonas aeruginosa strain PA-CL520 IPC614_1.1, whole genome shotgun sequence"
"RWQD01000003.1 Pseudomonas aeruginosa strain PA-CL510 IPC604_3.1, whole genome shotgun sequence"
"RWQC01000003.1 Pseudomonas aeruginosa strain PA-CL511 IPC605_3.1, whole genome shotgun sequence"
"RWQB01000001.1 Pseudomonas aeruginosa strain PA-CL512 IPC606_1.1, whole genome shotgun sequence"
"RWQE01000003.1 Pseudomonas aeruginosa strain PA-CL509 IPC603_3.1, whole genome shotgun sequence"
"RWQW01000001.1 Pseudomonas aeruginosa strain PAC97A IPC184_1.1, whole genome shotgun sequence"
"RWQZ01000002.1 Pseudomonas aeruginosa strain PAC91A IPC181_2.1, whole genome shotgun sequence"
"RWRA01000002.1 Pseudomonas aeruginosa strain PAC81B IPC180_2.1, whole genome shotgun sequence"
"RWRB01000002.1 Pseudomonas aeruginosa strain PAC81A IPC179_2.1, whole genome shotgun sequence"
"RWRE01000003.1 Pseudomonas aeruginosa strain PAC60A IPC176_3.1, whole genome shotgun sequence"
"RWRF01000001.1 Pseudomonas aeruginosa strain PAC127B IPC175_1.1, whole genome shotgun sequence"
"RWRM01000001.1 Pseudomonas aeruginosa strain PAC98A IPC168_1.1, whole genome shotgun sequence"
"RWRT01000001.1 Pseudomonas aeruginosa strain PAC118A IPC161_1.1, whole genome shotgun sequence"
"RWSC01000001.1 Pseudomonas aeruginosa strain PAC84A IPC151_1.1, whole genome shotgun sequence"
"RWSD01000001.1 Pseudomonas aeruginosa strain PAC22A IPC150_1.1, whole genome shotgun sequence"
"RWSK01000008.1 Pseudomonas aeruginosa strain PAC56B IPC143_8.1, whole genome shotgun sequence"
"RWSL01000005.1 Pseudomonas aeruginosa strain PAC56A IPC142_5.1, whole genome shotgun sequence"
"RWSN01000015.1 Pseudomonas aeruginosa strain PAC15B IPC140_15.1, whole genome shotgun sequence"
"RWSM01000013.1 Pseudomonas aeruginosa strain PAC17A IPC141_13.1, whole genome shotgun sequence"
"RWSO01000007.1 Pseudomonas aeruginosa strain PAC15A IPC139_7.1, whole genome shotgun sequence"
"RWSQ01000002.1 Pseudomonas aeruginosa strain PAC117B IPC135_2.1, whole genome shotgun sequence"
"RWSS01000002.1 Pseudomonas aeruginosa strain PAC13C IPC133_2.1, whole genome shotgun sequence"
"RWTC01000002.1 Pseudomonas aeruginosa strain PAC9A IPC123_2.1, whole genome shotgun sequence"
"RWTD01000001.1 Pseudomonas aeruginosa strain PAC93C IPC122_1.1, whole genome shotgun sequence"
"RWTE01000001.1 Pseudomonas aeruginosa strain PAC93B IPC121_1.1, whole genome shotgun sequence"
"RWTG01000001.1 Pseudomonas aeruginosa strain PAC74A IPC119_1.1, whole genome shotgun sequence"
"RWTF01000001.1 Pseudomonas aeruginosa strain PAC93A IPC120_1.1, whole genome shotgun sequence"
"RWTI01000001.1 Pseudomonas aeruginosa strain PAC6B IPC117_1.1, whole genome shotgun sequence"
"RWTH01000001.1 Pseudomonas aeruginosa strain PAC39A IPC118_1.1, whole genome shotgun sequence"
"RWTJ01000001.1 Pseudomonas aeruginosa strain PAC6A IPC116_1.1, whole genome shotgun sequence"
"RWTU01000001.1 Pseudomonas aeruginosa strain 320S290711BSL_PA1 IPC73_1.1, whole genome shotgun sequence"
"RWTT01000002.1 Pseudomonas aeruginosa strain 320S290711BSL_PA2 IPC74_2.1, whole genome shotgun sequence"
"RWUG01000011.1 Pseudomonas aeruginosa strain 274S010611BSL_PA1 IPC58_11.1, whole genome shotgun sequence"
"RWUI01000001.1 Pseudomonas aeruginosa strain 266S141211BSL_PA1 IPC56_1.1, whole genome shotgun sequence"
"RWUN01000011.1 Pseudomonas aeruginosa strain 197S020911BSL_PA4 IPC49_11.1, whole genome shotgun sequence"
"RWUP01000008.1 Pseudomonas aeruginosa strain 197S020911BSL_PA2 IPC47_8.1, whole genome shotgun sequence"
"RWUQ01000007.1 Pseudomonas aeruginosa strain 197S020911BSL_PA1 IPC46_7.1, whole genome shotgun sequence"
"RWUV01000012.1 Pseudomonas aeruginosa strain 175S070312EX2DAY21_PA1 IPC41_12.1, whole genome shotgun sequence"
"RWVA01000010.1 Pseudomonas aeruginosa strain 136S260811BSL_PA2 IPC35_10.1, whole genome shotgun sequence"
"RWUX01000001.1 Pseudomonas aeruginosa strain 144S190811BSL_PA2 IPC38_1.1, whole genome shotgun sequence"
"RWUZ01000010.1 Pseudomonas aeruginosa strain 136S260811BSL_PA3 IPC36_10.1, whole genome shotgun sequence"
"RWUY01000001.1 Pseudomonas aeruginosa strain 144S190811BSL_PA1 IPC37_1.1, whole genome shotgun sequence"
"RWVB01000010.1 Pseudomonas aeruginosa strain 136S260811BSL_PA1 IPC34_10.1, whole genome shotgun sequence"
"RWVD01000001.1 Pseudomonas aeruginosa strain 66S100212BSL _PA1 IPC32_1.1, whole genome shotgun sequence"
"RWVJ01000002.1 Pseudomonas aeruginosa strain 4094345290 IPC1482_2.1, whole genome shotgun sequence"
"RWUU01000010.1 Pseudomonas aeruginosa strain 175S070312EX2DAY21_PA2 IPC42_10.1, whole genome shotgun sequence"
"MVGW01000001.1 Pseudomonas aeruginosa strain ATCC BAA-2109 IPC1577_1.1, whole genome shotgun sequence"
"MCLZ01000001.1 Pseudomonas aeruginosa strain 3C52 isolate TBCF10839 IPC1273_1.1, whole genome shotgun sequence"
"MCMB01000001.1 Pseudomonas aeruginosa strain 1BAE isolate KK1 IPC1271_1.1, whole genome shotgun sequence"
"MCMH01000002.1 Pseudomonas aeruginosa strain 6D92(H) isolate AMT0023-34 IPC1261_2.1, whole genome shotgun sequence"
"MCMI01000005.1 Pseudomonas aeruginosa strain 6D92(H) isolate AMT0023-30 IPC1260_5.1, whole genome shotgun sequence"
"MCMJ01000003.1 Pseudomonas aeruginosa strain AF9A isolate AA2 IPC1259_3.1, whole genome shotgun sequence"
"MCMP01000029.1 Pseudomonas aeruginosa strain 2A42 isolate U018A IPC94_29.1, whole genome shotgun sequence"
"MCMU01000001.1 Pseudomonas aeruginosa strain 0C4A isolate 679 IPC87_1.1, whole genome shotgun sequence"
"MCMY01000002.1 Pseudomonas aeruginosa strain 55AA isolate PAK IPC83_2.1, whole genome shotgun sequence"
"MCMZ01000005.1 Pseudomonas aeruginosa strain 6D92(H) isolate AMT0060-3 IPC82_5.1, whole genome shotgun sequence"
"MCNA01000002.1 Pseudomonas aeruginosa strain 6D92(H) isolate AMT0060-2 IPC81_2.1, whole genome shotgun sequence"
"MCNB01000005.1 Pseudomonas aeruginosa strain 6D92(H) isolate AMT0060-1 IPC80_5.1, whole genome shotgun sequence"
"NSMQ01000002.1 Pseudomonas aeruginosa strain F1-DN-2 IPC1471_2.1, whole genome shotgun sequence"
"NSMU01000013.1 Pseudomonas aeruginosa strain AL363(Israel 14) IPC1352_13.1, whole genome shotgun sequence"
"NSMV01000019.1 Pseudomonas aeruginosa strain AL191 IPC1350_19.1, whole genome shotgun sequence"
"NSNB01000001.1 Pseudomonas aeruginosa strain PA-W39 IPC1298_1.1, whole genome shotgun sequence"
"NSNA01000003.1 Pseudomonas aeruginosa strain PA-W42 IPC1299_3.1, whole genome shotgun sequence"
"NSNE01000014.1 Pseudomonas aeruginosa strain PA-W36 IPC1295_14.1, whole genome shotgun sequence"
"NSND01000001.1 Pseudomonas aeruginosa strain PA-W37 IPC1296_1.1, whole genome shotgun sequence"
"NSNF01000010.1 Pseudomonas aeruginosa strain PA-W33 IPC1294_10.1, whole genome shotgun sequence"
"NSNH01000003.1 Pseudomonas aeruginosa strain PA-W31 IPC1292_3.1, whole genome shotgun sequence"
"NSNL01000017.1 Pseudomonas aeruginosa strain PA-W23 IPC1288_17.1, whole genome shotgun sequence"
"NSNQ01000004.1 Pseudomonas aeruginosa strain PA-W5 IPC1283_4.1, whole genome shotgun sequence"
"NSNU01000001.1 Pseudomonas aeruginosa strain AA44 IPC1276_1.1, whole genome shotgun sequence"
"NSNS01000004.1 Pseudomonas aeruginosa strain PA-W3 IPC1281_4.1, whole genome shotgun sequence"
"NSNV01000001.1 Pseudomonas aeruginosa strain AA43 IPC1275_1.1, whole genome shotgun sequence"
"NSOK01000001.1 Pseudomonas aeruginosa strain JYH10 IPC1221_1.1, whole genome shotgun sequence"
"NSPR01000009.1 Pseudomonas aeruginosa strain LiP14 IPC1086_9.1, whole genome shotgun sequence"
"NSPS01000008.1 Pseudomonas aeruginosa strain LiP13 IPC1085_8.1, whole genome shotgun sequence"
"NSPT01000009.1 Pseudomonas aeruginosa strain LiP12 IPC1084_9.1, whole genome shotgun sequence"
"NSPV01000009.1 Pseudomonas aeruginosa strain LiP10b IPC1082_9.1, whole genome shotgun sequence"
"NSPW01000009.1 Pseudomonas aeruginosa strain LiP10a IPC1081_9.1, whole genome shotgun sequence"
"NSPX01000011.1 Pseudomonas aeruginosa strain LiP9 IPC1080_11.1, whole genome shotgun sequence"
"NSPU01000008.1 Pseudomonas aeruginosa strain LiP11 IPC1083_8.1, whole genome shotgun sequence"
"NSQB01000008.1 Pseudomonas aeruginosa strain LiP5 IPC1076_8.1, whole genome shotgun sequence"
"NSPY01000008.1 Pseudomonas aeruginosa strain LiP8 IPC1079_8.1, whole genome shotgun sequence"
"NSPZ01000011.1 Pseudomonas aeruginosa strain LiP7 IPC1078_11.1, whole genome shotgun sequence"
"NSQA01000001.1 Pseudomonas aeruginosa strain LiP6 IPC1077_1.1, whole genome shotgun sequence"
"NSQE01000008.1 Pseudomonas aeruginosa strain LiP2c IPC1073_8.1, whole genome shotgun sequence"
"NSQF01000008.1 Pseudomonas aeruginosa strain LiP2b IPC1072_8.1, whole genome shotgun sequence"
"NSQD01000009.1 Pseudomonas aeruginosa strain LiP3 IPC1074_9.1, whole genome shotgun sequence"
"NSQG01000009.1 Pseudomonas aeruginosa strain LiP2a IPC1071_9.1, whole genome shotgun sequence"
"NSQJ01000008.1 Pseudomonas aeruginosa strain LiP1a IPC1067_8.1, whole genome shotgun sequence"
"NSQI01000008.1 Pseudomonas aeruginosa strain LiP1c IPC1069_8.1, whole genome shotgun sequence"
"NSQO01000014.1 Pseudomonas aeruginosa strain D1 IPC1045_14.1, whole genome shotgun sequence"
"NSQM01000005.1 Pseudomonas aeruginosa strain F2 IPC1053_5.1, whole genome shotgun sequence"
"NSQP01000007.1 Pseudomonas aeruginosa strain C3 IPC1043_7.1, whole genome shotgun sequence"
"NSQU01000004.1 Pseudomonas aeruginosa strain 020MIC IPC1033_4.1, whole genome shotgun sequence"
"NSQW01000007.1 Pseudomonas aeruginosa strain DUN-015A IPC1027_7.1, whole genome shotgun sequence"
"NSQY01000003.1 Pseudomonas aeruginosa strain DUN-013 IPC1018_3.1, whole genome shotgun sequence"
"NSRA01000004.1 Pseudomonas aeruginosa strain DUN-009B IPC1014_4.1, whole genome shotgun sequence"
"NSRC01000004.1 Pseudomonas aeruginosa strain DUN-007-2 IPC1006_4.1, whole genome shotgun sequence"
"NSRB01000001.1 Pseudomonas aeruginosa strain DUN-008 IPC1008_1.1, whole genome shotgun sequence"
"NSRV01000007.1 Pseudomonas aeruginosa strain U413A IPC962_7.1, whole genome shotgun sequence"
"NSRU01000004.1 Pseudomonas aeruginosa strain U421 IPC965_4.1, whole genome shotgun sequence"
"NSRZ01000001.1 Pseudomonas aeruginosa strain U0330A IPC940_1.1, whole genome shotgun sequence"
"NSSS01000013.1 Pseudomonas aeruginosa strain Lw1047 IPC879_13.1, whole genome shotgun sequence"
"NSSQ01000003.1 Pseudomonas aeruginosa strain PT31M IPC881_3.1, whole genome shotgun sequence"
"NSSX01000008.1 Pseudomonas aeruginosa strain Us411 IPC860_8.1, whole genome shotgun sequence"
"NSSY01000005.1 Pseudomonas aeruginosa strain Aa249 IPC858_5.1, whole genome shotgun sequence"
"NSSZ01000001.1 Pseudomonas aeruginosa strain Mi159 IPC856_1.1, whole genome shotgun sequence"
"NSTG01000001.1 Pseudomonas aeruginosa strain LiA18_2003 IPC786_1.1, whole genome shotgun sequence"
"NSTF01000001.1 Pseudomonas aeruginosa strain LiA50_2005 IPC789_1.1, whole genome shotgun sequence"
"NSTK01000001.1 Pseudomonas aeruginosa strain LiA133_2003 IPC776_1.1, whole genome shotgun sequence"
"NSTN01000001.1 Pseudomonas aeruginosa strain Jp245 IPC756_1.1, whole genome shotgun sequence"
"NSTW01000001.1 Pseudomonas aeruginosa strain CPHL10299 IPC736_1.1, whole genome shotgun sequence"
"NSUA01000002.1 Pseudomonas aeruginosa strain CPHL5083 IPC730_2.1, whole genome shotgun sequence"
"NSUB01000001.1 Pseudomonas aeruginosa strain CPHL2000 IPC729_1.1, whole genome shotgun sequence"
"NSUD01000001.1 Pseudomonas aeruginosa strain CPHL950 IPC727_1.1, whole genome shotgun sequence"
"NSUG01000017.1 Pseudomonas aeruginosa strain IC1 IPC720_17.1, whole genome shotgun sequence"
"NSUI01000010.1 Pseudomonas aeruginosa strain C3128 IPC715_10.1, whole genome shotgun sequence"
"NSUJ01000001.1 Pseudomonas aeruginosa strain 5BR2 IPC713_1.1, whole genome shotgun sequence"
"NSUH01000004.1 Pseudomonas aeruginosa strain Co380791 IPC718_4.1, whole genome shotgun sequence"
"NSUN01000003.1 Pseudomonas aeruginosa strain 59.20 IPC703_3.1, whole genome shotgun sequence"
"NSUK01000005.1 Pseudomonas aeruginosa strain ESP06B IPC710_5.1, whole genome shotgun sequence"
"NSUU01000002.1 Pseudomonas aeruginosa strain A17 IPC693_2.1, whole genome shotgun sequence"
"NSVB01000003.1 Pseudomonas aeruginosa strain PN586(35)w IPC669_3.1, whole genome shotgun sequence"
"NSVE01000005.1 Pseudomonas aeruginosa strain HPA16 IPC651_5.1, whole genome shotgun sequence"
"NSVD01000004.1 Pseudomonas aeruginosa strain Co398373 IPC664_4.1, whole genome shotgun sequence"
"NSVF01000005.1 Pseudomonas aeruginosa strain HPA12 IPC648_5.1, whole genome shotgun sequence"
"NSVJ01000001.1 Pseudomonas aeruginosa strain Rsan-ver IPC593_1.1, whole genome shotgun sequence"
"NSVH01000006.1 Pseudomonas aeruginosa strain HPA6 IPC642_6.1, whole genome shotgun sequence"
"NSVI01000004.1 Pseudomonas aeruginosa strain PUPa3 IPC595_4.1, whole genome shotgun sequence"
"NSVG01000005.1 Pseudomonas aeruginosa strain HPA8 IPC644_5.1, whole genome shotgun sequence"
"NSVM01000011.1 Pseudomonas aeruginosa strain AMT0046-1 IPC560_11.1, whole genome shotgun sequence"
"NSVP01000002.1 Pseudomonas aeruginosa strain AMT0020-1 IPC550_2.1, whole genome shotgun sequence"
"NSVR01000010.1 Pseudomonas aeruginosa strain AMT0006-66 IPC547_10.1, whole genome shotgun sequence"
"NSVQ01000001.1 Pseudomonas aeruginosa strain AMT0020-84 IPC549_1.1, whole genome shotgun sequence"
"NSVS01000001.1 Pseudomonas aeruginosa strain AMT0006-1 IPC544_1.1, whole genome shotgun sequence"
"NSVX01000002.1 Pseudomonas aeruginosa strain AUS149 IPC509_2.1, whole genome shotgun sequence"
"NSWB01000001.1 Pseudomonas aeruginosa strain AUS345 IPC496_1.1, whole genome shotgun sequence"
"NSWC01000001.1 Pseudomonas aeruginosa strain AUS344 IPC495_1.1, whole genome shotgun sequence"
"NSWD01000001.1 Pseudomonas aeruginosa strain AUS021 IPC494_1.1, whole genome shotgun sequence"
"NSWG01000001.1 Pseudomonas aeruginosa strain AUS595 IPC478_1.1, whole genome shotgun sequence"
"NSWI01000001.1 Pseudomonas aeruginosa strain AUS441 IPC476_1.1, whole genome shotgun sequence"
"NSWK01000001.1 Pseudomonas aeruginosa strain AUS439 IPC474_1.1, whole genome shotgun sequence"
"NSWL01000003.1 Pseudomonas aeruginosa strain AUS436 IPC472_3.1, whole genome shotgun sequence"
"NSWH01000003.1 Pseudomonas aeruginosa strain AUS442 IPC477_3.1, whole genome shotgun sequence"
"NSWJ01000002.1 Pseudomonas aeruginosa strain AUS440 IPC475_2.1, whole genome shotgun sequence"
"NSWM01000002.1 Pseudomonas aeruginosa strain AUS434 IPC471_2.1, whole genome shotgun sequence"
"NSWN01000001.1 Pseudomonas aeruginosa strain AUS050 IPC470_1.1, whole genome shotgun sequence"
"NSWQ01000001.1 Pseudomonas aeruginosa strain AUS674 IPC462_1.1, whole genome shotgun sequence"
"NSWT01000024.1 Pseudomonas aeruginosa strain AUS353 IPC452_24.1, whole genome shotgun sequence"
"NSWS01000014.1 Pseudomonas aeruginosa strain AUS263 IPC453_14.1, whole genome shotgun sequence"
"NSWW01000014.1 Pseudomonas aeruginosa strain AUS496 IPC441_14.1, whole genome shotgun sequence"
"NSXB01000012.1 Pseudomonas aeruginosa strain AUS430 IPC430_12.1, whole genome shotgun sequence"
"NSXH01000004.1 Pseudomonas aeruginosa strain AUS506 IPC389_4.1, whole genome shotgun sequence"
"NSXJ01000044.1 Pseudomonas aeruginosa strain AUS138 IPC379_44.1, whole genome shotgun sequence"
"NSXK01000001.1 Pseudomonas aeruginosa strain AUS134 IPC375_1.1, whole genome shotgun sequence"
"NSXF01000001.1 Pseudomonas aeruginosa strain AUS151 IPC391_1.1, whole genome shotgun sequence"
"NSXL01000001.1 Pseudomonas aeruginosa strain AUS124 IPC368_1.1, whole genome shotgun sequence"
"NSXS01000013.1 Pseudomonas aeruginosa strain AUS093 IPC352_13.1, whole genome shotgun sequence"
"NSXU01000003.1 Pseudomonas aeruginosa strain AUS077 IPC347_3.1, whole genome shotgun sequence"
"NSYA01000001.1 Pseudomonas aeruginosa strain AUS026 IPC334_1.1, whole genome shotgun sequence"
"NSYB01000002.1 Pseudomonas aeruginosa strain AUS304 IPC327_2.1, whole genome shotgun sequence"
"NSYD01000001.1 Pseudomonas aeruginosa strain AUS389 IPC321_1.1, whole genome shotgun sequence"
"NSYG01000001.1 Pseudomonas aeruginosa strain AUS336 IPC308_1.1, whole genome shotgun sequence"
"NSYR01000003.1 Pseudomonas aeruginosa strain AUS301 IPC279_3.1, whole genome shotgun sequence"
"NSYT01000002.1 Pseudomonas aeruginosa strain AUS407 IPC276_2.1, whole genome shotgun sequence"
"NSYU01000001.1 Pseudomonas aeruginosa strain AUS343 IPC274_1.1, whole genome shotgun sequence"
"NSYW01000001.1 Pseudomonas aeruginosa strain AUS083 IPC271_1.1, whole genome shotgun sequence"
"NSYZ01000001.1 Pseudomonas aeruginosa strain AUS275 IPC260_1.1, whole genome shotgun sequence"
"NSZC01000002.1 Pseudomonas aeruginosa strain AUS225 IPC251_2.1, whole genome shotgun sequence"
"NSZF01000013.1 Pseudomonas aeruginosa strain AUS213 IPC234_13.1, whole genome shotgun sequence"
"NSZL01000013.1 Pseudomonas aeruginosa strain AUS195 IPC215_13.1, whole genome shotgun sequence"
"NSZH01000017.1 Pseudomonas aeruginosa strain AUS438 IPC228_17.1, whole genome shotgun sequence"
"NSZO01000004.1 Pseudomonas aeruginosa strain AUS185 IPC203_4.1, whole genome shotgun sequence"
"NSZX01000001.1 Pseudomonas aeruginosa strain 152504sp2 IPC103_1.1, whole genome shotgun sequence"
"NTAF01000004.1 Pseudomonas aeruginosa strain Mi162 IPC90_4.1, whole genome shotgun sequence"
"NTAM01000007.1 Pseudomonas aeruginosa strain PA-W30 IPC18_7.1, whole genome shotgun sequence"
"NTAK01000001.1 Pseudomonas aeruginosa strain PA-W35 IPC20_1.1, whole genome shotgun sequence"
"NTAN01000002.1 Pseudomonas aeruginosa strain PA-W27 IPC17_2.1, whole genome shotgun sequence"
"NTAQ01000008.1 Pseudomonas aeruginosa strain PA-W22 IPC14_8.1, whole genome shotgun sequence"
"NTAO01000002.1 Pseudomonas aeruginosa strain PA-W26 IPC16_2.1, whole genome shotgun sequence"
"NTAT01000005.1 Pseudomonas aeruginosa strain PA-W18 IPC11_5.1, whole genome shotgun sequence"
"NTAV01000001.1 Pseudomonas aeruginosa strain PA-W15 IPC9_1.1, whole genome shotgun sequence"
"NTAW01000011.1 Pseudomonas aeruginosa strain PA-W13 IPC8_11.1, whole genome shotgun sequence"
"NTAX01000010.1 Pseudomonas aeruginosa strain PA-W12 IPC7_10.1, whole genome shotgun sequence"
"RWZL01000008.1 Pseudomonas aeruginosa strain SMC5451 IPC1620_8.1, whole genome shotgun sequence"
"RWZI01000001.1 Pseudomonas aeruginosa strain 33CFBRPA IPC1623_1.1, whole genome shotgun sequence"
"RWZT01000001.1 Pseudomonas aeruginosa strain Zw73_2 IPC1437_1.1, whole genome shotgun sequence"
"RWZU01000005.1 Pseudomonas aeruginosa strain Zw64_2 IPC1436_5.1, whole genome shotgun sequence"
"RXAC01000003.1 Pseudomonas aeruginosa strain HCF73 IPC1422_3.1, whole genome shotgun sequence"
"RXAE01000001.1 Pseudomonas aeruginosa strain HCF5 IPC1419_1.1, whole genome shotgun sequence"
"RXAH01000001.1 Pseudomonas aeruginosa strain HCF336 IPC1414_1.1, whole genome shotgun sequence"
"RXAM01000001.1 Pseudomonas aeruginosa strain HCF55 IPC1407_1.1, whole genome shotgun sequence"
"RXAK01000004.1 Pseudomonas aeruginosa strain HCF100 IPC1409_4.1, whole genome shotgun sequence"
"RXAL01000001.1 Pseudomonas aeruginosa strain HCF86 IPC1408_1.1, whole genome shotgun sequence"
"RXAS01000012.1 Pseudomonas aeruginosa strain Zw9 IPC1389_12.1, whole genome shotgun sequence"
"RXAO01000001.1 Pseudomonas aeruginosa strain HCF19 IPC1401_1.1, whole genome shotgun sequence"
"RXAZ01000010.1 Pseudomonas aeruginosa strain PD1 IPC1377_10.1, whole genome shotgun sequence"
"RXBC01000005.1 Pseudomonas aeruginosa strain HJ2 IPC1374_5.1, whole genome shotgun sequence"
"RXBA01000001.1 Pseudomonas aeruginosa strain SS1 IPC1376_1.1, whole genome shotgun sequence"
"RXAU01000001.1 Pseudomonas aeruginosa strain PT6 IPC1385_1.1, whole genome shotgun sequence"
"RXBE01000002.1 Pseudomonas aeruginosa strain MCF182 IPC1369_2.1, whole genome shotgun sequence"
"RXBH01000003.1 Pseudomonas aeruginosa strain MCF149 IPC1365_3.1, whole genome shotgun sequence"
"RXBI01000001.1 Pseudomonas aeruginosa strain MCF134 IPC1364_1.1, whole genome shotgun sequence"
"RXBF01000015.1 Pseudomonas aeruginosa strain MCF104 IPC1367_15.1, whole genome shotgun sequence"
"RXBJ01000003.1 Pseudomonas aeruginosa strain MCF1018 IPC1363_3.1, whole genome shotgun sequence"
"RXBM01000001.1 Pseudomonas aeruginosa strain MCF430 IPC1360_1.1, whole genome shotgun sequence"
"RXBL01000003.1 Pseudomonas aeruginosa strain MCF879 IPC1361_3.1, whole genome shotgun sequence"
"RXBN01000017.1 Pseudomonas aeruginosa strain MCF206 IPC1356_17.1, whole genome shotgun sequence"
"RXBU01000011.1 Pseudomonas aeruginosa strain JYH15 IPC1226_11.1, whole genome shotgun sequence"
"RXBX01000002.1 Pseudomonas aeruginosa strain JYH9 IPC1220_2.1, whole genome shotgun sequence"
"RXCK01000001.1 Pseudomonas aeruginosa strain U2816 IPC1115_1.1, whole genome shotgun sequence"
"RXCQ01000001.1 Pseudomonas aeruginosa strain W5Aug28 IPC831_1.1, whole genome shotgun sequence"
"RXCU01000003.1 Pseudomonas aeruginosa strain W15Aug23 IPC825_3.1, whole genome shotgun sequence"
"RXDB01000005.1 Pseudomonas aeruginosa strain Jp241 IPC755_5.1, whole genome shotgun sequence"
"RXDF01000009.1 Pseudomonas aeruginosa strain AMT0047-2 IPC566_9.1, whole genome shotgun sequence"
"RXDM01000011.1 Pseudomonas aeruginosa strain AMT0006-65 IPC546_11.1, whole genome shotgun sequence"
"RXDN01000009.1 Pseudomonas aeruginosa strain AMT0006-64 IPC545_9.1, whole genome shotgun sequence"
"RXDL01000004.1 Pseudomonas aeruginosa strain AMT0020-83 IPC548_4.1, whole genome shotgun sequence"
"RXDX01000001.1 Pseudomonas aeruginosa strain AUS526 IPC450_1.1, whole genome shotgun sequence"
"RXEL01000006.1 Pseudomonas aeruginosa strain AUS157 IPC396_6.1, whole genome shotgun sequence"
"RXEF01000001.1 Pseudomonas aeruginosa strain AUS178 IPC415_1.1, whole genome shotgun sequence"
"RXEN01000001.1 Pseudomonas aeruginosa strain AUS155 IPC394_1.1, whole genome shotgun sequence"
"RXEH01000002.1 Pseudomonas aeruginosa strain AUS176 IPC413_2.1, whole genome shotgun sequence"
"RXES01000001.1 Pseudomonas aeruginosa strain AUS136 IPC377_1.1, whole genome shotgun sequence"
"RXET01000009.1 Pseudomonas aeruginosa strain AUS128 IPC371_9.1, whole genome shotgun sequence"
"RXER01000009.1 Pseudomonas aeruginosa strain AUS139 IPC380_9.1, whole genome shotgun sequence"
"RXFA01000009.1 Pseudomonas aeruginosa strain AUS277 IPC317_9.1, whole genome shotgun sequence"
"RXEX01000011.1 Pseudomonas aeruginosa strain AUS523 IPC331_11.1, whole genome shotgun sequence"
"RXEY01000013.1 Pseudomonas aeruginosa strain AUS265 IPC325_13.1, whole genome shotgun sequence"
"RXFF01000001.1 Pseudomonas aeruginosa strain AUS258 IPC249_1.1, whole genome shotgun sequence"
"RXFK01000029.1 Pseudomonas aeruginosa strain AUS209 IPC229_29.1, whole genome shotgun sequence"
"RXFJ01000001.1 Pseudomonas aeruginosa strain AUS214 IPC236_1.1, whole genome shotgun sequence"
"RWKY01000037.1 Pseudomonas aeruginosa strain 22.1 IPC1605_37.1, whole genome shotgun sequence"
"RWKX01000034.1 Pseudomonas aeruginosa strain 22.2 IPC1606_34.1, whole genome shotgun sequence"
"RWLB01000001.1 Pseudomonas aeruginosa strain 19 IPC1602_1.1, whole genome shotgun sequence"
"RWLF01000004.1 Pseudomonas aeruginosa strain 15 IPC1598_4.1, whole genome shotgun sequence"
"RWLQ01000010.1 Pseudomonas aeruginosa strain 5 IPC1587_10.1, whole genome shotgun sequence"
"RWLM01000002.1 Pseudomonas aeruginosa strain 9 IPC1591_2.1, whole genome shotgun sequence"
"RWLO01000001.1 Pseudomonas aeruginosa strain 7 IPC1589_1.1, whole genome shotgun sequence"
"RWLW01000008.1 Pseudomonas aeruginosa strain 4084336477 IPC1522_8.1, whole genome shotgun sequence"
"RWLX01000001.1 Pseudomonas aeruginosa strain 5014375233 IPC1521_1.1, whole genome shotgun sequence"
"RWMB01000005.1 Pseudomonas aeruginosa strain 3020837212 IPC1517_5.1, whole genome shotgun sequence"
"RWMF01000001.1 Pseudomonas aeruginosa strain 5024382738-25 IPC1513_1.1, whole genome shotgun sequence"
"RWMG01000002.1 Pseudomonas aeruginosa strain 5024382738-26 IPC1512_2.1, whole genome shotgun sequence"
"RWMH01000001.1 Pseudomonas aeruginosa strain 4104355340-13 IPC1511_1.1, whole genome shotgun sequence"
"RWMK01000001.1 Pseudomonas aeruginosa strain 5054408352 IPC1508_1.1, whole genome shotgun sequence"
"RWMI01000004.1 Pseudomonas aeruginosa strain 4104355340-15 IPC1510_4.1, whole genome shotgun sequence"
"RWMO01000007.1 Pseudomonas aeruginosa strain 2042723558 IPC1504_7.1, whole genome shotgun sequence"
"RWMJ01000001.1 Pseudomonas aeruginosa strain 110238627 IPC1509_1.1, whole genome shotgun sequence"
"RWMR01000007.1 Pseudomonas aeruginosa strain 4124363474-14 IPC1501_7.1, whole genome shotgun sequence"
"RWMP01000006.1 Pseudomonas aeruginosa strain 1042828174-21 IPC1503_6.1, whole genome shotgun sequence"
"RWMS01000003.1 Pseudomonas aeruginosa strain 4124363474-15 IPC1500_3.1, whole genome shotgun sequence"
"RWMV01000001.1 Pseudomonas aeruginosa strain 4044301968 IPC1496_1.1, whole genome shotgun sequence"
"RWMZ01000009.1 Pseudomonas aeruginosa strain 5034388513 IPC1491_9.1, whole genome shotgun sequence"
"RWNA01000001.1 Pseudomonas aeruginosa strain 5054408350-22 IPC1490_1.1, whole genome shotgun sequence"
"RWNB01000001.1 Pseudomonas aeruginosa strain 5054408350-20 IPC1489_1.1, whole genome shotgun sequence"
"RWNC01000001.1 Pseudomonas aeruginosa strain 5054408350-18 IPC1488_1.1, whole genome shotgun sequence"
"RWND01000001.1 Pseudomonas aeruginosa strain 4064320487 IPC1487_1.1, whole genome shotgun sequence"
"RWNQ01000025.1 Pseudomonas aeruginosa strain 6097.3 IPC1346_25.1, whole genome shotgun sequence"
"RWNO01000003.1 Pseudomonas aeruginosa strain 6099 IPC1348_3.1, whole genome shotgun sequence"
"RWNR01000023.1 Pseudomonas aeruginosa strain 6097.1 IPC1345_23.1, whole genome shotgun sequence"
"RWNU01000001.1 Pseudomonas aeruginosa strain 6093 IPC1341_1.1, whole genome shotgun sequence"
"RWNY01000002.1 Pseudomonas aeruginosa strain 6090 IPC1337_2.1, whole genome shotgun sequence"
"RWNZ01000001.1 Pseudomonas aeruginosa strain 6089 IPC1336_1.1, whole genome shotgun sequence"
"RWOG01000012.1 Pseudomonas aeruginosa strain 6003 IPC1329_12.1, whole genome shotgun sequence"
"RWOE01000001.1 Pseudomonas aeruginosa strain 6085 IPC1331_1.1, whole genome shotgun sequence"
"RWOM01000001.1 Pseudomonas aeruginosa strain 5999.2 IPC1323_1.1, whole genome shotgun sequence"
"RWOP01000002.1 Pseudomonas aeruginosa strain 5997 IPC1320_2.1, whole genome shotgun sequence"
"RWOL01000001.1 Pseudomonas aeruginosa strain 5999.3 IPC1324_1.1, whole genome shotgun sequence"
"RWON01000001.1 Pseudomonas aeruginosa strain 5999.1 IPC1322_1.1, whole genome shotgun sequence"
"RWOQ01000002.1 Pseudomonas aeruginosa strain 5996 IPC1319_2.1, whole genome shotgun sequence"
"RWOO01000001.1 Pseudomonas aeruginosa strain 5998 IPC1321_1.1, whole genome shotgun sequence"
"RWOS01000011.1 Pseudomonas aeruginosa strain 5994 IPC1317_11.1, whole genome shotgun sequence"
"RWOU01000001.1 Pseudomonas aeruginosa strain 5992 IPC1315_1.1, whole genome shotgun sequence"
"RWOW01000002.1 Pseudomonas aeruginosa strain 5990.3 IPC1313_2.1, whole genome shotgun sequence"
"RWOX01000002.1 Pseudomonas aeruginosa strain 5990.2 IPC1312_2.1, whole genome shotgun sequence"
"RWOZ01000012.1 Pseudomonas aeruginosa strain 5989 IPC1310_12.1, whole genome shotgun sequence"
"RWOV01000003.1 Pseudomonas aeruginosa strain 5991 IPC1314_3.1, whole genome shotgun sequence"
"RWOY01000001.1 Pseudomonas aeruginosa strain 5990.1 IPC1311_1.1, whole genome shotgun sequence"
"RWPD01000011.1 Pseudomonas aeruginosa strain 5985 IPC1306_11.1, whole genome shotgun sequence"
"RWPR01000003.1 Pseudomonas aeruginosa strain PA-CL521b IPC616_3.1, whole genome shotgun sequence"
"RWPP01000003.1 Pseudomonas aeruginosa strain PA-CL524 IPC620_3.1, whole genome shotgun sequence"
"RWPQ01000002.1 Pseudomonas aeruginosa strain PA-CL522b IPC618_2.1, whole genome shotgun sequence"
"RWPS01000002.1 Pseudomonas aeruginosa strain PA-CL521a IPC615_2.1, whole genome shotgun sequence"
"RWPX01000011.1 Pseudomonas aeruginosa strain PA-CL516 IPC610_11.1, whole genome shotgun sequence"
"RWPZ01000008.1 Pseudomonas aeruginosa strain PA-CL514 IPC608_8.1, whole genome shotgun sequence"
"RWPY01000005.1 Pseudomonas aeruginosa strain PA-CL515 IPC609_5.1, whole genome shotgun sequence"
"RWQP01000017.1 Pseudomonas aeruginosa strain 34JS IPC582_17.1, whole genome shotgun sequence"
"RWQM01000012.1 Pseudomonas aeruginosa strain 78RV IPC589_12.1, whole genome shotgun sequence"
"RWQO01000011.1 Pseudomonas aeruginosa strain 57SJ IPC584_11.1, whole genome shotgun sequence"
"RWQS01000012.1 Pseudomonas aeruginosa strain 19SV IPC578_12.1, whole genome shotgun sequence"
"RWQQ01000012.1 Pseudomonas aeruginosa strain 32SB IPC580_12.1, whole genome shotgun sequence"
"RWQN01000011.1 Pseudomonas aeruginosa strain 57RV IPC586_11.1, whole genome shotgun sequence"
"RWQR01000014.1 Pseudomonas aeruginosa strain 32SP IPC579_14.1, whole genome shotgun sequence"
"RWQT01000012.1 Pseudomonas aeruginosa strain 19R IPC577_12.1, whole genome shotgun sequence"
"RWQV01000011.1 Pseudomonas aeruginosa strain 18G IPC574_11.1, whole genome shotgun sequence"
"RWQU01000013.1 Pseudomonas aeruginosa strain 19SJV IPC576_13.1, whole genome shotgun sequence"
"RWRD01000038.1 Pseudomonas aeruginosa strain PAC76A IPC177_38.1, whole genome shotgun sequence"
"RWQX01000003.1 Pseudomonas aeruginosa strain PAC95B IPC183_3.1, whole genome shotgun sequence"
"RWQY01000003.1 Pseudomonas aeruginosa strain PAC95A IPC182_3.1, whole genome shotgun sequence"
"RWRC01000010.1 Pseudomonas aeruginosa strain PAC112A IPC178_10.1, whole genome shotgun sequence"
"RWRH01000003.1 Pseudomonas aeruginosa strain PAC38B IPC173_3.1, whole genome shotgun sequence"
"RWRG01000004.1 Pseudomonas aeruginosa strain PAC127A IPC174_4.1, whole genome shotgun sequence"
"RWRI01000002.1 Pseudomonas aeruginosa strain PAC38A IPC172_2.1, whole genome shotgun sequence"
"RWRV01000009.1 Pseudomonas aeruginosa strain PAC108A IPC158_9.1, whole genome shotgun sequence"
"RWRU01000005.1 Pseudomonas aeruginosa strain PAC115A IPC159_5.1, whole genome shotgun sequence"
"RWSA01000010.1 Pseudomonas aeruginosa strain PAC23A IPC153_10.1, whole genome shotgun sequence"
"RWRW01000001.1 Pseudomonas aeruginosa strain PAC44D IPC157_1.1, whole genome shotgun sequence"
"RWRX01000011.1 Pseudomonas aeruginosa strain PAC44C IPC156_11.1, whole genome shotgun sequence"
"RWSF01000004.1 Pseudomonas aeruginosa strain PAC78A IPC148_4.1, whole genome shotgun sequence"
"RWSB01000001.1 Pseudomonas aeruginosa strain PAC94A IPC152_1.1, whole genome shotgun sequence"
"RWSG01000002.1 Pseudomonas aeruginosa strain PAC33B IPC147_2.1, whole genome shotgun sequence"
"RWSE01000003.1 Pseudomonas aeruginosa strain PAC78B IPC149_3.1, whole genome shotgun sequence"
"RWSH01000003.1 Pseudomonas aeruginosa strain PAC33A IPC146_3.1, whole genome shotgun sequence"
"RWSJ01000003.1 Pseudomonas aeruginosa strain PAC18A IPC144_3.1, whole genome shotgun sequence"
"RWSI01000003.1 Pseudomonas aeruginosa strain PAC18B IPC145_3.1, whole genome shotgun sequence"
"RWSP01000003.1 Pseudomonas aeruginosa strain PAC14B IPC137_3.1, whole genome shotgun sequence"
"RWSR01000014.1 Pseudomonas aeruginosa strain PAC117A IPC134_14.1, whole genome shotgun sequence"
"RWSU01000013.1 Pseudomonas aeruginosa strain PAC13A IPC131_13.1, whole genome shotgun sequence"
"RWST01000001.1 Pseudomonas aeruginosa strain PAC13B IPC132_1.1, whole genome shotgun sequence"
"RWSW01000002.1 Pseudomonas aeruginosa strain PAC79B IPC129_2.1, whole genome shotgun sequence"
"RWSX01000001.1 Pseudomonas aeruginosa strain PAC79A IPC128_1.1, whole genome shotgun sequence"
"RWSZ01000009.1 Pseudomonas aeruginosa strain PAC107A IPC126_9.1, whole genome shotgun sequence"
"RWSV01000001.1 Pseudomonas aeruginosa strain PAC106A IPC130_1.1, whole genome shotgun sequence"
"RWTB01000010.1 Pseudomonas aeruginosa strain PAC10A IPC124_10.1, whole genome shotgun sequence"
"RWTA01000008.1 Pseudomonas aeruginosa strain PAC10B IPC125_8.1, whole genome shotgun sequence"
"RWSY01000001.1 Pseudomonas aeruginosa strain PAC11A IPC127_1.1, whole genome shotgun sequence"
"RWTK01000001.1 Pseudomonas aeruginosa strain PAC61A IPC115_1.1, whole genome shotgun sequence"
"RWTL01000003.1 Pseudomonas aeruginosa strain PAC46A IPC114_3.1, whole genome shotgun sequence"
"RWTM01000001.1 Pseudomonas aeruginosa strain PAC5B IPC113_1.1, whole genome shotgun sequence"
"RWTO01000004.1 Pseudomonas aeruginosa strain PAC54A IPC111_4.1, whole genome shotgun sequence"
"RWTN01000008.1 Pseudomonas aeruginosa strain PAC5A IPC112_8.1, whole genome shotgun sequence"
"RWTP01000010.1 Pseudomonas aeruginosa strain 333S200112BSL_PA1 IPC78_10.1, whole genome shotgun sequence"
"RWTR01000012.1 Pseudomonas aeruginosa strain 326S290611BSL_PA2 IPC76_12.1, whole genome shotgun sequence"
"RWTQ01000062.1 Pseudomonas aeruginosa strain 326S290611BSL_PA3 IPC77_62.1, whole genome shotgun sequence"
"RWTS01000011.1 Pseudomonas aeruginosa strain 326S290611BSL_PA1 IPC75_11.1, whole genome shotgun sequence"
"RWTV01000002.1 Pseudomonas aeruginosa strain 318S170811BSL_PA2 IPC72_2.1, whole genome shotgun sequence"
"RWTX01000001.1 Pseudomonas aeruginosa strain 313s141011BSL_PA1 IPC70_1.1, whole genome shotgun sequence"
"RWTZ01000014.1 Pseudomonas aeruginosa strain 295s071211BSL_PA2 IPC67_14.1, whole genome shotgun sequence"
"RWUE01000007.1 Pseudomonas aeruginosa strain 278S180511BSL_PA2 IPC60_7.1, whole genome shotgun sequence"
"RWUF01000008.1 Pseudomonas aeruginosa strain 278S180511BSL_PA1 IPC59_8.1, whole genome shotgun sequence"
"RWUJ01000011.1 Pseudomonas aeruginosa strain 259S240811BSL_PA2 IPC55_11.1, whole genome shotgun sequence"
"RWUK01000001.1 Pseudomonas aeruginosa strain 259S240811BSL_PA1 IPC54_1.1, whole genome shotgun sequence"
"RWVC01000005.1 Pseudomonas aeruginosa strain 128S180412BSL_PA2 IPC33_5.1, whole genome shotgun sequence"
"RWVI01000012.1 Pseudomonas aeruginosa strain 2S030611BSL_PA1 IPC26_12.1, whole genome shotgun sequence"
"RWVK01000014.1 Pseudomonas aeruginosa strain 19SJO IPC575_13.1, whole genome shotgun sequence"
"RWRY01000008.1 Pseudomonas aeruginosa strain PAC44B IPC155_8.1, whole genome shotgun sequence"
"RWRZ01000012.1 Pseudomonas aeruginosa strain PAC44A IPC154_12.1, whole genome shotgun sequence"
"NSSN01000001.1 Pseudomonas aeruginosa strain Pae110 IPC886_1.1, whole genome shotgun sequence"
"NSZQ01000004.1 Pseudomonas aeruginosa strain AUS127 IPC197_4.1, whole genome shotgun sequence"
"RWTY01000011.1 Pseudomonas aeruginosa strain 298S020611BSL_PA1 IPC68_11.1, whole genome shotgun sequence"
"MVHA01000005.1 Pseudomonas aeruginosa strain ATCC BAA-2113 IPC1581_5.1, whole genome shotgun sequence"
"MCMN01000001.1 Pseudomonas aeruginosa strain 2D9A isolate AUS23 IPC1103_1.1, whole genome shotgun sequence"
"MCMA01000017.1 Pseudomonas aeruginosa strain F429 isolate A5803 IPC1272_17.1, whole genome shotgun sequence"
"MCMD01000003.1 Pseudomonas aeruginosa strain 239A isolate 13121-1 IPC1269_3.1, whole genome shotgun sequence"
"MCME01000004.1 Pseudomonas aeruginosa strain E429 isolate 15108-1 IPC1268_4.1, whole genome shotgun sequence"
"MCMG01000001.1 Pseudomonas aeruginosa strain EC2A isolate CHA IPC1262_1.1, whole genome shotgun sequence"
"MCMX01000012.1 Pseudomonas aeruginosa strain F69A isolate IST27 IPC84_12.1, whole genome shotgun sequence"
"MCMW01000001.1 Pseudomonas aeruginosa strain F69A isolate IST27N IPC85_1.1, whole genome shotgun sequence"
"NSMP01000019.1 Pseudomonas aeruginosa strain G1-WATER-2A IPC1472_19.1, whole genome shotgun sequence"
"NSMS01000006.1 Pseudomonas aeruginosa strain E1-WATER-2 IPC1469_6.1, whole genome shotgun sequence"
"NSNK01000011.1 Pseudomonas aeruginosa strain PA-W24 IPC1289_11.1, whole genome shotgun sequence"
"NSNJ01000003.1 Pseudomonas aeruginosa strain PA-W28 IPC1290_3.1, whole genome shotgun sequence"
"NSOD01000003.1 Pseudomonas aeruginosa strain JYH26 IPC1237_3.1, whole genome shotgun sequence"
"NSOC01000001.1 Pseudomonas aeruginosa strain JYH28 IPC1239_1.1, whole genome shotgun sequence"
"NSOM01000012.1 Pseudomonas aeruginosa strain JYH6 IPC1217_12.1, whole genome shotgun sequence"
"NSON01000024.1 Pseudomonas aeruginosa strain HB392 IPC1191_24.1, whole genome shotgun sequence"
"NSOO01000025.1 Pseudomonas aeruginosa strain HB159 IPC1190_25.1, whole genome shotgun sequence"
"NSQC01000002.1 Pseudomonas aeruginosa strain LiP4 IPC1075_2.1, whole genome shotgun sequence"
"NSQK01000011.1 Pseudomonas aeruginosa strain H3 IPC1060_11.1, whole genome shotgun sequence"
"NSQL01000011.1 Pseudomonas aeruginosa strain G2 IPC1057_11.1, whole genome shotgun sequence"
"NSQT01000003.1 Pseudomonas aeruginosa strain DUN-024-1 IPC1034_3.1, whole genome shotgun sequence"
"NSQS01000012.1 Pseudomonas aeruginosa strain DUN-001A IPC1035_12.1, whole genome shotgun sequence"
"NSQV01000001.1 Pseudomonas aeruginosa strain DUN-018 IPC1031_1.1, whole genome shotgun sequence"
"NSQZ01000014.1 Pseudomonas aeruginosa strain 010-4 IPC1015_14.1, whole genome shotgun sequence"
"NSRF01000017.1 Pseudomonas aeruginosa strain DUN-003B IPC995_17.1, whole genome shotgun sequence"
"NSRL01000013.1 Pseudomonas aeruginosa strain DUN-001-3B IPC984_13.1, whole genome shotgun sequence"
"NSRI01000010.1 Pseudomonas aeruginosa strain 001-5B IPC987_10.1, whole genome shotgun sequence"
"NSRH01000001.1 Pseudomonas aeruginosa strain 001-6 IPC988_1.1, whole genome shotgun sequence"
"NSRK01000013.1 Pseudomonas aeruginosa strain DUN-001-4 IPC985_13.1, whole genome shotgun sequence"
"NSRJ01000011.1 Pseudomonas aeruginosa strain 001-5A IPC986_11.1, whole genome shotgun sequence"
"NSRN01000012.1 Pseudomonas aeruginosa strain DUN-001-2B IPC982_12.1, whole genome shotgun sequence"
"NSRO01000012.1 Pseudomonas aeruginosa strain DUN-001-2A IPC981_12.1, whole genome shotgun sequence"
"NSRM01000001.1 Pseudomonas aeruginosa strain DUN-001-3A IPC983_1.1, whole genome shotgun sequence"
"NSRP01000014.1 Pseudomonas aeruginosa strain DUN-001C IPC980_14.1, whole genome shotgun sequence"
"NSRQ01000001.1 Pseudomonas aeruginosa strain DUN-001B IPC979_1.1, whole genome shotgun sequence"
"NSSG01000019.1 Pseudomonas aeruginosa strain S1983 IPC908_19.1, whole genome shotgun sequence"
"NSSF01000012.1 Pseudomonas aeruginosa strain MSB3405 IPC914_12.1, whole genome shotgun sequence"
"NSSJ01000012.1 Pseudomonas aeruginosa strain S2239_16 IPC903_12.1, whole genome shotgun sequence"
"NSSH01000011.1 Pseudomonas aeruginosa strain MSB2949 IPC907_11.1, whole genome shotgun sequence"
"NSSK01000012.1 Pseudomonas aeruginosa strain S2239_15 IPC902_12.1, whole genome shotgun sequence"
"NSSI01000001.1 Pseudomonas aeruginosa strain S2820 IPC905_1.1, whole genome shotgun sequence"
"NSSM01000001.1 Pseudomonas aeruginosa strain JD303 IPC887_1.1, whole genome shotgun sequence"
"NSSU01000011.1 Pseudomonas aeruginosa strain LMG2107 IPC877_11.1, whole genome shotgun sequence"
"NSSW01000004.1 Pseudomonas aeruginosa strain Bo559 IPC867_4.1, whole genome shotgun sequence"
"NSSR01000001.1 Pseudomonas aeruginosa strain PhDW6 IPC880_1.1, whole genome shotgun sequence"
"NSSV01000017.1 Pseudomonas aeruginosa strain Cotonu1 IPC875_17.1, whole genome shotgun sequence"
"NSTA01000021.1 Pseudomonas aeruginosa strain Br670 IPC838_21.1, whole genome shotgun sequence"
"NSTI01000020.1 Pseudomonas aeruginosa strain LiA161_2005 IPC782_20.1, whole genome shotgun sequence"
"NSTU01000012.1 Pseudomonas aeruginosa strain CPHL10701 IPC738_12.1, whole genome shotgun sequence"
"NSTY01000011.1 Pseudomonas aeruginosa strain CPHL8058 IPC733_11.1, whole genome shotgun sequence"
"NSUC01000002.1 Pseudomonas aeruginosa strain CPHL1999 IPC728_2.1, whole genome shotgun sequence"
"NSUS01000001.1 Pseudomonas aeruginosa strain A22 IPC695_1.1, whole genome shotgun sequence"
"NSUR01000001.1 Pseudomonas aeruginosa strain A237 IPC696_1.1, whole genome shotgun sequence"
"NSVA01000002.1 Pseudomonas aeruginosa strain So098 IPC677_2.1, whole genome shotgun sequence"
"NSVC01000016.1 Pseudomonas aeruginosa strain Co399645 IPC665_16.1, whole genome shotgun sequence"
"NSVU01000009.1 Pseudomonas aeruginosa strain AMT0005-1 IPC539_9.1, whole genome shotgun sequence"
"NSVV01000001.1 Pseudomonas aeruginosa strain AUS719 IPC534_1.1, whole genome shotgun sequence"
"NSVW01000001.1 Pseudomonas aeruginosa strain AUS720 IPC510_1.1, whole genome shotgun sequence"
"NSXM01000004.1 Pseudomonas aeruginosa strain AUS120 IPC365_4.1, whole genome shotgun sequence"
"NSXO01000018.1 Pseudomonas aeruginosa strain AUS111 IPC358_18.1, whole genome shotgun sequence"
"NSXN01000001.1 Pseudomonas aeruginosa strain AUS119 IPC364_1.1, whole genome shotgun sequence"
"NSXQ01000003.1 Pseudomonas aeruginosa strain AUS105 IPC354_3.1, whole genome shotgun sequence"
"NSXP01000001.1 Pseudomonas aeruginosa strain AUS106 IPC355_1.1, whole genome shotgun sequence"
"NSXR01000001.1 Pseudomonas aeruginosa strain AUS503 IPC353_1.1, whole genome shotgun sequence"
"NSXT01000015.1 Pseudomonas aeruginosa strain AUS089 IPC349_15.1, whole genome shotgun sequence"
"NSXY01000012.1 Pseudomonas aeruginosa strain AUS702 IPC339_12.1, whole genome shotgun sequence"
"NSXX01000003.1 Pseudomonas aeruginosa strain AUS054 IPC340_3.1, whole genome shotgun sequence"
"NSYE01000004.1 Pseudomonas aeruginosa strain AUS355 IPC312_4.1, whole genome shotgun sequence"
"NSYO01000009.1 Pseudomonas aeruginosa strain AUS517 IPC288_9.1, whole genome shotgun sequence"
"NSYV01000008.1 Pseudomonas aeruginosa strain AUS088 IPC273_8.1, whole genome shotgun sequence"
"NSZI01000001.1 Pseudomonas aeruginosa strain AUS465 IPC227_1.1, whole genome shotgun sequence"
"NSZN01000001.1 Pseudomonas aeruginosa strain AUS186 IPC205_1.1, whole genome shotgun sequence"
"NSZY01000012.1 Pseudomonas aeruginosa strain 886-1 IPC102_12.1, whole genome shotgun sequence"
"NTAE01000002.1 Pseudomonas aeruginosa strain 903 IPC96_2.1, whole genome shotgun sequence"
"NTAC01000012.1 Pseudomonas aeruginosa strain 1098 IPC98_12.1, whole genome shotgun sequence"
"NTAI01000040.1 Pseudomonas aeruginosa strain PA-W47 IPC23_40.1, whole genome shotgun sequence"
"NTAH01000014.1 Pseudomonas aeruginosa strain PA-W48 IPC24_14.1, whole genome shotgun sequence"
"NTAY01000001.1 Pseudomonas aeruginosa strain PA-W11 IPC6_1.1, whole genome shotgun sequence"
"RWZJ01000001.1 Pseudomonas aeruginosa strain 32CFBRPA IPC1622_1.1, whole genome shotgun sequence"
"RWZN01000001.1 Pseudomonas aeruginosa strain SMC1596 IPC1618_1.1, whole genome shotgun sequence"
"RWZW01000012.1 Pseudomonas aeruginosa strain NN5 IPC1433_12.1, whole genome shotgun sequence"
"RWZO01000001.1 Pseudomonas aeruginosa strain SMC1595 IPC1617_1.1, whole genome shotgun sequence"
"RWZP01000003.1 Pseudomonas aeruginosa strain SMC1587 IPC1616_3.1, whole genome shotgun sequence"
"RWZS01000002.1 Pseudomonas aeruginosa strain Zw75_2 IPC1438_2.1, whole genome shotgun sequence"
"RWZY01000001.1 Pseudomonas aeruginosa strain FM4 IPC1429_1.1, whole genome shotgun sequence"
"RXAG01000004.1 Pseudomonas aeruginosa strain HCF367 IPC1415_4.1, whole genome shotgun sequence"
"RXAF01000002.1 Pseudomonas aeruginosa strain HCF410 IPC1417_2.1, whole genome shotgun sequence"
"RXAN01000001.1 Pseudomonas aeruginosa strain HCF483 IPC1405_1.1, whole genome shotgun sequence"
"RXAW01000002.1 Pseudomonas aeruginosa strain Zw49 IPC1383_2.1, whole genome shotgun sequence"
"RXAX01000005.1 Pseudomonas aeruginosa strain Zw31 IPC1381_5.1, whole genome shotgun sequence"
"RXBD01000003.1 Pseudomonas aeruginosa strain MCF199 IPC1370_3.1, whole genome shotgun sequence"
"RXBK01000003.1 Pseudomonas aeruginosa strain MCF922 IPC1362_3.1, whole genome shotgun sequence"
"RXBW01000016.1 Pseudomonas aeruginosa strain JYH11 IPC1222_16.1, whole genome shotgun sequence"
"RXBS01000002.1 Pseudomonas aeruginosa strain JYH19 IPC1230_2.1, whole genome shotgun sequence"
"RXCA01000006.1 Pseudomonas aeruginosa strain MSH3 IPC1178_6.1, whole genome shotgun sequence"
"RXBY01000010.1 Pseudomonas aeruginosa strain JYH7 IPC1218_10.1, whole genome shotgun sequence"
"RXBZ01000007.1 Pseudomonas aeruginosa strain MSH10 IPC1179_7.1, whole genome shotgun sequence"
"RXCF01000001.1 Pseudomonas aeruginosa strain T3354 IPC1135_1.1, whole genome shotgun sequence"
"RXCH01000002.1 Pseudomonas aeruginosa strain T3382 IPC1132_2.1, whole genome shotgun sequence"
"RXCI01000010.1 Pseudomonas aeruginosa strain T2584 IPC1130_10.1, whole genome shotgun sequence"
"RXCP01000001.1 Pseudomonas aeruginosa strain 3141 IPC1105_1.1, whole genome shotgun sequence"
"RXCV01000006.1 Pseudomonas aeruginosa strain W15Apr4 IPC824_6.1, whole genome shotgun sequence"
"RXFL01000011.1 Pseudomonas aeruginosa strain Jp222 IPC751_11.1, whole genome shotgun sequence"
"RXDG01000003.1 Pseudomonas aeruginosa strain AMT0047-125 IPC564_3.1, whole genome shotgun sequence"
"RXDS01000001.1 Pseudomonas aeruginosa strain AUS727 IPC517_1.1, whole genome shotgun sequence"
"RXDR01000001.1 Pseudomonas aeruginosa strain AUS717 IPC532_1.1, whole genome shotgun sequence"
"RXEB01000002.1 Pseudomonas aeruginosa strain AUS505 IPC445_2.1, whole genome shotgun sequence"
"RXEG01000002.1 Pseudomonas aeruginosa strain AUS177 IPC414_2.1, whole genome shotgun sequence"
"RXEK01000005.1 Pseudomonas aeruginosa strain AUS158 IPC397_5.1, whole genome shotgun sequence"
"RXEI01000002.1 Pseudomonas aeruginosa strain AUS175 IPC412_2.1, whole genome shotgun sequence"
"RXEO01000001.1 Pseudomonas aeruginosa strain AUS153 IPC392_1.1, whole genome shotgun sequence"
"RXEW01000001.1 Pseudomonas aeruginosa strain AUS110 IPC357_1.1, whole genome shotgun sequence"
"RXEZ01000019.1 Pseudomonas aeruginosa strain AUS527 IPC324_19.1, whole genome shotgun sequence"
"RWKZ01000003.1 Pseudomonas aeruginosa strain 21 IPC1604_3.1, whole genome shotgun sequence"
"RWLE01000001.1 Pseudomonas aeruginosa strain 16 IPC1599_1.1, whole genome shotgun sequence"
"RWLG01000001.1 Pseudomonas aeruginosa strain 14.2 IPC1597_1.1, whole genome shotgun sequence"
"RWLK01000001.1 Pseudomonas aeruginosa strain 11 IPC1593_1.1, whole genome shotgun sequence"
"RWLV01000003.1 Pseudomonas aeruginosa strain 3052425557 IPC1523_3.1, whole genome shotgun sequence"
"RWMA01000004.1 Pseudomonas aeruginosa strain 5054408345 IPC1518_4.1, whole genome shotgun sequence"
"RWML01000006.1 Pseudomonas aeruginosa strain 4114358565 IPC1507_6.1, whole genome shotgun sequence"
"RWMM01000005.1 Pseudomonas aeruginosa strain 5024382749-14 IPC1506_5.1, whole genome shotgun sequence"
"RWMN01000003.1 Pseudomonas aeruginosa strain 5024382749-13 IPC1505_3.1, whole genome shotgun sequence"
"RWMQ01000013.1 Pseudomonas aeruginosa strain 1042828174-20 IPC1502_13.1, whole genome shotgun sequence"
"RWMT01000011.1 Pseudomonas aeruginosa strain 9092533235 IPC1499_11.1, whole genome shotgun sequence"
"RWMY01000003.1 Pseudomonas aeruginosa strain 3052425557 IPC1492_3.1, whole genome shotgun sequence"
"RWNJ01000012.1 Pseudomonas aeruginosa strain 41004355322 IPC1478_12.1, whole genome shotgun sequence"
"RWNK01000007.1 Pseudomonas aeruginosa strain 5054407658-17 IPC1477_7.1, whole genome shotgun sequence"
"RWNL01000001.1 Pseudomonas aeruginosa strain 5054407658-16 IPC1476_1.1, whole genome shotgun sequence"
"RWNM01000003.1 Pseudomonas aeruginosa strain 4124363505 IPC1474_3.1, whole genome shotgun sequence"
"RWNS01000027.1 Pseudomonas aeruginosa strain 6096 IPC1343_27.1, whole genome shotgun sequence"
"RWOA01000001.1 Pseudomonas aeruginosa strain 6088 IPC1335_1.1, whole genome shotgun sequence"
"RWPE01000004.1 Pseudomonas aeruginosa strain PA-CL549 IPC634_4.1, whole genome shotgun sequence"
"RWPG01000002.1 Pseudomonas aeruginosa strain PA-CL545b IPC632_2.1, whole genome shotgun sequence"
"RWPF01000002.1 Pseudomonas aeruginosa strain PA-CL547b IPC633_2.1, whole genome shotgun sequence"
"RWPK01000001.1 Pseudomonas aeruginosa strain PA-CL534a IPC625_1.1, whole genome shotgun sequence"
"RWPH01000001.1 Pseudomonas aeruginosa strain PA-CL542b IPC630_1.1, whole genome shotgun sequence"
"RWPI01000001.1 Pseudomonas aeruginosa strain PA-CL542a IPC629_1.1, whole genome shotgun sequence"
"RWPM01000001.1 Pseudomonas aeruginosa strain PA-CL529 IPC623_1.1, whole genome shotgun sequence"
"RWPN01000001.1 Pseudomonas aeruginosa strain PA-CL528 IPC622_1.1, whole genome shotgun sequence"
"RWPO01000005.1 Pseudomonas aeruginosa strain PA-CL527 IPC621_5.1, whole genome shotgun sequence"
"RWQG01000001.1 Pseudomonas aeruginosa strain PA-CL507 IPC601_1.1, whole genome shotgun sequence"
"RWQF01000001.1 Pseudomonas aeruginosa strain PA-CL508 IPC602_1.1, whole genome shotgun sequence"
"RWQJ01000001.1 Pseudomonas aeruginosa strain PA-CL504 IPC598_1.1, whole genome shotgun sequence"
"RWQI01000001.1 Pseudomonas aeruginosa strain PA-CL505 IPC599_1.1, whole genome shotgun sequence"
"RWQH01000001.1 Pseudomonas aeruginosa strain PA-CL506b IPC600_1.1, whole genome shotgun sequence"
"RWQL01000001.1 Pseudomonas aeruginosa strain PA-CL501 IPC596_1.1, whole genome shotgun sequence"
"RWQK01000002.1 Pseudomonas aeruginosa strain PA-CL502 IPC597_2.1, whole genome shotgun sequence"
"RWTW01000001.1 Pseudomonas aeruginosa strain 318S170811BSL_PA1 IPC71_1.1, whole genome shotgun sequence"
"RWUW01000012.1 Pseudomonas aeruginosa strain 145S200511BSL_PA2 IPC40_12.1, whole genome shotgun sequence"
"RWVG01000004.1 Pseudomonas aeruginosa strain 37s051011BSL_PA1 IPC29_4.1, whole genome shotgun sequence"
"RWVE01000002.1 Pseudomonas aeruginosa strain 44s031011BSL_PA2 IPC31_2.1, whole genome shotgun sequence"
"RWVF01000007.1 Pseudomonas aeruginosa strain 44s031011BSL_PA1 IPC30_7.1, whole genome shotgun sequence"
"RWVH01000003.1 Pseudomonas aeruginosa strain 29S030611BSL_PA1 IPC27_3.1, whole genome shotgun sequence"
"RWPJ01000001.1 Pseudomonas aeruginosa strain PA-CL534x IPC627_1.1, whole genome shotgun sequence"
"RWLH01000001.1 Pseudomonas aeruginosa strain 14.1 IPC1596_1.1, whole genome shotgun sequence"
"MCMS01000012.1 Pseudomonas aeruginosa strain 3C1A isolate Jpn1563 IPC91_12.1, whole genome shotgun sequence"
"NSMY01000001.1 Pseudomonas aeruginosa strain PA-W44 IPC1301_1.1, whole genome shotgun sequence"
"NSNP01000002.1 Pseudomonas aeruginosa strain PA-W10 IPC1284_2.1, whole genome shotgun sequence"
"NSPO01000011.1 Pseudomonas aeruginosa strain A1(A2448) IPC1122_11.1, whole genome shotgun sequence"
"NSUQ01000001.1 Pseudomonas aeruginosa strain Mex2 IPC698_1.1, whole genome shotgun sequence"
"NSYS01000039.1 Pseudomonas aeruginosa strain AUS476 IPC277_39.1, whole genome shotgun sequence"
"RXAA01000004.1 Pseudomonas aeruginosa strain OY3 IPC1427_4.1, whole genome shotgun sequence"
"RWZZ01000003.1 Pseudomonas aeruginosa strain BJ2 IPC1428_3.1, whole genome shotgun sequence"
"RXBP01000015.1 Pseudomonas aeruginosa strain JYH25 IPC1236_15.1, whole genome shotgun sequence"
"MCMK01000001.1 Pseudomonas aeruginosa strain EC22 isolate AUS52 IPC1258_1.1, whole genome shotgun sequence"
"NSNM01000009.1 Pseudomonas aeruginosa strain PA-W21 IPC1287_9.1, whole genome shotgun sequence"
"NSNR01000015.1 Pseudomonas aeruginosa strain PA-W4 IPC1282_15.1, whole genome shotgun sequence"
"NSRS01000002.1 Pseudomonas aeruginosa strain U451 IPC976_2.1, whole genome shotgun sequence"
"NSRX01000006.1 Pseudomonas aeruginosa strain U372 IPC948_6.1, whole genome shotgun sequence"
"NSRW01000001.1 Pseudomonas aeruginosa strain U397A IPC954_1.1, whole genome shotgun sequence"
"NSRY01000001.1 Pseudomonas aeruginosa strain U350 IPC946_1.1, whole genome shotgun sequence"
"NSSD01000006.1 Pseudomonas aeruginosa strain U0284 IPC924_6.1, whole genome shotgun sequence"
"NSSE01000001.1 Pseudomonas aeruginosa strain U0272B IPC922_1.1, whole genome shotgun sequence"
"NSTH01000014.1 Pseudomonas aeruginosa strain LiA179_2006 IPC785_14.1, whole genome shotgun sequence"
"NSTP01000007.1 Pseudomonas aeruginosa strain Jp97 IPC749_7.1, whole genome shotgun sequence"
"NSWE01000001.1 Pseudomonas aeruginosa strain AUS422 IPC491_1.1, whole genome shotgun sequence"
"NSYP01000008.1 Pseudomonas aeruginosa strain AUS471 IPC282_8.1, whole genome shotgun sequence"
"NSYY01000008.1 Pseudomonas aeruginosa strain AUS423 IPC264_8.1, whole genome shotgun sequence"
"NTAL01000004.1 Pseudomonas aeruginosa strain PA-W34 IPC19_4.1, whole genome shotgun sequence"
"NTAR01000007.1 Pseudomonas aeruginosa strain PA-W20 IPC13_7.1, whole genome shotgun sequence"
"NTAU01000013.1 Pseudomonas aeruginosa strain PA-W17 IPC10_13.1, whole genome shotgun sequence"
"RXAT01000001.1 Pseudomonas aeruginosa strain PT12 IPC1387_1.1, whole genome shotgun sequence"
"RXCM01000008.1 Pseudomonas aeruginosa strain P2404 IPC1110_8.1, whole genome shotgun sequence"
"RXDD01000027.1 Pseudomonas aeruginosa strain Jp100 IPC750_27.1, whole genome shotgun sequence"
"RXFB01000011.1 Pseudomonas aeruginosa strain AUS516 IPC287_11.1, whole genome shotgun sequence"
"RWOC01000002.1 Pseudomonas aeruginosa strain 6086.2 IPC1333_2.1, whole genome shotgun sequence"
"NSNT01000001.1 Pseudomonas aeruginosa strain PA-W1 IPC1280_1.1, whole genome shotgun sequence"
"NSQX01000001.1 Pseudomonas aeruginosa strain 014-2A IPC1020_1.1, whole genome shotgun sequence"
"NSSP01000002.1 Pseudomonas aeruginosa strain Tu863 IPC884_2.1, whole genome shotgun sequence"
"NSUE01000015.1 Pseudomonas aeruginosa strain IDEXX_Canine8 IPC725_15.1, whole genome shotgun sequence"
"NSWZ01000012.1 Pseudomonas aeruginosa strain AUS485 IPC436_12.1, whole genome shotgun sequence"
"NTAD01000001.1 Pseudomonas aeruginosa strain 856 IPC97_1.1, whole genome shotgun sequence"
"RWZR01000003.1 Pseudomonas aeruginosa strain Zw73_1 IPC1439_3.1, whole genome shotgun sequence"
"RXAY01000001.1 Pseudomonas aeruginosa strain Zw92 IPC1380_1.1, whole genome shotgun sequence"
"NSUV01000007.1 Pseudomonas aeruginosa strain A15 IPC692_7.1, whole genome shotgun sequence"
"NSUZ01000003.1 Pseudomonas aeruginosa strain A9 IPC688_3.1, whole genome shotgun sequence"
"RWZX01000018.1 Pseudomonas aeruginosa strain SC1 IPC1432_18.1, whole genome shotgun sequence"
"RXBV01000001.1 Pseudomonas aeruginosa strain JYH13 IPC1224_1.1, whole genome shotgun sequence"
"RXFE01000001.1 Pseudomonas aeruginosa strain AUS226 IPC252_1.1, whole genome shotgun sequence"
"RWLN01000001.1 Pseudomonas aeruginosa strain 8 IPC1590_1.1, whole genome shotgun sequence"
"NSRE01000037.1 Pseudomonas aeruginosa strain DUN-004 IPC1001_37.1, whole genome shotgun sequence"
"NSTR01000004.1 Pseudomonas aeruginosa strain J80UH1OS1 IPC744_4.1, whole genome shotgun sequence"
"NSZA01000015.1 Pseudomonas aeruginosa strain AUS232 IPC258_15.1, whole genome shotgun sequence"
"RXBT01000033.1 Pseudomonas aeruginosa strain JYH17 IPC1228_33.1, whole genome shotgun sequence"
"RXCC01000001.1 Pseudomonas aeruginosa strain P1885 IPC1150_1.1, whole genome shotgun sequence"
"NSPH01000002.1 Pseudomonas aeruginosa strain E9(4068) IPC1152_2.1, whole genome shotgun sequence"
"NSXA01000003.1 Pseudomonas aeruginosa strain AUS483 IPC434_3.1, whole genome shotgun sequence"
"NSZD01000003.1 Pseudomonas aeruginosa strain AUS217 IPC241_3.1, whole genome shotgun sequence"
"NSST01000014.1 Pseudomonas aeruginosa strain LMG5031 IPC878_14.1, whole genome shotgun sequence"
