"MCLX01000029.1 Pseudomonas aeruginosa 39016 IPC1264_29.1, whole genome shotgun sequence"
"MCMA01000025.1 Pseudomonas aeruginosa strain F429 isolate A5803 IPC1272_25.1, whole genome shotgun sequence"
"MCME01000054.1 Pseudomonas aeruginosa strain E429 isolate 15108-1 IPC1268_54.1, whole genome shotgun sequence"
"MCMH01000025.1 Pseudomonas aeruginosa strain 6D92(H) isolate AMT0023-34 IPC1261_25.1, whole genome shotgun sequence"
"MCMI01000024.1 Pseudomonas aeruginosa strain 6D92(H) isolate AMT0023-30 IPC1260_24.1, whole genome shotgun sequence"
"MCMR01000045.1 Pseudomonas aeruginosa strain E42A(B) isolate LMG14084 IPC92_45.1, whole genome shotgun sequence"
"NSMP01000034.1 Pseudomonas aeruginosa strain G1-WATER-2A IPC1472_34.1, whole genome shotgun sequence"
"NSMV01000006.1 Pseudomonas aeruginosa strain AL191 IPC1350_6.1, whole genome shotgun sequence"
"NSMW01000029.1 Pseudomonas aeruginosa strain PA-W46 IPC1303_29.1, whole genome shotgun sequence"
"NSNG01000039.1 Pseudomonas aeruginosa strain PA-W32 IPC1293_39.1, whole genome shotgun sequence"
"NSNK01000047.1 Pseudomonas aeruginosa strain PA-W24 IPC1289_47.1, whole genome shotgun sequence"
"NSNP01000039.1 Pseudomonas aeruginosa strain PA-W10 IPC1284_39.1, whole genome shotgun sequence"
"NSOG01000036.1 Pseudomonas aeruginosa strain JYH18 IPC1229_36.1, whole genome shotgun sequence"
"NSOQ01000032.1 Pseudomonas aeruginosa strain U2504 IPC1182_32.1, whole genome shotgun sequence"
"NSOS01000010.1 Pseudomonas aeruginosa strain JJ692 IPC1177_10.1, whole genome shotgun sequence"
"NSOX01000046.1 Pseudomonas aeruginosa strain D9 3362 IPC1164_46.1, whole genome shotgun sequence"
"NSPJ01000026.1 Pseudomonas aeruginosa strain C8(T3532) IPC1145_26.1, whole genome shotgun sequence"
"NSQL01000038.1 Pseudomonas aeruginosa strain G2 IPC1057_38.1, whole genome shotgun sequence"
"NSQQ01000028.1 Pseudomonas aeruginosa strain B2 IPC1040_28.1, whole genome shotgun sequence"
"NSQZ01000043.1 Pseudomonas aeruginosa strain 010-4 IPC1015_43.1, whole genome shotgun sequence"
"NSRD01000031.1 Pseudomonas aeruginosa strain DUN-006 IPC1005_31.1, whole genome shotgun sequence"
"NSSL01000049.1 Pseudomonas aeruginosa strain PMM38 IPC888_49.1, whole genome shotgun sequence"
"NSSO01000035.1 Pseudomonas aeruginosa strain TuD199 IPC885_35.1, whole genome shotgun sequence"
"NSSW01000029.1 Pseudomonas aeruginosa strain Bo559 IPC867_29.1, whole genome shotgun sequence"
"NSSX01000028.1 Pseudomonas aeruginosa strain Us411 IPC860_28.1, whole genome shotgun sequence"
"NSSV01000034.1 Pseudomonas aeruginosa strain Cotonu1 IPC875_34.1, whole genome shotgun sequence"
"NSTC01000009.1 Pseudomonas aeruginosa strain LiA96_2004 IPC797_9.1, whole genome shotgun sequence"
"NSTD01000040.1 Pseudomonas aeruginosa strain LiA91_2004 IPC796_40.1, whole genome shotgun sequence"
"NSTH01000025.1 Pseudomonas aeruginosa strain LiA179_2006 IPC785_25.1, whole genome shotgun sequence"
"NSTL01000025.1 Pseudomonas aeruginosa strain LiA131_2005 IPC775_25.1, whole genome shotgun sequence"
"NSTO01000055.1 Pseudomonas aeruginosa strain Jp224 IPC752_55.1, whole genome shotgun sequence"
"NSTM01000056.1 Pseudomonas aeruginosa strain Jp1140 IPC757_56.1, whole genome shotgun sequence"
"NSUF01000030.1 Pseudomonas aeruginosa strain IDEXX_Canine4 IPC723_30.1, whole genome shotgun sequence"
"NSUL01000037.1 Pseudomonas aeruginosa strain CND03 IPC706_37.1, whole genome shotgun sequence"
"NSVC01000027.1 Pseudomonas aeruginosa strain Co399645 IPC665_27.1, whole genome shotgun sequence"
"NSVK01000037.1 Pseudomonas aeruginosa strain AMT0071-76 IPC573_37.1, whole genome shotgun sequence"
"NSVM01000016.1 Pseudomonas aeruginosa strain AMT0046-1 IPC560_16.1, whole genome shotgun sequence"
"NSVO01000025.1 Pseudomonas aeruginosa strain AMT0026-3 IPC555_25.1, whole genome shotgun sequence"
"NSVQ01000043.1 Pseudomonas aeruginosa strain AMT0020-84 IPC549_43.1, whole genome shotgun sequence"
"NSXM01000019.1 Pseudomonas aeruginosa strain AUS120 IPC365_19.1, whole genome shotgun sequence"
"NSYC01000031.1 Pseudomonas aeruginosa strain AUS283 IPC323_31.1, whole genome shotgun sequence"
"NSYN01000029.1 Pseudomonas aeruginosa strain AUS321 IPC289_29.1, whole genome shotgun sequence"
"NSYO01000030.1 Pseudomonas aeruginosa strain AUS517 IPC288_30.1, whole genome shotgun sequence"
"NSZK01000023.1 Pseudomonas aeruginosa strain AUS205 IPC224_23.1, whole genome shotgun sequence"
"NTAC01000039.1 Pseudomonas aeruginosa strain 1098 IPC98_39.1, whole genome shotgun sequence"
"NTAI01000046.1 Pseudomonas aeruginosa strain PA-W47 IPC23_46.1, whole genome shotgun sequence"
"NTBB01000047.1 Pseudomonas aeruginosa strain PA-W7 IPC3_47.1, whole genome shotgun sequence"
"NSPQ01000047.1 Pseudomonas aeruginosa strain B1(P2356) IPC1107_47.1, whole genome shotgun sequence"
"NSPI01000001.1 Pseudomonas aeruginosa strain C9(P1814) IPC1147_1.1, whole genome shotgun sequence"
"RXAZ01000014.1 Pseudomonas aeruginosa strain PD1 IPC1377_14.1, whole genome shotgun sequence"
"RXBO01000033.1 Pseudomonas aeruginosa strain JYH29 IPC1240_33.1, whole genome shotgun sequence"
"RXBW01000028.1 Pseudomonas aeruginosa strain JYH11 IPC1222_28.1, whole genome shotgun sequence"
"RXCJ01000026.1 Pseudomonas aeruginosa strain E2758 IPC1126_26.1, whole genome shotgun sequence"
"RXCX01000049.1 Pseudomonas aeruginosa strain Jp1206 IPC761_49.1, whole genome shotgun sequence"
"RXCV01000023.1 Pseudomonas aeruginosa strain W15Apr4 IPC824_23.1, whole genome shotgun sequence"
"RXDA01000045.1 Pseudomonas aeruginosa strain Jp1155 IPC758_45.1, whole genome shotgun sequence"
"RXCZ01000049.1 Pseudomonas aeruginosa strain Jp1170 IPC759_49.1, whole genome shotgun sequence"
"RXCY01000054.1 Pseudomonas aeruginosa strain Jp1200 IPC760_54.1, whole genome shotgun sequence"
"RXFL01000034.1 Pseudomonas aeruginosa strain Jp222 IPC751_33.1, whole genome shotgun sequence"
"RXDJ01000022.1 Pseudomonas aeruginosa strain AMT0026-2 IPC554_22.1, whole genome shotgun sequence"
"RXDK01000024.1 Pseudomonas aeruginosa strain AMT0026-1 IPC553_24.1, whole genome shotgun sequence"
"RXDL01000047.1 Pseudomonas aeruginosa strain AMT0020-83 IPC548_47.1, whole genome shotgun sequence"
"RXEC01000022.1 Pseudomonas aeruginosa strain AUS501 IPC444_22.1, whole genome shotgun sequence"
"RXEF01000018.1 Pseudomonas aeruginosa strain AUS178 IPC415_18.1, whole genome shotgun sequence"
"RXEQ01000027.1 Pseudomonas aeruginosa strain AUS311 IPC381_27.1, whole genome shotgun sequence"
"RXFH01000023.1 Pseudomonas aeruginosa strain AUS525 IPC246_23.1, whole genome shotgun sequence"
"RWLI01000036.1 Pseudomonas aeruginosa strain 13 IPC1595_36.1, whole genome shotgun sequence"
"RWMX01000019.1 Pseudomonas aeruginosa strain 4064321111 IPC1494_19.1, whole genome shotgun sequence"
"RWQA01000006.1 Pseudomonas aeruginosa strain PA-CL513 IPC607_6.1, whole genome shotgun sequence"
"RWSB01000033.1 Pseudomonas aeruginosa strain PAC94A IPC152_33.1, whole genome shotgun sequence"
"RWSN01000035.1 Pseudomonas aeruginosa strain PAC15B IPC140_35.1, whole genome shotgun sequence"
"RWSO01000036.1 Pseudomonas aeruginosa strain PAC15A IPC139_36.1, whole genome shotgun sequence"
"RWTP01000020.1 Pseudomonas aeruginosa strain 333S200112BSL_PA1 IPC78_20.1, whole genome shotgun sequence"
"RWTR01000024.1 Pseudomonas aeruginosa strain 326S290611BSL_PA2 IPC76_24.1, whole genome shotgun sequence"
"RWTQ01000061.1 Pseudomonas aeruginosa strain 326S290611BSL_PA3 IPC77_61.1, whole genome shotgun sequence"
"RWTS01000024.1 Pseudomonas aeruginosa strain 326S290611BSL_PA1 IPC75_24.1, whole genome shotgun sequence"
"RWUG01000033.1 Pseudomonas aeruginosa strain 274S010611BSL_PA1 IPC58_33.1, whole genome shotgun sequence"
"RWUH01000027.1 Pseudomonas aeruginosa strain 272S250511BSL_PA1 IPC57_27.1, whole genome shotgun sequence"
"MVGX01000024.1 Pseudomonas aeruginosa strain ATCC BAA-2110 IPC1578_24.1, whole genome shotgun sequence"
"MVGW01000040.1 Pseudomonas aeruginosa strain ATCC BAA-2109 IPC1577_40.1, whole genome shotgun sequence"
"MVGY01000020.1 Pseudomonas aeruginosa strain ATCC BAA-2111 IPC1579_20.1, whole genome shotgun sequence"
"MVGZ01000020.1 Pseudomonas aeruginosa strain ATCC BAA-2112 IPC1580_20.1, whole genome shotgun sequence"
"MVHA01000013.1 Pseudomonas aeruginosa strain ATCC BAA-2113 IPC1581_13.1, whole genome shotgun sequence"
"MVHB01000020.1 Pseudomonas aeruginosa strain ATCC BAA-2114 IPC1582_20.1, whole genome shotgun sequence"
"MCMN01000025.1 Pseudomonas aeruginosa strain 2D9A isolate AUS23 IPC1103_25.1, whole genome shotgun sequence"
"MCLY01000030.1 Pseudomonas aeruginosa strain 2C22 isolate 57P31PA IPC1274_30.1, whole genome shotgun sequence"
"MCLZ01000032.1 Pseudomonas aeruginosa strain 3C52 isolate TBCF10839 IPC1273_32.1, whole genome shotgun sequence"
"MCMB01000025.1 Pseudomonas aeruginosa strain 1BAE isolate KK1 IPC1271_25.1, whole genome shotgun sequence"
"MCMC01000027.1 Pseudomonas aeruginosa strain EA0A isolate 39177 IPC1270_27.1, whole genome shotgun sequence"
"MCMD01000052.1 Pseudomonas aeruginosa strain 239A isolate 13121-1 IPC1269_52.1, whole genome shotgun sequence"
"MCMG01000019.1 Pseudomonas aeruginosa strain EC2A isolate CHA IPC1262_19.1, whole genome shotgun sequence"
"MCMK01000021.1 Pseudomonas aeruginosa strain EC22 isolate AUS52 IPC1258_21.1, whole genome shotgun sequence"
"MCMJ01000035.1 Pseudomonas aeruginosa strain AF9A isolate AA2 IPC1259_35.1, whole genome shotgun sequence"
"MCML01000024.1 Pseudomonas aeruginosa strain E82A isolate AES-1R IPC1257_24.1, whole genome shotgun sequence"
"MCMM01000026.1 Pseudomonas aeruginosa strain 4012(0) isolate C3719 IPC1256_26.1, whole genome shotgun sequence"
"MCMO01000003.1 Pseudomonas aeruginosa strain F462 isolate CPHL9433 IPC95_3.1, whole genome shotgun sequence"
"MCMP01000031.1 Pseudomonas aeruginosa strain 2A42 isolate U018A IPC94_31.1, whole genome shotgun sequence"
"MCMQ01000017.1 Pseudomonas aeruginosa strain FA0A isolate Pr335 IPC93_17.1, whole genome shotgun sequence"
"MCMS01000020.1 Pseudomonas aeruginosa strain 3C1A isolate Jpn1563 IPC91_20.1, whole genome shotgun sequence"
"MCMT01000023.1 Pseudomonas aeruginosa strain 6822 isolate NH57388A IPC88_23.1, whole genome shotgun sequence"
"MCMU01000028.1 Pseudomonas aeruginosa strain 0C4A isolate 679 IPC87_28.1, whole genome shotgun sequence"
"MCMV01000021.1 Pseudomonas aeruginosa strain 3C52(K) isolate 968333S IPC86_21.1, whole genome shotgun sequence"
"MCMZ01000028.1 Pseudomonas aeruginosa strain 6D92(H) isolate AMT0060-3 IPC82_28.1, whole genome shotgun sequence"
"MCNA01000038.1 Pseudomonas aeruginosa strain 6D92(H) isolate AMT0060-2 IPC81_38.1, whole genome shotgun sequence"
"MCNB01000041.1 Pseudomonas aeruginosa strain 6D92(H) isolate AMT0060-1 IPC80_41.1, whole genome shotgun sequence"
"NSMQ01000031.1 Pseudomonas aeruginosa strain F1-DN-2 IPC1471_31.1, whole genome shotgun sequence"
"NSMR01000027.1 Pseudomonas aeruginosa strain E2-DN-2 IPC1470_27.1, whole genome shotgun sequence"
"NSMU01000027.1 Pseudomonas aeruginosa strain AL363(Israel 14) IPC1352_27.1, whole genome shotgun sequence"
"NSMS01000047.1 Pseudomonas aeruginosa strain E1-WATER-2 IPC1469_47.1, whole genome shotgun sequence"
"NSMT01000021.1 Pseudomonas aeruginosa strain AL561 IPC1353_21.1, whole genome shotgun sequence"
"NSMX01000026.1 Pseudomonas aeruginosa strain PA-W45 IPC1302_26.1, whole genome shotgun sequence"
"NSMZ01000023.1 Pseudomonas aeruginosa strain PA-W43 IPC1300_23.1, whole genome shotgun sequence"
"NSNB01000033.1 Pseudomonas aeruginosa strain PA-W39 IPC1298_33.1, whole genome shotgun sequence"
"NSMY01000024.1 Pseudomonas aeruginosa strain PA-W44 IPC1301_24.1, whole genome shotgun sequence"
"NSNA01000030.1 Pseudomonas aeruginosa strain PA-W42 IPC1299_30.1, whole genome shotgun sequence"
"NSNE01000041.1 Pseudomonas aeruginosa strain PA-W36 IPC1295_41.1, whole genome shotgun sequence"
"NSND01000038.1 Pseudomonas aeruginosa strain PA-W37 IPC1296_38.1, whole genome shotgun sequence"
"NSNC01000034.1 Pseudomonas aeruginosa strain PA-W38 IPC1297_34.1, whole genome shotgun sequence"
"NSNF01000033.1 Pseudomonas aeruginosa strain PA-W33 IPC1294_33.1, whole genome shotgun sequence"
"NSNH01000034.1 Pseudomonas aeruginosa strain PA-W31 IPC1292_34.1, whole genome shotgun sequence"
"NSNI01000024.1 Pseudomonas aeruginosa strain PA-W29 IPC1291_24.1, whole genome shotgun sequence"
"NSNN01000022.1 Pseudomonas aeruginosa strain PA-W16 IPC1286_22.1, whole genome shotgun sequence"
"NSNL01000032.1 Pseudomonas aeruginosa strain PA-W23 IPC1288_32.1, whole genome shotgun sequence"
"NSNJ01000028.1 Pseudomonas aeruginosa strain PA-W28 IPC1290_28.1, whole genome shotgun sequence"
"NSNM01000028.1 Pseudomonas aeruginosa strain PA-W21 IPC1287_28.1, whole genome shotgun sequence"
"NSNO01000043.1 Pseudomonas aeruginosa strain PA-W14 IPC1285_43.1, whole genome shotgun sequence"
"NSNQ01000028.1 Pseudomonas aeruginosa strain PA-W5 IPC1283_28.1, whole genome shotgun sequence"
"NSNR01000038.1 Pseudomonas aeruginosa strain PA-W4 IPC1282_38.1, whole genome shotgun sequence"
"NSNU01000025.1 Pseudomonas aeruginosa strain AA44 IPC1276_25.1, whole genome shotgun sequence"
"NSNV01000026.1 Pseudomonas aeruginosa strain AA43 IPC1275_26.1, whole genome shotgun sequence"
"NSNS01000040.1 Pseudomonas aeruginosa strain PA-W3 IPC1281_40.1, whole genome shotgun sequence"
"NSOC01000017.1 Pseudomonas aeruginosa strain JYH28 IPC1239_17.1, whole genome shotgun sequence"
"NSOD01000012.1 Pseudomonas aeruginosa strain JYH26 IPC1237_12.1, whole genome shotgun sequence"
"NSOF01000020.1 Pseudomonas aeruginosa strain JYH22 IPC1233_20.1, whole genome shotgun sequence"
"NSOH01000034.1 Pseudomonas aeruginosa strain JYH16 IPC1227_34.1, whole genome shotgun sequence"
"NSOE01000026.1 Pseudomonas aeruginosa strain JYH24 IPC1235_26.1, whole genome shotgun sequence"
"NSOM01000022.1 Pseudomonas aeruginosa strain JYH6 IPC1217_22.1, whole genome shotgun sequence"
"NSOJ01000026.1 Pseudomonas aeruginosa strain JYH12 IPC1223_26.1, whole genome shotgun sequence"
"NSOL01000024.1 Pseudomonas aeruginosa strain JYH8 IPC1219_24.1, whole genome shotgun sequence"
"NSOK01000033.1 Pseudomonas aeruginosa strain JYH10 IPC1221_33.1, whole genome shotgun sequence"
"NSOP01000022.1 Pseudomonas aeruginosa strain X24509 IPC1184_22.1, whole genome shotgun sequence"
"NSON01000035.1 Pseudomonas aeruginosa strain HB392 IPC1191_35.1, whole genome shotgun sequence"
"NSOI01000305.1 Pseudomonas aeruginosa strain JYH14 IPC1225_305.1, whole genome shotgun sequence"
"NSOO01000036.1 Pseudomonas aeruginosa strain HB159 IPC1190_36.1, whole genome shotgun sequence"
"NSOU01000021.1 Pseudomonas aeruginosa strain CF27 IPC1173_21.1, whole genome shotgun sequence"
"NSOT01000028.1 Pseudomonas aeruginosa strain CF127 IPC1174_28.1, whole genome shotgun sequence"
"NSOV01000035.1 Pseudomonas aeruginosa strain CF5 IPC1171_35.1, whole genome shotgun sequence"
"NSOW01000024.1 Pseudomonas aeruginosa E2 IPC1165_24.1, whole genome shotgun sequence"
"NSOZ01000032.1 Pseudomonas aeruginosa strain HM308 IPC1162_32.1, whole genome shotgun sequence"
"NSOY01000036.1 Pseudomonas aeruginosa strain HM324 IPC1163_36.1, whole genome shotgun sequence"
"NSPA01000046.1 Pseudomonas aeruginosa strain HM307 IPC1161_46.1, whole genome shotgun sequence"
"NSPC01000025.1 Pseudomonas aeruginosa strain HM301 IPC1159_25.1, whole genome shotgun sequence"
"NSPD01000026.1 Pseudomonas aeruginosa strain HM300 IPC1158_26.1, whole genome shotgun sequence"
"NSPG01000028.1 Pseudomonas aeruginosa strain HM293 IPC1155_28.1, whole genome shotgun sequence"
"NSPB01000032.1 Pseudomonas aeruginosa strain HM306 IPC1160_32.1, whole genome shotgun sequence"
"NSPF01000031.1 Pseudomonas aeruginosa strain HM294 IPC1156_31.1, whole genome shotgun sequence"
"NSPE01000026.1 Pseudomonas aeruginosa strain HM299 IPC1157_26.1, whole genome shotgun sequence"
"NSPK01000022.1 Pseudomonas aeruginosa strain E1(T4189) IPC1138_22.1, whole genome shotgun sequence"
"NSPH01000025.1 Pseudomonas aeruginosa strain E9(4068) IPC1152_25.1, whole genome shotgun sequence"
"NSPN01000037.1 Pseudomonas aeruginosa strain B3(T2101) IPC1124_37.1, whole genome shotgun sequence"
"NSPP01000034.1 Pseudomonas aeruginosa strain C7(T3583) IPC1112_34.1, whole genome shotgun sequence"
"NSPR01000024.1 Pseudomonas aeruginosa strain LiP14 IPC1086_24.1, whole genome shotgun sequence"
"NSPO01000022.1 Pseudomonas aeruginosa strain A1(A2448) IPC1122_22.1, whole genome shotgun sequence"
"NSPS01000023.1 Pseudomonas aeruginosa strain LiP13 IPC1085_23.1, whole genome shotgun sequence"
"NSPT01000025.1 Pseudomonas aeruginosa strain LiP12 IPC1084_25.1, whole genome shotgun sequence"
"NSPV01000023.1 Pseudomonas aeruginosa strain LiP10b IPC1082_23.1, whole genome shotgun sequence"
"NSPU01000024.1 Pseudomonas aeruginosa strain LiP11 IPC1083_24.1, whole genome shotgun sequence"
"NSPW01000020.1 Pseudomonas aeruginosa strain LiP10a IPC1081_20.1, whole genome shotgun sequence"
"NSPX01000026.1 Pseudomonas aeruginosa strain LiP9 IPC1080_26.1, whole genome shotgun sequence"
"NSQB01000027.1 Pseudomonas aeruginosa strain LiP5 IPC1076_27.1, whole genome shotgun sequence"
"NSPZ01000025.1 Pseudomonas aeruginosa strain LiP7 IPC1078_25.1, whole genome shotgun sequence"
"NSQA01000024.1 Pseudomonas aeruginosa strain LiP6 IPC1077_24.1, whole genome shotgun sequence"
"NSQD01000022.1 Pseudomonas aeruginosa strain LiP3 IPC1074_22.1, whole genome shotgun sequence"
"NSQK01000025.1 Pseudomonas aeruginosa strain H3 IPC1060_25.1, whole genome shotgun sequence"
"NSQM01000035.1 Pseudomonas aeruginosa strain F2 IPC1053_35.1, whole genome shotgun sequence"
"NSQO01000031.1 Pseudomonas aeruginosa strain D1 IPC1045_31.1, whole genome shotgun sequence"
"NSQN01000028.1 Pseudomonas aeruginosa strain E2_H133420224 IPC1048_28.1, whole genome shotgun sequence"
"NSQP01000023.1 Pseudomonas aeruginosa strain C3 IPC1043_23.1, whole genome shotgun sequence"
"NSQT01000028.1 Pseudomonas aeruginosa strain DUN-024-1 IPC1034_28.1, whole genome shotgun sequence"
"NSQR01000032.1 Pseudomonas aeruginosa strain A3 IPC1038_32.1, whole genome shotgun sequence"
"NSQS01000023.1 Pseudomonas aeruginosa strain DUN-001A IPC1035_23.1, whole genome shotgun sequence"
"NSQU01000032.1 Pseudomonas aeruginosa strain 020MIC IPC1033_32.1, whole genome shotgun sequence"
"NSQV01000031.1 Pseudomonas aeruginosa strain DUN-018 IPC1031_31.1, whole genome shotgun sequence"
"NSQW01000026.1 Pseudomonas aeruginosa strain DUN-015A IPC1027_26.1, whole genome shotgun sequence"
"NSRA01000020.1 Pseudomonas aeruginosa strain DUN-009B IPC1014_20.1, whole genome shotgun sequence"
"NSRB01000029.1 Pseudomonas aeruginosa strain DUN-008 IPC1008_29.1, whole genome shotgun sequence"
"NSRC01000033.1 Pseudomonas aeruginosa strain DUN-007-2 IPC1006_33.1, whole genome shotgun sequence"
"NSRE01000038.1 Pseudomonas aeruginosa strain DUN-004 IPC1001_38.1, whole genome shotgun sequence"
"NSRG01000033.1 Pseudomonas aeruginosa strain DUN-002C IPC991_33.1, whole genome shotgun sequence"
"NSRF01000032.1 Pseudomonas aeruginosa strain DUN-003B IPC995_32.1, whole genome shotgun sequence"
"NSRL01000018.1 Pseudomonas aeruginosa strain DUN-001-3B IPC984_18.1, whole genome shotgun sequence"
"NSRH01000025.1 Pseudomonas aeruginosa strain 001-6 IPC988_25.1, whole genome shotgun sequence"
"NSRI01000026.1 Pseudomonas aeruginosa strain 001-5B IPC987_26.1, whole genome shotgun sequence"
"NSRK01000025.1 Pseudomonas aeruginosa strain DUN-001-4 IPC985_25.1, whole genome shotgun sequence"
"NSRJ01000021.1 Pseudomonas aeruginosa strain 001-5A IPC986_21.1, whole genome shotgun sequence"
"NSRN01000021.1 Pseudomonas aeruginosa strain DUN-001-2B IPC982_21.1, whole genome shotgun sequence"
"NSRM01000024.1 Pseudomonas aeruginosa strain DUN-001-3A IPC983_24.1, whole genome shotgun sequence"
"NSRO01000024.1 Pseudomonas aeruginosa strain DUN-001-2A IPC981_24.1, whole genome shotgun sequence"
"NSRR01000024.1 Pseudomonas aeruginosa strain U454A IPC977_24.1, whole genome shotgun sequence"
"NSRP01000022.1 Pseudomonas aeruginosa strain DUN-001C IPC980_22.1, whole genome shotgun sequence"
"NSRS01000020.1 Pseudomonas aeruginosa strain U451 IPC976_20.1, whole genome shotgun sequence"
"NSRQ01000023.1 Pseudomonas aeruginosa strain DUN-001B IPC979_23.1, whole genome shotgun sequence"
"NSRV01000027.1 Pseudomonas aeruginosa strain U413A IPC962_27.1, whole genome shotgun sequence"
"NSRT01000026.1 Pseudomonas aeruginosa strain U435 IPC971_26.1, whole genome shotgun sequence"
"NSRW01000024.1 Pseudomonas aeruginosa strain U397A IPC954_24.1, whole genome shotgun sequence"
"NSRX01000023.1 Pseudomonas aeruginosa strain U372 IPC948_23.1, whole genome shotgun sequence"
"NSRY01000022.1 Pseudomonas aeruginosa strain U350 IPC946_22.1, whole genome shotgun sequence"
"NSSA01000023.1 Pseudomonas aeruginosa strain U0310A IPC935_23.1, whole genome shotgun sequence"
"NSRZ01000020.1 Pseudomonas aeruginosa strain U0330A IPC940_20.1, whole genome shotgun sequence"
"NSSB01000024.1 Pseudomonas aeruginosa strain U0306 IPC934_24.1, whole genome shotgun sequence"
"NSSC01000025.1 Pseudomonas aeruginosa strain U0288B IPC927_25.1, whole genome shotgun sequence"
"NSSG01000038.1 Pseudomonas aeruginosa strain S1983 IPC908_38.1, whole genome shotgun sequence"
"NSSD01000021.1 Pseudomonas aeruginosa strain U0284 IPC924_21.1, whole genome shotgun sequence"
"NSSF01000028.1 Pseudomonas aeruginosa strain MSB3405 IPC914_28.1, whole genome shotgun sequence"
"NSSE01000021.1 Pseudomonas aeruginosa strain U0272B IPC922_21.1, whole genome shotgun sequence"
"NSSJ01000028.1 Pseudomonas aeruginosa strain S2239_16 IPC903_28.1, whole genome shotgun sequence"
"NSSH01000023.1 Pseudomonas aeruginosa strain MSB2949 IPC907_23.1, whole genome shotgun sequence"
"NSSI01000006.1 Pseudomonas aeruginosa strain S2820 IPC905_6.1, whole genome shotgun sequence"
"NSSK01000023.1 Pseudomonas aeruginosa strain S2239_15 IPC902_23.1, whole genome shotgun sequence"
"NSSM01000020.1 Pseudomonas aeruginosa strain JD303 IPC887_20.1, whole genome shotgun sequence"
"NSSN01000029.1 Pseudomonas aeruginosa strain Pae110 IPC886_29.1, whole genome shotgun sequence"
"NSSQ01000029.1 Pseudomonas aeruginosa strain PT31M IPC881_29.1, whole genome shotgun sequence"
"NSSU01000048.1 Pseudomonas aeruginosa strain LMG2107 IPC877_48.1, whole genome shotgun sequence"
"NSSR01000042.1 Pseudomonas aeruginosa strain PhDW6 IPC880_42.1, whole genome shotgun sequence"
"NSSY01000044.1 Pseudomonas aeruginosa strain Aa249 IPC858_44.1, whole genome shotgun sequence"
"NSSZ01000029.1 Pseudomonas aeruginosa strain Mi159 IPC856_29.1, whole genome shotgun sequence"
"NSTE01000016.1 Pseudomonas aeruginosa strain LiA63_2006 IPC790_16.1, whole genome shotgun sequence"
"NSTB01000037.1 Pseudomonas aeruginosa strain W5Aug16 IPC830_37.1, whole genome shotgun sequence"
"NSTA01000034.1 Pseudomonas aeruginosa strain Br670 IPC838_34.1, whole genome shotgun sequence"
"NSTG01000017.1 Pseudomonas aeruginosa strain LiA18_2003 IPC786_17.1, whole genome shotgun sequence"
"NSTF01000041.1 Pseudomonas aeruginosa strain LiA50_2005 IPC789_41.1, whole genome shotgun sequence"
"NSTI01000037.1 Pseudomonas aeruginosa strain LiA161_2005 IPC782_37.1, whole genome shotgun sequence"
"NSTJ01000046.1 Pseudomonas aeruginosa strain LiA145_2005 IPC780_46.1, whole genome shotgun sequence"
"NSTN01000041.1 Pseudomonas aeruginosa strain Jp245 IPC756_41.1, whole genome shotgun sequence"
"NSTQ01000027.1 Pseudomonas aeruginosa strain Jp54 IPC747_27.1, whole genome shotgun sequence"
"NSTP01000025.1 Pseudomonas aeruginosa strain Jp97 IPC749_25.1, whole genome shotgun sequence"
"NSTS01000030.1 Pseudomonas aeruginosa strain J9UH1F IPC742_30.1, whole genome shotgun sequence"
"NSTT01000018.1 Pseudomonas aeruginosa strain Tu61 IPC740_18.1, whole genome shotgun sequence"
"NSTU01000022.1 Pseudomonas aeruginosa strain CPHL10701 IPC738_22.1, whole genome shotgun sequence"
"NSTV01000023.1 Pseudomonas aeruginosa strain CPHL10662 IPC737_23.1, whole genome shotgun sequence"
"NSTW01000028.1 Pseudomonas aeruginosa strain CPHL10299 IPC736_28.1, whole genome shotgun sequence"
"NSTZ01000024.1 Pseudomonas aeruginosa strain CPHL6749 IPC731_24.1, whole genome shotgun sequence"
"NSTY01000042.1 Pseudomonas aeruginosa strain CPHL8058 IPC733_42.1, whole genome shotgun sequence"
"NSUA01000019.1 Pseudomonas aeruginosa strain CPHL5083 IPC730_19.1, whole genome shotgun sequence"
"NSUC01000020.1 Pseudomonas aeruginosa strain CPHL1999 IPC728_20.1, whole genome shotgun sequence"
"NSUD01000021.1 Pseudomonas aeruginosa strain CPHL950 IPC727_21.1, whole genome shotgun sequence"
"NSUE01000035.1 Pseudomonas aeruginosa strain IDEXX_Canine8 IPC725_35.1, whole genome shotgun sequence"
"NSUG01000037.1 Pseudomonas aeruginosa strain IC1 IPC720_37.1, whole genome shotgun sequence"
"NSUJ01000054.1 Pseudomonas aeruginosa strain 5BR2 IPC713_54.1, whole genome shotgun sequence"
"NSUI01000021.1 Pseudomonas aeruginosa strain C3128 IPC715_21.1, whole genome shotgun sequence"
"NSUH01000050.1 Pseudomonas aeruginosa strain Co380791 IPC718_50.1, whole genome shotgun sequence"
"NSUN01000023.1 Pseudomonas aeruginosa strain 59.20 IPC703_23.1, whole genome shotgun sequence"
"NSUK01000036.1 Pseudomonas aeruginosa strain ESP06B IPC710_36.1, whole genome shotgun sequence"
"NSUO01000016.1 Pseudomonas aeruginosa strain C5311 IPC700_16.1, whole genome shotgun sequence"
"NSUP01000024.1 Pseudomonas aeruginosa strain SWPA15J=NSWPA15a IPC699_24.1, whole genome shotgun sequence"
"NSUS01000026.1 Pseudomonas aeruginosa strain A22 IPC695_26.1, whole genome shotgun sequence"
"NSUR01000025.1 Pseudomonas aeruginosa strain A237 IPC696_25.1, whole genome shotgun sequence"
"NSUT01000027.1 Pseudomonas aeruginosa strain A19 IPC694_27.1, whole genome shotgun sequence"
"NSUX01000020.1 Pseudomonas aeruginosa strain A11 IPC690_20.1, whole genome shotgun sequence"
"NSUW01000021.1 Pseudomonas aeruginosa strain A13 IPC691_21.1, whole genome shotgun sequence"
"NSUV01000017.1 Pseudomonas aeruginosa strain A15 IPC692_17.1, whole genome shotgun sequence"
"NSUU01000020.1 Pseudomonas aeruginosa strain A17 IPC693_20.1, whole genome shotgun sequence"
"NSUZ01000028.1 Pseudomonas aeruginosa strain A9 IPC688_28.1, whole genome shotgun sequence"
"NSUY01000023.1 Pseudomonas aeruginosa strain A10 IPC689_23.1, whole genome shotgun sequence"
"NSVA01000037.1 Pseudomonas aeruginosa strain So098 IPC677_37.1, whole genome shotgun sequence"
"NSVB01000031.1 Pseudomonas aeruginosa strain PN586(35)w IPC669_31.1, whole genome shotgun sequence"
"NSVE01000036.1 Pseudomonas aeruginosa strain HPA16 IPC651_36.1, whole genome shotgun sequence"
"NSVF01000036.1 Pseudomonas aeruginosa strain HPA12 IPC648_36.1, whole genome shotgun sequence"
"NSVD01000035.1 Pseudomonas aeruginosa strain Co398373 IPC664_35.1, whole genome shotgun sequence"
"NSVJ01000028.1 Pseudomonas aeruginosa strain Rsan-ver IPC593_28.1, whole genome shotgun sequence"
"NSVH01000034.1 Pseudomonas aeruginosa strain HPA6 IPC642_34.1, whole genome shotgun sequence"
"NSVG01000032.1 Pseudomonas aeruginosa strain HPA8 IPC644_32.1, whole genome shotgun sequence"
"NSVI01000012.1 Pseudomonas aeruginosa strain PUPa3 IPC595_12.1, whole genome shotgun sequence"
"NSVL01000020.1 Pseudomonas aeruginosa strain AMT0046-109 IPC563_20.1, whole genome shotgun sequence"
"NSVP01000017.1 Pseudomonas aeruginosa strain AMT0020-1 IPC550_17.1, whole genome shotgun sequence"
"NSVN01000032.1 Pseudomonas aeruginosa strain AMT0026-67 IPC556_32.1, whole genome shotgun sequence"
"NSVR01000024.1 Pseudomonas aeruginosa strain AMT0006-66 IPC547_24.1, whole genome shotgun sequence"
"NSVT01000026.1 Pseudomonas aeruginosa strain AMT0005-138 IPC543_26.1, whole genome shotgun sequence"
"NSVS01000021.1 Pseudomonas aeruginosa strain AMT0006-1 IPC544_21.1, whole genome shotgun sequence"
"NSVV01000025.1 Pseudomonas aeruginosa strain AUS719 IPC534_25.1, whole genome shotgun sequence"
"NSVW01000031.1 Pseudomonas aeruginosa strain AUS720 IPC510_31.1, whole genome shotgun sequence"
"NSWA01000024.1 Pseudomonas aeruginosa strain AUS305 IPC506_24.1, whole genome shotgun sequence"
"NSVX01000025.1 Pseudomonas aeruginosa strain AUS149 IPC509_25.1, whole genome shotgun sequence"
"NSVY01000022.1 Pseudomonas aeruginosa strain AUS309 IPC508_22.1, whole genome shotgun sequence"
"NSVZ01000018.1 Pseudomonas aeruginosa strain AUS307 IPC507_18.1, whole genome shotgun sequence"
"NSWB01000020.1 Pseudomonas aeruginosa strain AUS345 IPC496_20.1, whole genome shotgun sequence"
"NSWC01000019.1 Pseudomonas aeruginosa strain AUS344 IPC495_19.1, whole genome shotgun sequence"
"NSWD01000019.1 Pseudomonas aeruginosa strain AUS021 IPC494_19.1, whole genome shotgun sequence"
"NSWE01000022.1 Pseudomonas aeruginosa strain AUS422 IPC491_22.1, whole genome shotgun sequence"
"NSWG01000032.1 Pseudomonas aeruginosa strain AUS595 IPC478_32.1, whole genome shotgun sequence"
"NSWI01000035.1 Pseudomonas aeruginosa strain AUS441 IPC476_35.1, whole genome shotgun sequence"
"NSWF01000044.1 Pseudomonas aeruginosa strain AUS457 IPC483_44.1, whole genome shotgun sequence"
"NSWH01000033.1 Pseudomonas aeruginosa strain AUS442 IPC477_33.1, whole genome shotgun sequence"
"NSWK01000035.1 Pseudomonas aeruginosa strain AUS439 IPC474_35.1, whole genome shotgun sequence"
"NSWL01000037.1 Pseudomonas aeruginosa strain AUS436 IPC472_37.1, whole genome shotgun sequence"
"NSWJ01000031.1 Pseudomonas aeruginosa strain AUS440 IPC475_31.1, whole genome shotgun sequence"
"NSWM01000037.1 Pseudomonas aeruginosa strain AUS434 IPC471_37.1, whole genome shotgun sequence"
"NSWN01000035.1 Pseudomonas aeruginosa strain AUS050 IPC470_35.1, whole genome shotgun sequence"
"NSWQ01000027.1 Pseudomonas aeruginosa strain AUS674 IPC462_27.1, whole genome shotgun sequence"
"NSWO01000025.1 Pseudomonas aeruginosa strain AUS537 IPC468_25.1, whole genome shotgun sequence"
"NSWP01000024.1 Pseudomonas aeruginosa strain AUS675 IPC463_24.1, whole genome shotgun sequence"
"NSWT01000032.1 Pseudomonas aeruginosa strain AUS353 IPC452_32.1, whole genome shotgun sequence"
"NSWS01000025.1 Pseudomonas aeruginosa strain AUS263 IPC453_25.1, whole genome shotgun sequence"
"NSWV01000027.1 Pseudomonas aeruginosa strain AUS499 IPC442_27.1, whole genome shotgun sequence"
"NSWW01000023.1 Pseudomonas aeruginosa strain AUS496 IPC441_23.1, whole genome shotgun sequence"
"NSWU01000036.1 Pseudomonas aeruginosa strain AUS507 IPC446_36.1, whole genome shotgun sequence"
"NSWY01000021.1 Pseudomonas aeruginosa strain AUS489 IPC438_21.1, whole genome shotgun sequence"
"NSWZ01000028.1 Pseudomonas aeruginosa strain AUS485 IPC436_28.1, whole genome shotgun sequence"
"NSWX01000024.1 Pseudomonas aeruginosa strain AUS491 IPC440_24.1, whole genome shotgun sequence"
"NSXC01000025.1 Pseudomonas aeruginosa strain AUS392 IPC426_25.1, whole genome shotgun sequence"
"NSXE01000025.1 Pseudomonas aeruginosa strain AUS154 IPC393_25.1, whole genome shotgun sequence"
"NSXH01000024.1 Pseudomonas aeruginosa strain AUS506 IPC389_24.1, whole genome shotgun sequence"
"NSXD01000011.1 Pseudomonas aeruginosa strain AUS165 IPC404_11.1, whole genome shotgun sequence"
"NSXJ01000045.1 Pseudomonas aeruginosa strain AUS138 IPC379_45.1, whole genome shotgun sequence"
"NSXK01000016.1 Pseudomonas aeruginosa strain AUS134 IPC375_16.1, whole genome shotgun sequence"
"NSXN01000020.1 Pseudomonas aeruginosa strain AUS119 IPC364_20.1, whole genome shotgun sequence"
"NSXO01000029.1 Pseudomonas aeruginosa strain AUS111 IPC358_29.1, whole genome shotgun sequence"
"NSXL01000025.1 Pseudomonas aeruginosa strain AUS124 IPC368_25.1, whole genome shotgun sequence"
"NSXQ01000019.1 Pseudomonas aeruginosa strain AUS105 IPC354_19.1, whole genome shotgun sequence"
"NSXP01000013.1 Pseudomonas aeruginosa strain AUS106 IPC355_13.1, whole genome shotgun sequence"
"NSXR01000028.1 Pseudomonas aeruginosa strain AUS503 IPC353_28.1, whole genome shotgun sequence"
"NSXS01000026.1 Pseudomonas aeruginosa strain AUS093 IPC352_26.1, whole genome shotgun sequence"
"NSXU01000044.1 Pseudomonas aeruginosa strain AUS077 IPC347_44.1, whole genome shotgun sequence"
"NSXW01000032.1 Pseudomonas aeruginosa strain AUS066 IPC345_32.1, whole genome shotgun sequence"
"NSXT01000023.1 Pseudomonas aeruginosa strain AUS089 IPC349_23.1, whole genome shotgun sequence"
"NSXV01000027.1 Pseudomonas aeruginosa strain AUS073 IPC346_27.1, whole genome shotgun sequence"
"NSXY01000034.1 Pseudomonas aeruginosa strain AUS702 IPC339_34.1, whole genome shotgun sequence"
"NSYA01000017.1 Pseudomonas aeruginosa strain AUS026 IPC334_17.1, whole genome shotgun sequence"
"NSXZ01000015.1 Pseudomonas aeruginosa strain AUS029 IPC336_15.1, whole genome shotgun sequence"
"NSYD01000022.1 Pseudomonas aeruginosa strain AUS389 IPC321_22.1, whole genome shotgun sequence"
"NSYE01000013.1 Pseudomonas aeruginosa strain AUS355 IPC312_13.1, whole genome shotgun sequence"
"NSYG01000021.1 Pseudomonas aeruginosa strain AUS336 IPC308_21.1, whole genome shotgun sequence"
"NSYF01000028.1 Pseudomonas aeruginosa strain AUS238 IPC309_28.1, whole genome shotgun sequence"
"NSYJ01000027.1 Pseudomonas aeruginosa strain AUS504 IPC297_27.1, whole genome shotgun sequence"
"NSYH01000062.1 Pseudomonas aeruginosa strain AUS058 IPC306_62.1, whole genome shotgun sequence"
"NSYL01000020.1 Pseudomonas aeruginosa strain AUS306 IPC294_20.1, whole genome shotgun sequence"
"NSYK01000027.1 Pseudomonas aeruginosa strain AUS328 IPC295_27.1, whole genome shotgun sequence"
"NSYP01000030.1 Pseudomonas aeruginosa strain AUS471 IPC282_30.1, whole genome shotgun sequence"
"NSYT01000034.1 Pseudomonas aeruginosa strain AUS407 IPC276_34.1, whole genome shotgun sequence"
"NSYS01000055.1 Pseudomonas aeruginosa strain AUS476 IPC277_55.1, whole genome shotgun sequence"
"NSYV01000016.1 Pseudomonas aeruginosa strain AUS088 IPC273_16.1, whole genome shotgun sequence"
"NSYY01000032.1 Pseudomonas aeruginosa strain AUS423 IPC264_32.1, whole genome shotgun sequence"
"NSYU01000018.1 Pseudomonas aeruginosa strain AUS343 IPC274_18.1, whole genome shotgun sequence"
"NSYW01000033.1 Pseudomonas aeruginosa strain AUS083 IPC271_33.1, whole genome shotgun sequence"
"NSZA01000036.1 Pseudomonas aeruginosa strain AUS232 IPC258_36.1, whole genome shotgun sequence"
"NSYZ01000019.1 Pseudomonas aeruginosa strain AUS275 IPC260_19.1, whole genome shotgun sequence"
"NSZC01000022.1 Pseudomonas aeruginosa strain AUS225 IPC251_22.1, whole genome shotgun sequence"
"NSZB01000018.1 Pseudomonas aeruginosa strain AUS229 IPC255_18.1, whole genome shotgun sequence"
"NSZI01000030.1 Pseudomonas aeruginosa strain AUS465 IPC227_30.1, whole genome shotgun sequence"
"NSZG01000027.1 Pseudomonas aeruginosa strain AUS210 IPC231_27.1, whole genome shotgun sequence"
"NSZF01000024.1 Pseudomonas aeruginosa strain AUS213 IPC234_24.1, whole genome shotgun sequence"
"NSZL01000028.1 Pseudomonas aeruginosa strain AUS195 IPC215_28.1, whole genome shotgun sequence"
"NSZE01000040.1 Pseudomonas aeruginosa strain AUS502 IPC239_40.1, whole genome shotgun sequence"
"NSZN01000036.1 Pseudomonas aeruginosa strain AUS186 IPC205_36.1, whole genome shotgun sequence"
"NSZH01000040.1 Pseudomonas aeruginosa strain AUS438 IPC228_40.1, whole genome shotgun sequence"
"NSZJ01000014.1 Pseudomonas aeruginosa strain AUS207 IPC226_14.1, whole genome shotgun sequence"
"NSZM01000023.1 Pseudomonas aeruginosa strain AUS518 IPC212_23.1, whole genome shotgun sequence"
"NSZO01000030.1 Pseudomonas aeruginosa strain AUS185 IPC203_30.1, whole genome shotgun sequence"
"NSZQ01000033.1 Pseudomonas aeruginosa strain AUS127 IPC197_33.1, whole genome shotgun sequence"
"NSZP01000027.1 Pseudomonas aeruginosa strain AUS183 IPC201_27.1, whole genome shotgun sequence"
"NSZR01000027.1 Pseudomonas aeruginosa strain 39145 IPC109_27.1, whole genome shotgun sequence"
"NSZS01000038.1 Pseudomonas aeruginosa strain 934436V IPC108_38.1, whole genome shotgun sequence"
"NSZT01000024.1 Pseudomonas aeruginosa strain AT40 IPC107_24.1, whole genome shotgun sequence"
"NSZW01000026.1 Pseudomonas aeruginosa strain AT7 IPC104_26.1, whole genome shotgun sequence"
"NSZU01000037.1 Pseudomonas aeruginosa strain AT31 IPC106_37.1, whole genome shotgun sequence"
"NSZV01000028.1 Pseudomonas aeruginosa strain AT19 IPC105_28.1, whole genome shotgun sequence"
"NSZZ01000024.1 Pseudomonas aeruginosa strain 994 IPC101_24.1, whole genome shotgun sequence"
"NSZY01000027.1 Pseudomonas aeruginosa strain 886-1 IPC102_27.1, whole genome shotgun sequence"
"NTAB01000030.1 Pseudomonas aeruginosa strain 982 IPC99_30.1, whole genome shotgun sequence"
"NTAA01000024.1 Pseudomonas aeruginosa strain 1090 IPC100_24.1, whole genome shotgun sequence"
"NTAG01000035.1 Pseudomonas aeruginosa strain PA-W49 IPC25_35.1, whole genome shotgun sequence"
"NTAE01000032.1 Pseudomonas aeruginosa strain 903 IPC96_32.1, whole genome shotgun sequence"
"NTAF01000036.1 Pseudomonas aeruginosa strain Mi162 IPC90_36.1, whole genome shotgun sequence"
"NTAJ01000030.1 Pseudomonas aeruginosa strain PA-W41 IPC22_30.1, whole genome shotgun sequence"
"NTAK01000022.1 Pseudomonas aeruginosa strain PA-W35 IPC20_22.1, whole genome shotgun sequence"
"NTAM01000023.1 Pseudomonas aeruginosa strain PA-W30 IPC18_23.1, whole genome shotgun sequence"
"NTAH01000040.1 Pseudomonas aeruginosa strain PA-W48 IPC24_40.1, whole genome shotgun sequence"
"NTAL01000042.1 Pseudomonas aeruginosa strain PA-W34 IPC19_42.1, whole genome shotgun sequence"
"NTAN01000026.1 Pseudomonas aeruginosa strain PA-W27 IPC17_26.1, whole genome shotgun sequence"
"NTAP01000026.1 Pseudomonas aeruginosa strain PA-W25 IPC15_26.1, whole genome shotgun sequence"
"NTAQ01000019.1 Pseudomonas aeruginosa strain PA-W22 IPC14_19.1, whole genome shotgun sequence"
"NTAO01000023.1 Pseudomonas aeruginosa strain PA-W26 IPC16_23.1, whole genome shotgun sequence"
"NTAR01000031.1 Pseudomonas aeruginosa strain PA-W20 IPC13_31.1, whole genome shotgun sequence"
"NTAS01000016.1 Pseudomonas aeruginosa strain PA-W19 IPC12_16.1, whole genome shotgun sequence"
"NTAT01000027.1 Pseudomonas aeruginosa strain PA-W18 IPC11_27.1, whole genome shotgun sequence"
"NTAV01000023.1 Pseudomonas aeruginosa strain PA-W15 IPC9_23.1, whole genome shotgun sequence"
"NTAU01000033.1 Pseudomonas aeruginosa strain PA-W17 IPC10_33.1, whole genome shotgun sequence"
"NTAY01000032.1 Pseudomonas aeruginosa strain PA-W11 IPC6_32.1, whole genome shotgun sequence"
"NTAW01000019.1 Pseudomonas aeruginosa strain PA-W13 IPC8_19.1, whole genome shotgun sequence"
"NTAZ01000018.1 Pseudomonas aeruginosa strain PA-W9 IPC5_18.1, whole genome shotgun sequence"
"NTAX01000033.1 Pseudomonas aeruginosa strain PA-W12 IPC7_33.1, whole genome shotgun sequence"
"NTBC01000021.1 Pseudomonas aeruginosa strain PA-W6 IPC2_21.1, whole genome shotgun sequence"
"NTBD01000024.1 Pseudomonas aeruginosa strain PA-W2 IPC1_24.1, whole genome shotgun sequence"
"NTBA01000017.1 Pseudomonas aeruginosa strain PA-W8 IPC4_17.1, whole genome shotgun sequence"
"RWZH01000022.1 Pseudomonas aeruginosa strain 43CFBRPA IPC1624_22.1, whole genome shotgun sequence"
"RWZJ01000028.1 Pseudomonas aeruginosa strain 32CFBRPA IPC1622_28.1, whole genome shotgun sequence"
"RWZK01000025.1 Pseudomonas aeruginosa strain 20CFBRPA IPC1621_25.1, whole genome shotgun sequence"
"RWZI01000040.1 Pseudomonas aeruginosa strain 33CFBRPA IPC1623_40.1, whole genome shotgun sequence"
"RWZL01000033.1 Pseudomonas aeruginosa strain SMC5451 IPC1620_33.1, whole genome shotgun sequence"
"RWZN01000019.1 Pseudomonas aeruginosa strain SMC1596 IPC1618_19.1, whole genome shotgun sequence"
"RWZM01000025.1 Pseudomonas aeruginosa strain SMC5450 IPC1619_25.1, whole genome shotgun sequence"
"RWZO01000042.1 Pseudomonas aeruginosa strain SMC1595 IPC1617_42.1, whole genome shotgun sequence"
"RWZV01000015.1 Pseudomonas aeruginosa strain OY15 IPC1434_15.1, whole genome shotgun sequence"
"RWZW01000027.1 Pseudomonas aeruginosa strain NN5 IPC1433_27.1, whole genome shotgun sequence"
"RWZQ01000028.1 Pseudomonas aeruginosa strain SMC1585 IPC1615_28.1, whole genome shotgun sequence"
"RWZT01000023.1 Pseudomonas aeruginosa strain Zw73_2 IPC1437_23.1, whole genome shotgun sequence"
"RWZP01000037.1 Pseudomonas aeruginosa strain SMC1587 IPC1616_37.1, whole genome shotgun sequence"
"RWZS01000026.1 Pseudomonas aeruginosa strain Zw75_2 IPC1438_26.1, whole genome shotgun sequence"
"RWZX01000037.1 Pseudomonas aeruginosa strain SC1 IPC1432_37.1, whole genome shotgun sequence"
"RWZY01000016.1 Pseudomonas aeruginosa strain FM4 IPC1429_16.1, whole genome shotgun sequence"
"RWZU01000031.1 Pseudomonas aeruginosa strain Zw64_2 IPC1436_31.1, whole genome shotgun sequence"
"RXAG01000032.1 Pseudomonas aeruginosa strain HCF367 IPC1415_32.1, whole genome shotgun sequence"
"RXAA01000024.1 Pseudomonas aeruginosa strain OY3 IPC1427_24.1, whole genome shotgun sequence"
"RXAB01000020.1 Pseudomonas aeruginosa strain BJ4 IPC1423_20.1, whole genome shotgun sequence"
"RXAI01000016.1 Pseudomonas aeruginosa strain HCF331 IPC1413_16.1, whole genome shotgun sequence"
"RWZZ01000029.1 Pseudomonas aeruginosa strain BJ2 IPC1428_29.1, whole genome shotgun sequence"
"RXAD01000022.1 Pseudomonas aeruginosa strain HCF591 IPC1421_22.1, whole genome shotgun sequence"
"RXAC01000028.1 Pseudomonas aeruginosa strain HCF73 IPC1422_28.1, whole genome shotgun sequence"
"RXAE01000028.1 Pseudomonas aeruginosa strain HCF5 IPC1419_28.1, whole genome shotgun sequence"
"RXAH01000043.1 Pseudomonas aeruginosa strain HCF336 IPC1414_43.1, whole genome shotgun sequence"
"RXAJ01000004.1 Pseudomonas aeruginosa strain HCF238 IPC1412_4.1, whole genome shotgun sequence"
"RXAQ01000028.1 Pseudomonas aeruginosa strain Zw5 IPC1396_28.1, whole genome shotgun sequence"
"RXAY01000016.1 Pseudomonas aeruginosa strain Zw92 IPC1380_16.1, whole genome shotgun sequence"
"RXAV01000016.1 Pseudomonas aeruginosa strain Zw64 IPC1384_16.1, whole genome shotgun sequence"
"RXAX01000022.1 Pseudomonas aeruginosa strain Zw31 IPC1381_22.1, whole genome shotgun sequence"
"RXAT01000035.1 Pseudomonas aeruginosa strain PT12 IPC1387_35.1, whole genome shotgun sequence"
"RXBC01000024.1 Pseudomonas aeruginosa strain HJ2 IPC1374_24.1, whole genome shotgun sequence"
"RXBA01000020.1 Pseudomonas aeruginosa strain SS1 IPC1376_20.1, whole genome shotgun sequence"
"RXBB01000026.1 Pseudomonas aeruginosa strain H2 IPC1375_26.1, whole genome shotgun sequence"
"RXAU01000039.1 Pseudomonas aeruginosa strain PT6 IPC1385_39.1, whole genome shotgun sequence"
"RXBE01000025.1 Pseudomonas aeruginosa strain MCF182 IPC1369_25.1, whole genome shotgun sequence"
"RXBG01000017.1 Pseudomonas aeruginosa strain MCF178 IPC1366_17.1, whole genome shotgun sequence"
"RXBI01000006.1 Pseudomonas aeruginosa strain MCF134 IPC1364_6.1, whole genome shotgun sequence"
"RXBF01000029.1 Pseudomonas aeruginosa strain MCF104 IPC1367_29.1, whole genome shotgun sequence"
"RXBD01000052.1 Pseudomonas aeruginosa strain MCF199 IPC1370_52.1, whole genome shotgun sequence"
"RXBK01000023.1 Pseudomonas aeruginosa strain MCF922 IPC1362_23.1, whole genome shotgun sequence"
"RXBL01000019.1 Pseudomonas aeruginosa strain MCF879 IPC1361_19.1, whole genome shotgun sequence"
"RXBM01000017.1 Pseudomonas aeruginosa strain MCF430 IPC1360_17.1, whole genome shotgun sequence"
"RXBT01000034.1 Pseudomonas aeruginosa strain JYH17 IPC1228_34.1, whole genome shotgun sequence"
"RXBN01000040.1 Pseudomonas aeruginosa strain MCF206 IPC1356_40.1, whole genome shotgun sequence"
"RXBQ01000036.1 Pseudomonas aeruginosa strain JYH23 IPC1234_36.1, whole genome shotgun sequence"
"RXBR01000024.1 Pseudomonas aeruginosa strain JYH21 IPC1232_24.1, whole genome shotgun sequence"
"RXBS01000026.1 Pseudomonas aeruginosa strain JYH19 IPC1230_26.1, whole genome shotgun sequence"
"RXBU01000021.1 Pseudomonas aeruginosa strain JYH15 IPC1226_21.1, whole genome shotgun sequence"
"RXBP01000036.1 Pseudomonas aeruginosa strain JYH25 IPC1236_36.1, whole genome shotgun sequence"
"RXCA01000014.1 Pseudomonas aeruginosa strain MSH3 IPC1178_14.1, whole genome shotgun sequence"
"RXBX01000023.1 Pseudomonas aeruginosa strain JYH9 IPC1220_23.1, whole genome shotgun sequence"
"RXCB01000006.1 Pseudomonas aeruginosa strain 62 IPC1175_6.1, whole genome shotgun sequence"
"RXBY01000005.1 Pseudomonas aeruginosa strain JYH7 IPC1218_5.1, whole genome shotgun sequence"
"RXCC01000023.1 Pseudomonas aeruginosa strain P1885 IPC1150_23.1, whole genome shotgun sequence"
"RXBZ01000017.1 Pseudomonas aeruginosa strain MSH10 IPC1179_17.1, whole genome shotgun sequence"
"RXCG01000025.1 Pseudomonas aeruginosa strain T4242 IPC1134_25.1, whole genome shotgun sequence"
"RXCK01000034.1 Pseudomonas aeruginosa strain U2816 IPC1115_34.1, whole genome shotgun sequence"
"RXCL01000006.1 Pseudomonas aeruginosa strain 2810 IPC1111_6.1, whole genome shotgun sequence"
"RXCN01000017.1 Pseudomonas aeruginosa strain P2733 IPC1108_17.1, whole genome shotgun sequence"
"RXCM01000020.1 Pseudomonas aeruginosa strain P2404 IPC1110_20.1, whole genome shotgun sequence"
"RXCQ01000017.1 Pseudomonas aeruginosa strain W5Aug28 IPC831_17.1, whole genome shotgun sequence"
"RXCO01000026.1 Pseudomonas aeruginosa strain T3979 IPC1106_26.1, whole genome shotgun sequence"
"RXCI01000001.1 Pseudomonas aeruginosa strain T2584 IPC1130_1.1, whole genome shotgun sequence"
"RXCP01000028.1 Pseudomonas aeruginosa strain 3141 IPC1105_28.1, whole genome shotgun sequence"
"RXCU01000021.1 Pseudomonas aeruginosa strain W15Aug23 IPC825_21.1, whole genome shotgun sequence"
"RXCR01000030.1 Pseudomonas aeruginosa strain W15Okt31 IPC829_30.1, whole genome shotgun sequence"
"RXCT01000029.1 Pseudomonas aeruginosa strain W15Dec14 IPC826_29.1, whole genome shotgun sequence"
"RXDB01000026.1 Pseudomonas aeruginosa strain Jp241 IPC755_26.1, whole genome shotgun sequence"
"RXDD01000022.1 Pseudomonas aeruginosa strain Jp100 IPC750_22.1, whole genome shotgun sequence"
"RXDC01000026.1 Pseudomonas aeruginosa strain Jp238 IPC754_26.1, whole genome shotgun sequence"
"RXDE01000026.1 Pseudomonas aeruginosa strain Jp60 IPC748_26.1, whole genome shotgun sequence"
"RXDF01000028.1 Pseudomonas aeruginosa strain AMT0047-2 IPC566_28.1, whole genome shotgun sequence"
"RXDI01000007.1 Pseudomonas aeruginosa strain AMT0046-107 IPC561_7.1, whole genome shotgun sequence"
"RXDH01000018.1 Pseudomonas aeruginosa strain AMT0046-108 IPC562_18.1, whole genome shotgun sequence"
"RXDG01000028.1 Pseudomonas aeruginosa strain AMT0047-125 IPC564_28.1, whole genome shotgun sequence"
"RXDM01000022.1 Pseudomonas aeruginosa strain AMT0006-65 IPC546_22.1, whole genome shotgun sequence"
"RXDO01000026.1 Pseudomonas aeruginosa strain AMT0005-137 IPC542_26.1, whole genome shotgun sequence"
"RXDN01000017.1 Pseudomonas aeruginosa strain AMT0006-64 IPC545_17.1, whole genome shotgun sequence"
"RXDR01000024.1 Pseudomonas aeruginosa strain AUS717 IPC532_24.1, whole genome shotgun sequence"
"RXDP01000026.1 Pseudomonas aeruginosa strain AMT0005-136 IPC541_26.1, whole genome shotgun sequence"
"RXDQ01000023.1 Pseudomonas aeruginosa strain AMT0005-135 IPC540_23.1, whole genome shotgun sequence"
"RXDT01000045.1 Pseudomonas aeruginosa strain AUS456 IPC482_45.1, whole genome shotgun sequence"
"RXDX01000019.1 Pseudomonas aeruginosa strain AUS526 IPC450_19.1, whole genome shotgun sequence"
"RXDV01000037.1 Pseudomonas aeruginosa strain AUS074 IPC479_37.1, whole genome shotgun sequence"
"RXDU01000033.1 Pseudomonas aeruginosa strain AUS455 IPC481_33.1, whole genome shotgun sequence"
"RXDW01000038.1 Pseudomonas aeruginosa strain AUS449 IPC451_38.1, whole genome shotgun sequence"
"RXDZ01000040.1 Pseudomonas aeruginosa strain AUS511 IPC448_40.1, whole genome shotgun sequence"
"RXEA01000015.1 Pseudomonas aeruginosa strain AUS510 IPC447_15.1, whole genome shotgun sequence"
"RXEE01000017.1 Pseudomonas aeruginosa strain AUS464 IPC432_17.1, whole genome shotgun sequence"
"RXEL01000022.1 Pseudomonas aeruginosa strain AUS157 IPC396_22.1, whole genome shotgun sequence"
"RXEN01000021.1 Pseudomonas aeruginosa strain AUS155 IPC394_21.1, whole genome shotgun sequence"
"RXEH01000021.1 Pseudomonas aeruginosa strain AUS176 IPC413_21.1, whole genome shotgun sequence"
"RXEJ01000022.1 Pseudomonas aeruginosa strain AUS174 IPC411_22.1, whole genome shotgun sequence"
"RXEM01000021.1 Pseudomonas aeruginosa strain AUS156 IPC395_21.1, whole genome shotgun sequence"
"RXES01000021.1 Pseudomonas aeruginosa strain AUS136 IPC377_21.1, whole genome shotgun sequence"
"RXEO01000020.1 Pseudomonas aeruginosa strain AUS153 IPC392_20.1, whole genome shotgun sequence"
"RXEP01000020.1 Pseudomonas aeruginosa strain AUS141 IPC382_20.1, whole genome shotgun sequence"
"RXER01000028.1 Pseudomonas aeruginosa strain AUS139 IPC380_28.1, whole genome shotgun sequence"
"RXET01000018.1 Pseudomonas aeruginosa strain AUS128 IPC371_18.1, whole genome shotgun sequence"
"RXEV01000029.1 Pseudomonas aeruginosa strain AUS122 IPC367_29.1, whole genome shotgun sequence"
"RXEU01000023.1 Pseudomonas aeruginosa strain AUS125 IPC369_23.1, whole genome shotgun sequence"
"RXFA01000015.1 Pseudomonas aeruginosa strain AUS277 IPC317_15.1, whole genome shotgun sequence"
"RXFD01000021.1 Pseudomonas aeruginosa strain AUS227 IPC253_21.1, whole genome shotgun sequence"
"RXFG01000022.1 Pseudomonas aeruginosa strain AUS222 IPC247_22.1, whole genome shotgun sequence"
"RXEZ01000030.1 Pseudomonas aeruginosa strain AUS527 IPC324_30.1, whole genome shotgun sequence"
"RXEY01000019.1 Pseudomonas aeruginosa strain AUS265 IPC325_19.1, whole genome shotgun sequence"
"RXFB01000030.1 Pseudomonas aeruginosa strain AUS516 IPC287_30.1, whole genome shotgun sequence"
"RXFC01000019.1 Pseudomonas aeruginosa strain AUS452 IPC270_19.1, whole genome shotgun sequence"
"RXFI01000021.1 Pseudomonas aeruginosa strain AUS221 IPC245_21.1, whole genome shotgun sequence"
"RXFK01000031.1 Pseudomonas aeruginosa strain AUS209 IPC229_31.1, whole genome shotgun sequence"
"RWKY01000046.1 Pseudomonas aeruginosa strain 22.1 IPC1605_46.1, whole genome shotgun sequence"
"RWKX01000024.1 Pseudomonas aeruginosa strain 22.2 IPC1606_24.1, whole genome shotgun sequence"
"RWKZ01000020.1 Pseudomonas aeruginosa strain 21 IPC1604_20.1, whole genome shotgun sequence"
"RWLA01000022.1 Pseudomonas aeruginosa strain 20 IPC1603_22.1, whole genome shotgun sequence"
"RWLB01000024.1 Pseudomonas aeruginosa strain 19 IPC1602_24.1, whole genome shotgun sequence"
"RWLC01000034.1 Pseudomonas aeruginosa strain 18 IPC1601_34.1, whole genome shotgun sequence"
"RWLD01000028.1 Pseudomonas aeruginosa strain 17 IPC1600_28.1, whole genome shotgun sequence"
"RWLH01000024.1 Pseudomonas aeruginosa strain 14.1 IPC1596_24.1, whole genome shotgun sequence"
"RWLE01000018.1 Pseudomonas aeruginosa strain 16 IPC1599_18.1, whole genome shotgun sequence"
"RWLG01000024.1 Pseudomonas aeruginosa strain 14.2 IPC1597_24.1, whole genome shotgun sequence"
"RWLK01000019.1 Pseudomonas aeruginosa strain 11 IPC1593_19.1, whole genome shotgun sequence"
"RWLL01000021.1 Pseudomonas aeruginosa strain 10 IPC1592_21.1, whole genome shotgun sequence"
"RWLJ01000027.1 Pseudomonas aeruginosa strain 12 IPC1594_27.1, whole genome shotgun sequence"
"RWLM01000041.1 Pseudomonas aeruginosa strain 9 IPC1591_41.1, whole genome shotgun sequence"
"RWLQ01000018.1 Pseudomonas aeruginosa strain 5 IPC1587_18.1, whole genome shotgun sequence"
"RWLP01000030.1 Pseudomonas aeruginosa strain 6 IPC1588_30.1, whole genome shotgun sequence"
"RWLS01000020.1 Pseudomonas aeruginosa strain 3 IPC1585_20.1, whole genome shotgun sequence"
"RWLR01000018.1 Pseudomonas aeruginosa strain 4 IPC1586_18.1, whole genome shotgun sequence"
"RWLO01000031.1 Pseudomonas aeruginosa strain 7 IPC1589_31.1, whole genome shotgun sequence"
"RWLT01000023.1 Pseudomonas aeruginosa strain 2.1 IPC1584_23.1, whole genome shotgun sequence"
"RWLV01000031.1 Pseudomonas aeruginosa strain 3052425557 IPC1523_31.1, whole genome shotgun sequence"
"RWLU01000025.1 Pseudomonas aeruginosa strain 1 IPC1583_25.1, whole genome shotgun sequence"
"RWLW01000009.1 Pseudomonas aeruginosa strain 4084336477 IPC1522_9.1, whole genome shotgun sequence"
"RWLZ01000016.1 Pseudomonas aeruginosa strain 4084334344 IPC1519_16.1, whole genome shotgun sequence"
"RWLX01000014.1 Pseudomonas aeruginosa strain 5014375233 IPC1521_14.1, whole genome shotgun sequence"
"RWMB01000019.1 Pseudomonas aeruginosa strain 3020837212 IPC1517_19.1, whole genome shotgun sequence"
"RWMC01000023.1 Pseudomonas aeruginosa strain 5024383182 IPC1516_23.1, whole genome shotgun sequence"
"RWMD01000016.1 Pseudomonas aeruginosa strain 5014375428 IPC1515_16.1, whole genome shotgun sequence"
"RWMF01000015.1 Pseudomonas aeruginosa strain 5024382738-25 IPC1513_15.1, whole genome shotgun sequence"
"RWME01000015.1 Pseudomonas aeruginosa strain 5023272159 IPC1514_15.1, whole genome shotgun sequence"
"RWMH01000016.1 Pseudomonas aeruginosa strain 4104355340-13 IPC1511_16.1, whole genome shotgun sequence"
"RWMK01000024.1 Pseudomonas aeruginosa strain 5054408352 IPC1508_24.1, whole genome shotgun sequence"
"RWML01000039.1 Pseudomonas aeruginosa strain 4114358565 IPC1507_39.1, whole genome shotgun sequence"
"RWMI01000027.1 Pseudomonas aeruginosa strain 4104355340-15 IPC1510_27.1, whole genome shotgun sequence"
"RWMM01000064.1 Pseudomonas aeruginosa strain 5024382749-14 IPC1506_64.1, whole genome shotgun sequence"
"RWMJ01000023.1 Pseudomonas aeruginosa strain 110238627 IPC1509_23.1, whole genome shotgun sequence"
"RWMN01000009.1 Pseudomonas aeruginosa strain 5024382749-13 IPC1505_9.1, whole genome shotgun sequence"
"RWMO01000010.1 Pseudomonas aeruginosa strain 2042723558 IPC1504_10.1, whole genome shotgun sequence"
"RWMR01000015.1 Pseudomonas aeruginosa strain 4124363474-14 IPC1501_15.1, whole genome shotgun sequence"
"RWMP01000003.1 Pseudomonas aeruginosa strain 1042828174-21 IPC1503_3.1, whole genome shotgun sequence"
"RWMS01000016.1 Pseudomonas aeruginosa strain 4124363474-15 IPC1500_16.1, whole genome shotgun sequence"
"RWMQ01000003.1 Pseudomonas aeruginosa strain 1042828174-20 IPC1502_3.1, whole genome shotgun sequence"
"RWMU01000016.1 Pseudomonas aeruginosa strain 2032935751 IPC1498_16.1, whole genome shotgun sequence"
"RWMT01000004.1 Pseudomonas aeruginosa strain 9092533235 IPC1499_4.1, whole genome shotgun sequence"
"RWMV01000027.1 Pseudomonas aeruginosa strain 4044301968 IPC1496_27.1, whole genome shotgun sequence"
"RWMY01000029.1 Pseudomonas aeruginosa strain 3052425557 IPC1492_29.1, whole genome shotgun sequence"
"RWMZ01000022.1 Pseudomonas aeruginosa strain 5034388513 IPC1491_22.1, whole genome shotgun sequence"
"RWNA01000005.1 Pseudomonas aeruginosa strain 5054408350-22 IPC1490_5.1, whole genome shotgun sequence"
"RWNE01000016.1 Pseudomonas aeruginosa strain 5034388498-21 IPC1486_16.1, whole genome shotgun sequence"
"RWNB01000001.1 Pseudomonas aeruginosa strain 5054408350-20 IPC1489_1.1, whole genome shotgun sequence"
"RWNC01000001.1 Pseudomonas aeruginosa strain 5054408350-18 IPC1488_1.1, whole genome shotgun sequence"
"RWNF01000016.1 Pseudomonas aeruginosa strain 5034388498-20 IPC1485_16.1, whole genome shotgun sequence"
"RWND01000020.1 Pseudomonas aeruginosa strain 4064320487 IPC1487_20.1, whole genome shotgun sequence"
"RWNJ01000022.1 Pseudomonas aeruginosa strain 41004355322 IPC1478_22.1, whole genome shotgun sequence"
"RWNI01000023.1 Pseudomonas aeruginosa strain 5024379144-14 IPC1479_23.1, whole genome shotgun sequence"
"RWNG01000005.1 Pseudomonas aeruginosa strain 4094345258 IPC1481_5.1, whole genome shotgun sequence"
"RWNH01000051.1 Pseudomonas aeruginosa strain 5024379144-15 IPC1480_51.1, whole genome shotgun sequence"
"RWNK01000014.1 Pseudomonas aeruginosa strain 5054407658-17 IPC1477_14.1, whole genome shotgun sequence"
"RWNL01000018.1 Pseudomonas aeruginosa strain 5054407658-16 IPC1476_18.1, whole genome shotgun sequence"
"RWNN01000039.1 Pseudomonas aeruginosa strain 6102 IPC1349_39.1, whole genome shotgun sequence"
"RWNP01000031.1 Pseudomonas aeruginosa strain 6098 IPC1347_31.1, whole genome shotgun sequence"
"RWNO01000037.1 Pseudomonas aeruginosa strain 6099 IPC1348_37.1, whole genome shotgun sequence"
"RWNM01000005.1 Pseudomonas aeruginosa strain 4124363505 IPC1474_5.1, whole genome shotgun sequence"
"RWNQ01000027.1 Pseudomonas aeruginosa strain 6097.3 IPC1346_27.1, whole genome shotgun sequence"
"RWNR01000028.1 Pseudomonas aeruginosa strain 6097.1 IPC1345_28.1, whole genome shotgun sequence"
"RWNS01000043.1 Pseudomonas aeruginosa strain 6096 IPC1343_43.1, whole genome shotgun sequence"
"RWNV01000021.1 Pseudomonas aeruginosa strain 6092.3 IPC1340_21.1, whole genome shotgun sequence"
"RWNT01000030.1 Pseudomonas aeruginosa strain 6095 IPC1342_30.1, whole genome shotgun sequence"
"RWNU01000027.1 Pseudomonas aeruginosa strain 6093 IPC1341_27.1, whole genome shotgun sequence"
"RWNX01000024.1 Pseudomonas aeruginosa strain 6091 IPC1338_24.1, whole genome shotgun sequence"
"RWNW01000020.1 Pseudomonas aeruginosa strain 6092.2 IPC1339_20.1, whole genome shotgun sequence"
"RWNY01000028.1 Pseudomonas aeruginosa strain 6090 IPC1337_28.1, whole genome shotgun sequence"
"RWNZ01000028.1 Pseudomonas aeruginosa strain 6089 IPC1336_28.1, whole genome shotgun sequence"
"RWOC01000019.1 Pseudomonas aeruginosa strain 6086.2 IPC1333_19.1, whole genome shotgun sequence"
"RWOB01000020.1 Pseudomonas aeruginosa strain 6087 IPC1334_20.1, whole genome shotgun sequence"
"RWOF01000021.1 Pseudomonas aeruginosa strain 6004 IPC1330_21.1, whole genome shotgun sequence"
"RWOG01000024.1 Pseudomonas aeruginosa strain 6003 IPC1329_24.1, whole genome shotgun sequence"
"RWOJ01000030.1 Pseudomonas aeruginosa strain 6000.2 IPC1326_30.1, whole genome shotgun sequence"
"RWOI01000028.1 Pseudomonas aeruginosa strain 6000.3 IPC1327_28.1, whole genome shotgun sequence"
"RWOE01000032.1 Pseudomonas aeruginosa strain 6085 IPC1331_32.1, whole genome shotgun sequence"
"RWOH01000020.1 Pseudomonas aeruginosa strain 6001 IPC1328_20.1, whole genome shotgun sequence"
"RWOK01000028.1 Pseudomonas aeruginosa strain 6000.1 IPC1325_28.1, whole genome shotgun sequence"
"RWOM01000037.1 Pseudomonas aeruginosa strain 5999.2 IPC1323_37.1, whole genome shotgun sequence"
"RWOP01000058.1 Pseudomonas aeruginosa strain 5997 IPC1320_58.1, whole genome shotgun sequence"
"RWOL01000036.1 Pseudomonas aeruginosa strain 5999.3 IPC1324_36.1, whole genome shotgun sequence"
"RWON01000036.1 Pseudomonas aeruginosa strain 5999.1 IPC1322_36.1, whole genome shotgun sequence"
"RWOQ01000024.1 Pseudomonas aeruginosa strain 5996 IPC1319_24.1, whole genome shotgun sequence"
"RWOR01000040.1 Pseudomonas aeruginosa strain 5995 IPC1318_40.1, whole genome shotgun sequence"
"RWOT01000030.1 Pseudomonas aeruginosa strain 5993 IPC1316_30.1, whole genome shotgun sequence"
"RWOO01000015.1 Pseudomonas aeruginosa strain 5998 IPC1321_15.1, whole genome shotgun sequence"
"RWOU01000014.1 Pseudomonas aeruginosa strain 5992 IPC1315_14.1, whole genome shotgun sequence"
"RWOS01000017.1 Pseudomonas aeruginosa strain 5994 IPC1317_17.1, whole genome shotgun sequence"
"RWOW01000021.1 Pseudomonas aeruginosa strain 5990.3 IPC1313_21.1, whole genome shotgun sequence"
"RWOX01000026.1 Pseudomonas aeruginosa strain 5990.2 IPC1312_26.1, whole genome shotgun sequence"
"RWOV01000034.1 Pseudomonas aeruginosa strain 5991 IPC1314_34.1, whole genome shotgun sequence"
"RWOY01000026.1 Pseudomonas aeruginosa strain 5990.1 IPC1311_26.1, whole genome shotgun sequence"
"RWOZ01000029.1 Pseudomonas aeruginosa strain 5989 IPC1310_29.1, whole genome shotgun sequence"
"RWPD01000020.1 Pseudomonas aeruginosa strain 5985 IPC1306_20.1, whole genome shotgun sequence"
"RWPE01000019.1 Pseudomonas aeruginosa strain PA-CL549 IPC634_19.1, whole genome shotgun sequence"
"RWPG01000019.1 Pseudomonas aeruginosa strain PA-CL545b IPC632_19.1, whole genome shotgun sequence"
"RWPH01000017.1 Pseudomonas aeruginosa strain PA-CL542b IPC630_17.1, whole genome shotgun sequence"
"RWPK01000018.1 Pseudomonas aeruginosa strain PA-CL534a IPC625_18.1, whole genome shotgun sequence"
"RWPF01000001.1 Pseudomonas aeruginosa strain PA-CL547b IPC633_1.1, whole genome shotgun sequence"
"RWPI01000011.1 Pseudomonas aeruginosa strain PA-CL542a IPC629_11.1, whole genome shotgun sequence"
"RWPM01000009.1 Pseudomonas aeruginosa strain PA-CL529 IPC623_9.1, whole genome shotgun sequence"
"RWPN01000012.1 Pseudomonas aeruginosa strain PA-CL528 IPC622_12.1, whole genome shotgun sequence"
"RWPL01000003.1 Pseudomonas aeruginosa strain PA-CL532 IPC624_3.1, whole genome shotgun sequence"
"RWPO01000025.1 Pseudomonas aeruginosa strain PA-CL527 IPC621_25.1, whole genome shotgun sequence"
"RWPU01000010.1 Pseudomonas aeruginosa strain PA-CL519 IPC613_10.1, whole genome shotgun sequence"
"RWPP01000004.1 Pseudomonas aeruginosa strain PA-CL524 IPC620_4.1, whole genome shotgun sequence"
"RWPR01000002.1 Pseudomonas aeruginosa strain PA-CL521b IPC616_2.1, whole genome shotgun sequence"
"RWPS01000030.1 Pseudomonas aeruginosa strain PA-CL521a IPC615_30.1, whole genome shotgun sequence"
"RWPV01000014.1 Pseudomonas aeruginosa strain PA-CL518 IPC612_14.1, whole genome shotgun sequence"
"RWPQ01000003.1 Pseudomonas aeruginosa strain PA-CL522b IPC618_3.1, whole genome shotgun sequence"
"RWPX01000024.1 Pseudomonas aeruginosa strain PA-CL516 IPC610_24.1, whole genome shotgun sequence"
"RWPW01000013.1 Pseudomonas aeruginosa strain PA-CL517 IPC611_13.1, whole genome shotgun sequence"
"RWPT01000013.1 Pseudomonas aeruginosa strain PA-CL520 IPC614_13.1, whole genome shotgun sequence"
"RWPZ01000022.1 Pseudomonas aeruginosa strain PA-CL514 IPC608_22.1, whole genome shotgun sequence"
"RWPY01000017.1 Pseudomonas aeruginosa strain PA-CL515 IPC609_17.1, whole genome shotgun sequence"
"RWQD01000013.1 Pseudomonas aeruginosa strain PA-CL510 IPC604_13.1, whole genome shotgun sequence"
"RWQC01000002.1 Pseudomonas aeruginosa strain PA-CL511 IPC605_2.1, whole genome shotgun sequence"
"RWQE01000012.1 Pseudomonas aeruginosa strain PA-CL509 IPC603_12.1, whole genome shotgun sequence"
"RWQB01000005.1 Pseudomonas aeruginosa strain PA-CL512 IPC606_5.1, whole genome shotgun sequence"
"RWQG01000020.1 Pseudomonas aeruginosa strain PA-CL507 IPC601_20.1, whole genome shotgun sequence"
"RWQF01000001.1 Pseudomonas aeruginosa strain PA-CL508 IPC602_1.1, whole genome shotgun sequence"
"RWQJ01000006.1 Pseudomonas aeruginosa strain PA-CL504 IPC598_6.1, whole genome shotgun sequence"
"RWQH01000023.1 Pseudomonas aeruginosa strain PA-CL506b IPC600_23.1, whole genome shotgun sequence"
"RWQL01000011.1 Pseudomonas aeruginosa strain PA-CL501 IPC596_11.1, whole genome shotgun sequence"
"RWQI01000001.1 Pseudomonas aeruginosa strain PA-CL505 IPC599_1.1, whole genome shotgun sequence"
"RWQP01000022.1 Pseudomonas aeruginosa strain 34JS IPC582_22.1, whole genome shotgun sequence"
"RWQM01000010.1 Pseudomonas aeruginosa strain 78RV IPC589_10.1, whole genome shotgun sequence"
"RWQK01000021.1 Pseudomonas aeruginosa strain PA-CL502 IPC597_21.1, whole genome shotgun sequence"
"RWQS01000022.1 Pseudomonas aeruginosa strain 19SV IPC578_22.1, whole genome shotgun sequence"
"RWQO01000001.1 Pseudomonas aeruginosa strain 57SJ IPC584_1.1, whole genome shotgun sequence"
"RWQQ01000021.1 Pseudomonas aeruginosa strain 32SB IPC580_21.1, whole genome shotgun sequence"
"RWQN01000009.1 Pseudomonas aeruginosa strain 57RV IPC586_9.1, whole genome shotgun sequence"
"RWQR01000025.1 Pseudomonas aeruginosa strain 32SP IPC579_25.1, whole genome shotgun sequence"
"RWQT01000016.1 Pseudomonas aeruginosa strain 19R IPC577_16.1, whole genome shotgun sequence"
"RWQV01000018.1 Pseudomonas aeruginosa strain 18G IPC574_18.1, whole genome shotgun sequence"
"RWQW01000019.1 Pseudomonas aeruginosa strain PAC97A IPC184_19.1, whole genome shotgun sequence"
"RWQU01000018.1 Pseudomonas aeruginosa strain 19SJV IPC576_18.1, whole genome shotgun sequence"
"RWQZ01000026.1 Pseudomonas aeruginosa strain PAC91A IPC181_26.1, whole genome shotgun sequence"
"RWQX01000022.1 Pseudomonas aeruginosa strain PAC95B IPC183_22.1, whole genome shotgun sequence"
"RWRD01000046.1 Pseudomonas aeruginosa strain PAC76A IPC177_46.1, whole genome shotgun sequence"
"RWQY01000023.1 Pseudomonas aeruginosa strain PAC95A IPC182_23.1, whole genome shotgun sequence"
"RWRA01000027.1 Pseudomonas aeruginosa strain PAC81B IPC180_27.1, whole genome shotgun sequence"
"RWRB01000033.1 Pseudomonas aeruginosa strain PAC81A IPC179_33.1, whole genome shotgun sequence"
"RWRC01000025.1 Pseudomonas aeruginosa strain PAC112A IPC178_25.1, whole genome shotgun sequence"
"RWRE01000025.1 Pseudomonas aeruginosa strain PAC60A IPC176_25.1, whole genome shotgun sequence"
"RWRF01000025.1 Pseudomonas aeruginosa strain PAC127B IPC175_25.1, whole genome shotgun sequence"
"RWRH01000022.1 Pseudomonas aeruginosa strain PAC38B IPC173_22.1, whole genome shotgun sequence"
"RWRG01000014.1 Pseudomonas aeruginosa strain PAC127A IPC174_14.1, whole genome shotgun sequence"
"RWRJ01000020.1 Pseudomonas aeruginosa strain PAC98D IPC171_20.1, whole genome shotgun sequence"
"RWRI01000020.1 Pseudomonas aeruginosa strain PAC38A IPC172_20.1, whole genome shotgun sequence"
"RWRM01000016.1 Pseudomonas aeruginosa strain PAC98A IPC168_16.1, whole genome shotgun sequence"
"RWRK01000021.1 Pseudomonas aeruginosa strain PAC98C IPC170_21.1, whole genome shotgun sequence"
"RWRL01000020.1 Pseudomonas aeruginosa strain PAC98B IPC169_20.1, whole genome shotgun sequence"
"RWRN01000021.1 Pseudomonas aeruginosa strain PAC80A IPC167_21.1, whole genome shotgun sequence"
"RWRO01000020.1 Pseudomonas aeruginosa strain PAC70B IPC166_20.1, whole genome shotgun sequence"
"RWRR01000018.1 Pseudomonas aeruginosa strain PAC31B IPC163_18.1, whole genome shotgun sequence"
"RWRT01000029.1 Pseudomonas aeruginosa strain PAC118A IPC161_29.1, whole genome shotgun sequence"
"RWRP01000015.1 Pseudomonas aeruginosa strain PAC70A IPC165_15.1, whole genome shotgun sequence"
"RWRQ01000020.1 Pseudomonas aeruginosa strain PAC42A IPC164_20.1, whole genome shotgun sequence"
"RWRU01000023.1 Pseudomonas aeruginosa strain PAC115A IPC159_23.1, whole genome shotgun sequence"
"RWRV01000022.1 Pseudomonas aeruginosa strain PAC108A IPC158_22.1, whole genome shotgun sequence"
"RWRW01000024.1 Pseudomonas aeruginosa strain PAC44D IPC157_24.1, whole genome shotgun sequence"
"RWSA01000022.1 Pseudomonas aeruginosa strain PAC23A IPC153_22.1, whole genome shotgun sequence"
"RWRX01000025.1 Pseudomonas aeruginosa strain PAC44C IPC156_25.1, whole genome shotgun sequence"
"RWSC01000020.1 Pseudomonas aeruginosa strain PAC84A IPC151_20.1, whole genome shotgun sequence"
"RWSF01000019.1 Pseudomonas aeruginosa strain PAC78A IPC148_19.1, whole genome shotgun sequence"
"RWSD01000023.1 Pseudomonas aeruginosa strain PAC22A IPC150_23.1, whole genome shotgun sequence"
"RWSG01000024.1 Pseudomonas aeruginosa strain PAC33B IPC147_24.1, whole genome shotgun sequence"
"RWSK01000027.1 Pseudomonas aeruginosa strain PAC56B IPC143_27.1, whole genome shotgun sequence"
"RWSE01000025.1 Pseudomonas aeruginosa strain PAC78B IPC149_25.1, whole genome shotgun sequence"
"RWSH01000022.1 Pseudomonas aeruginosa strain PAC33A IPC146_22.1, whole genome shotgun sequence"
"RWSJ01000018.1 Pseudomonas aeruginosa strain PAC18A IPC144_18.1, whole genome shotgun sequence"
"RWSI01000026.1 Pseudomonas aeruginosa strain PAC18B IPC145_26.1, whole genome shotgun sequence"
"RWSL01000025.1 Pseudomonas aeruginosa strain PAC56A IPC142_25.1, whole genome shotgun sequence"
"RWSM01000028.1 Pseudomonas aeruginosa strain PAC17A IPC141_28.1, whole genome shotgun sequence"
"RWSP01000022.1 Pseudomonas aeruginosa strain PAC14B IPC137_22.1, whole genome shotgun sequence"
"RWSQ01000029.1 Pseudomonas aeruginosa strain PAC117B IPC135_29.1, whole genome shotgun sequence"
"RWSS01000030.1 Pseudomonas aeruginosa strain PAC13C IPC133_30.1, whole genome shotgun sequence"
"RWST01000028.1 Pseudomonas aeruginosa strain PAC13B IPC132_28.1, whole genome shotgun sequence"
"RWSR01000033.1 Pseudomonas aeruginosa strain PAC117A IPC134_33.1, whole genome shotgun sequence"
"RWSU01000033.1 Pseudomonas aeruginosa strain PAC13A IPC131_33.1, whole genome shotgun sequence"
"RWSW01000024.1 Pseudomonas aeruginosa strain PAC79B IPC129_24.1, whole genome shotgun sequence"
"RWSX01000017.1 Pseudomonas aeruginosa strain PAC79A IPC128_17.1, whole genome shotgun sequence"
"RWSV01000017.1 Pseudomonas aeruginosa strain PAC106A IPC130_17.1, whole genome shotgun sequence"
"RWSZ01000020.1 Pseudomonas aeruginosa strain PAC107A IPC126_20.1, whole genome shotgun sequence"
"RWSY01000020.1 Pseudomonas aeruginosa strain PAC11A IPC127_20.1, whole genome shotgun sequence"
"RWTB01000022.1 Pseudomonas aeruginosa strain PAC10A IPC124_22.1, whole genome shotgun sequence"
"RWTA01000020.1 Pseudomonas aeruginosa strain PAC10B IPC125_20.1, whole genome shotgun sequence"
"RWTD01000028.1 Pseudomonas aeruginosa strain PAC93C IPC122_28.1, whole genome shotgun sequence"
"RWTC01000015.1 Pseudomonas aeruginosa strain PAC9A IPC123_15.1, whole genome shotgun sequence"
"RWTE01000030.1 Pseudomonas aeruginosa strain PAC93B IPC121_30.1, whole genome shotgun sequence"
"RWTF01000025.1 Pseudomonas aeruginosa strain PAC93A IPC120_25.1, whole genome shotgun sequence"
"RWTG01000026.1 Pseudomonas aeruginosa strain PAC74A IPC119_26.1, whole genome shotgun sequence"
"RWTI01000022.1 Pseudomonas aeruginosa strain PAC6B IPC117_22.1, whole genome shotgun sequence"
"RWTJ01000025.1 Pseudomonas aeruginosa strain PAC6A IPC116_25.1, whole genome shotgun sequence"
"RWTH01000023.1 Pseudomonas aeruginosa strain PAC39A IPC118_23.1, whole genome shotgun sequence"
"RWTO01000022.1 Pseudomonas aeruginosa strain PAC54A IPC111_22.1, whole genome shotgun sequence"
"RWTN01000020.1 Pseudomonas aeruginosa strain PAC5A IPC112_20.1, whole genome shotgun sequence"
"RWTU01000036.1 Pseudomonas aeruginosa strain 320S290711BSL_PA1 IPC73_36.1, whole genome shotgun sequence"
"RWTV01000023.1 Pseudomonas aeruginosa strain 318S170811BSL_PA2 IPC72_23.1, whole genome shotgun sequence"
"RWTT01000036.1 Pseudomonas aeruginosa strain 320S290711BSL_PA2 IPC74_36.1, whole genome shotgun sequence"
"RWTW01000031.1 Pseudomonas aeruginosa strain 318S170811BSL_PA1 IPC71_31.1, whole genome shotgun sequence"
"RWTX01000021.1 Pseudomonas aeruginosa strain 313s141011BSL_PA1 IPC70_21.1, whole genome shotgun sequence"
"RWTY01000034.1 Pseudomonas aeruginosa strain 298S020611BSL_PA1 IPC68_34.1, whole genome shotgun sequence"
"RWTZ01000026.1 Pseudomonas aeruginosa strain 295s071211BSL_PA2 IPC67_26.1, whole genome shotgun sequence"
"RWUC01000019.1 Pseudomonas aeruginosa strain 293S080611BSL_PA1 IPC64_19.1, whole genome shotgun sequence"
"RWUB01000028.1 Pseudomonas aeruginosa strain 293S080611BSL_PA2 IPC65_28.1, whole genome shotgun sequence"
"RWUA01000031.1 Pseudomonas aeruginosa strain 295s071211BSL_PA1 IPC66_31.1, whole genome shotgun sequence"
"RWUE01000027.1 Pseudomonas aeruginosa strain 278S180511BSL_PA2 IPC60_27.1, whole genome shotgun sequence"
"RWUF01000019.1 Pseudomonas aeruginosa strain 278S180511BSL_PA1 IPC59_19.1, whole genome shotgun sequence"
"RWUI01000022.1 Pseudomonas aeruginosa strain 266S141211BSL_PA1 IPC56_22.1, whole genome shotgun sequence"
"RWUJ01000025.1 Pseudomonas aeruginosa strain 259S240811BSL_PA2 IPC55_25.1, whole genome shotgun sequence"
"RWUK01000020.1 Pseudomonas aeruginosa strain 259S240811BSL_PA1 IPC54_20.1, whole genome shotgun sequence"
"RWUL01000025.1 Pseudomonas aeruginosa strain 201s070911bsl_PA2 IPC51_25.1, whole genome shotgun sequence"
"RWUM01000036.1 Pseudomonas aeruginosa strain 201s070911bsl_PA1 IPC50_36.1, whole genome shotgun sequence"
"RWUN01000026.1 Pseudomonas aeruginosa strain 197S020911BSL_PA4 IPC49_26.1, whole genome shotgun sequence"
"RWUP01000023.1 Pseudomonas aeruginosa strain 197S020911BSL_PA2 IPC47_23.1, whole genome shotgun sequence"
"RWUR01000028.1 Pseudomonas aeruginosa strain 192S190811BSL_PA3 IPC45_28.1, whole genome shotgun sequence"
"RWUS01000028.1 Pseudomonas aeruginosa strain 192S190811BSL_PA2 IPC44_28.1, whole genome shotgun sequence"
"RWUQ01000023.1 Pseudomonas aeruginosa strain 197S020911BSL_PA1 IPC46_23.1, whole genome shotgun sequence"
"RWUO01000034.1 Pseudomonas aeruginosa strain 197S020911BSL_PA3 IPC48_34.1, whole genome shotgun sequence"
"RWUV01000027.1 Pseudomonas aeruginosa strain 175S070312EX2DAY21_PA1 IPC41_27.1, whole genome shotgun sequence"
"RWUT01000025.1 Pseudomonas aeruginosa strain 192S190811BSL_PA1 IPC43_25.1, whole genome shotgun sequence"
"RWUX01000023.1 Pseudomonas aeruginosa strain 144S190811BSL_PA2 IPC38_23.1, whole genome shotgun sequence"
"RWVA01000022.1 Pseudomonas aeruginosa strain 136S260811BSL_PA2 IPC35_22.1, whole genome shotgun sequence"
"RWVB01000023.1 Pseudomonas aeruginosa strain 136S260811BSL_PA1 IPC34_23.1, whole genome shotgun sequence"
"RWUZ01000024.1 Pseudomonas aeruginosa strain 136S260811BSL_PA3 IPC36_24.1, whole genome shotgun sequence"
"RWUY01000002.1 Pseudomonas aeruginosa strain 144S190811BSL_PA1 IPC37_2.1, whole genome shotgun sequence"
"RWVC01000022.1 Pseudomonas aeruginosa strain 128S180412BSL_PA2 IPC33_22.1, whole genome shotgun sequence"
"RWVD01000030.1 Pseudomonas aeruginosa strain 66S100212BSL _PA1 IPC32_30.1, whole genome shotgun sequence"
"RWVG01000027.1 Pseudomonas aeruginosa strain 37s051011BSL_PA1 IPC29_27.1, whole genome shotgun sequence"
"RWVE01000027.1 Pseudomonas aeruginosa strain 44s031011BSL_PA2 IPC31_27.1, whole genome shotgun sequence"
"RWVF01000039.1 Pseudomonas aeruginosa strain 44s031011BSL_PA1 IPC30_39.1, whole genome shotgun sequence"
"RWVI01000029.1 Pseudomonas aeruginosa strain 2S030611BSL_PA1 IPC26_29.1, whole genome shotgun sequence"
"RWVH01000034.1 Pseudomonas aeruginosa strain 29S030611BSL_PA1 IPC27_34.1, whole genome shotgun sequence"
"RWVK01000020.1 Pseudomonas aeruginosa strain 19SJO IPC575_19.1, whole genome shotgun sequence"
"RWVJ01000024.1 Pseudomonas aeruginosa strain 4094345290 IPC1482_23.1, whole genome shotgun sequence"
"RWRS01000018.1 Pseudomonas aeruginosa strain PAC31A IPC162_18.1, whole genome shotgun sequence"
"RWPJ01000016.1 Pseudomonas aeruginosa strain PA-CL534x IPC627_16.1, whole genome shotgun sequence"
"RWRY01000025.1 Pseudomonas aeruginosa strain PAC44B IPC155_25.1, whole genome shotgun sequence"
"RWRZ01000027.1 Pseudomonas aeruginosa strain PAC44A IPC154_27.1, whole genome shotgun sequence"
"RWUU01000042.1 Pseudomonas aeruginosa strain 175S070312EX2DAY21_PA2 IPC42_42.1, whole genome shotgun sequence"
"RXFF01000016.1 Pseudomonas aeruginosa strain AUS258 IPC249_16.1, whole genome shotgun sequence"
"MVGV01000028.1 Pseudomonas aeruginosa strain ATCC BAA-2108 IPC1576_28.1, whole genome shotgun sequence"
"MCMF01000043.1 Pseudomonas aeruginosa strain D429(Q) isolate Mi162_2 IPC1266_43.1, whole genome shotgun sequence"
"MCMW01000017.1 Pseudomonas aeruginosa strain F69A isolate IST27N IPC85_17.1, whole genome shotgun sequence"
"MCMX01000021.1 Pseudomonas aeruginosa strain F69A isolate IST27 IPC84_21.1, whole genome shotgun sequence"
"MCMY01000017.1 Pseudomonas aeruginosa strain 55AA isolate PAK IPC83_17.1, whole genome shotgun sequence"
"NSNT01000028.1 Pseudomonas aeruginosa strain PA-W1 IPC1280_28.1, whole genome shotgun sequence"
"NSOR01000025.1 Pseudomonas aeruginosa strain S54485 IPC1180_25.1, whole genome shotgun sequence"
"NSPL01000042.1 Pseudomonas aeruginosa strain B9(T2436) IPC1133_42.1, whole genome shotgun sequence"
"NSPM01000038.1 Pseudomonas aeruginosa strain A3(H638) IPC1125_38.1, whole genome shotgun sequence"
"NSPY01000025.1 Pseudomonas aeruginosa strain LiP8 IPC1079_25.1, whole genome shotgun sequence"
"NSQC01000026.1 Pseudomonas aeruginosa strain LiP4 IPC1075_26.1, whole genome shotgun sequence"
"NSQE01000026.1 Pseudomonas aeruginosa strain LiP2c IPC1073_26.1, whole genome shotgun sequence"
"NSQF01000024.1 Pseudomonas aeruginosa strain LiP2b IPC1072_24.1, whole genome shotgun sequence"
"NSQG01000021.1 Pseudomonas aeruginosa strain LiP2a IPC1071_21.1, whole genome shotgun sequence"
"NSQJ01000024.1 Pseudomonas aeruginosa strain LiP1a IPC1067_24.1, whole genome shotgun sequence"
"NSQI01000024.1 Pseudomonas aeruginosa strain LiP1c IPC1069_24.1, whole genome shotgun sequence"
"NSQH01000032.1 Pseudomonas aeruginosa strain LiP1d IPC1070_32.1, whole genome shotgun sequence"
"NSQX01000028.1 Pseudomonas aeruginosa strain 014-2A IPC1020_28.1, whole genome shotgun sequence"
"NSRU01000026.1 Pseudomonas aeruginosa strain U421 IPC965_26.1, whole genome shotgun sequence"
"NSSP01000019.1 Pseudomonas aeruginosa strain Tu863 IPC884_19.1, whole genome shotgun sequence"
"NSSS01000024.1 Pseudomonas aeruginosa strain Lw1047 IPC879_24.1, whole genome shotgun sequence"
"NSTK01000024.1 Pseudomonas aeruginosa strain LiA133_2003 IPC776_24.1, whole genome shotgun sequence"
"NSTR01000042.1 Pseudomonas aeruginosa strain J80UH1OS1 IPC744_42.1, whole genome shotgun sequence"
"NSTX01000047.1 Pseudomonas aeruginosa strain CPHL8203 IPC734_47.1, whole genome shotgun sequence"
"NSUB01000019.1 Pseudomonas aeruginosa strain CPHL2000 IPC729_19.1, whole genome shotgun sequence"
"NSUM01000016.1 Pseudomonas aeruginosa strain CN573=PSE143 IPC705_16.1, whole genome shotgun sequence"
"NSUQ01000031.1 Pseudomonas aeruginosa strain Mex2 IPC698_31.1, whole genome shotgun sequence"
"NSVU01000018.1 Pseudomonas aeruginosa strain AMT0005-1 IPC539_18.1, whole genome shotgun sequence"
"NSYI01000019.1 Pseudomonas aeruginosa strain AUS327 IPC300_19.1, whole genome shotgun sequence"
"NSZX01000024.1 Pseudomonas aeruginosa strain 152504sp2 IPC103_24.1, whole genome shotgun sequence"
"NTAD01000032.1 Pseudomonas aeruginosa strain 856 IPC97_32.1, whole genome shotgun sequence"
"RWZR01000026.1 Pseudomonas aeruginosa strain Zw73_1 IPC1439_26.1, whole genome shotgun sequence"
"RXAL01000026.1 Pseudomonas aeruginosa strain HCF86 IPC1408_26.1, whole genome shotgun sequence"
"RXAS01000027.1 Pseudomonas aeruginosa strain Zw9 IPC1389_27.1, whole genome shotgun sequence"
"RXBV01000016.1 Pseudomonas aeruginosa strain JYH13 IPC1224_16.1, whole genome shotgun sequence"
"RXCH01000018.1 Pseudomonas aeruginosa strain T3382 IPC1132_18.1, whole genome shotgun sequence"
"RXCW01000040.1 Pseudomonas aeruginosa strain Jp1303 IPC762_40.1, whole genome shotgun sequence"
"RXDS01000023.1 Pseudomonas aeruginosa strain AUS727 IPC517_23.1, whole genome shotgun sequence"
"RXEB01000018.1 Pseudomonas aeruginosa strain AUS505 IPC445_18.1, whole genome shotgun sequence"
"RXDY01000019.1 Pseudomonas aeruginosa strain AUS512 IPC449_19.1, whole genome shotgun sequence"
"RXED01000044.1 Pseudomonas aeruginosa strain AUS500 IPC443_44.1, whole genome shotgun sequence"
"RXEG01000005.1 Pseudomonas aeruginosa strain AUS177 IPC414_5.1, whole genome shotgun sequence"
"RXEI01000025.1 Pseudomonas aeruginosa strain AUS175 IPC412_25.1, whole genome shotgun sequence"
"RXEW01000028.1 Pseudomonas aeruginosa strain AUS110 IPC357_28.1, whole genome shotgun sequence"
"RXFE01000030.1 Pseudomonas aeruginosa strain AUS226 IPC252_30.1, whole genome shotgun sequence"
"RWLN01000035.1 Pseudomonas aeruginosa strain 8 IPC1590_35.1, whole genome shotgun sequence"
"RWLY01000017.1 Pseudomonas aeruginosa strain 4104355315 IPC1520_17.1, whole genome shotgun sequence"
"RWMA01000059.1 Pseudomonas aeruginosa strain 5054408345 IPC1518_59.1, whole genome shotgun sequence"
"RWMG01000009.1 Pseudomonas aeruginosa strain 5024382738-26 IPC1512_9.1, whole genome shotgun sequence"
"RWOA01000029.1 Pseudomonas aeruginosa strain 6088 IPC1335_29.1, whole genome shotgun sequence"
"RWOD01000019.1 Pseudomonas aeruginosa strain 6086.1 IPC1332_19.1, whole genome shotgun sequence"
"RWPC01000021.1 Pseudomonas aeruginosa strain 5987 IPC1307_21.1, whole genome shotgun sequence"
"RWTK01000013.1 Pseudomonas aeruginosa strain PAC61A IPC115_13.1, whole genome shotgun sequence"
"RWTM01000014.1 Pseudomonas aeruginosa strain PAC5B IPC113_14.1, whole genome shotgun sequence"
"RWTL01000016.1 Pseudomonas aeruginosa strain PAC46A IPC114_16.1, whole genome shotgun sequence"
"RWUW01000023.1 Pseudomonas aeruginosa strain 145S200511BSL_PA2 IPC40_23.1, whole genome shotgun sequence"
"NSST01000048.1 Pseudomonas aeruginosa strain LMG5031 IPC878_48.1, whole genome shotgun sequence"
"NSXA01000026.1 Pseudomonas aeruginosa strain AUS483 IPC434_26.1, whole genome shotgun sequence"
"NSZD01000026.1 Pseudomonas aeruginosa strain AUS217 IPC241_26.1, whole genome shotgun sequence"
"RXCE01000028.1 Pseudomonas aeruginosa strain T3677 IPC1136_28.1, whole genome shotgun sequence"
