"NSTI01000007.1 Pseudomonas aeruginosa strain LiA161_2005 IPC782_7.1, whole genome shotgun sequence"
"NTAJ01000014.1 Pseudomonas aeruginosa strain PA-W41 IPC22_14.1, whole genome shotgun sequence"
"RWVG01000009.1 Pseudomonas aeruginosa strain 37s051011BSL_PA1 IPC29_9.1, whole genome shotgun sequence"
"MVGV01000003.1 Pseudomonas aeruginosa strain ATCC BAA-2108 IPC1576_3.1, whole genome shotgun sequence"
"MVGY01000008.1 Pseudomonas aeruginosa strain ATCC BAA-2111 IPC1579_8.1, whole genome shotgun sequence"
"MVHB01000002.1 Pseudomonas aeruginosa strain ATCC BAA-2114 IPC1582_2.1, whole genome shotgun sequence"
"MCLY01000008.1 Pseudomonas aeruginosa strain 2C22 isolate 57P31PA IPC1274_8.1, whole genome shotgun sequence"
"MCMD01000019.1 Pseudomonas aeruginosa strain 239A isolate 13121-1 IPC1269_19.1, whole genome shotgun sequence"
"MCMH01000015.1 Pseudomonas aeruginosa strain 6D92(H) isolate AMT0023-34 IPC1261_15.1, whole genome shotgun sequence"
"MCMI01000014.1 Pseudomonas aeruginosa strain 6D92(H) isolate AMT0023-30 IPC1260_14.1, whole genome shotgun sequence"
"MCMK01000002.1 Pseudomonas aeruginosa strain EC22 isolate AUS52 IPC1258_2.1, whole genome shotgun sequence"
"MCMP01000009.1 Pseudomonas aeruginosa strain 2A42 isolate U018A IPC94_9.1, whole genome shotgun sequence"
"MCMT01000002.1 Pseudomonas aeruginosa strain 6822 isolate NH57388A IPC88_2.1, whole genome shotgun sequence"
"MCMZ01000016.1 Pseudomonas aeruginosa strain 6D92(H) isolate AMT0060-3 IPC82_16.1, whole genome shotgun sequence"
"MCNA01000014.1 Pseudomonas aeruginosa strain 6D92(H) isolate AMT0060-2 IPC81_14.1, whole genome shotgun sequence"
"MCNB01000016.1 Pseudomonas aeruginosa strain 6D92(H) isolate AMT0060-1 IPC80_16.1, whole genome shotgun sequence"
"NSMS01000013.1 Pseudomonas aeruginosa strain E1-WATER-2 IPC1469_13.1, whole genome shotgun sequence"
"NSNB01000018.1 Pseudomonas aeruginosa strain PA-W39 IPC1298_18.1, whole genome shotgun sequence"
"NSNA01000001.1 Pseudomonas aeruginosa strain PA-W42 IPC1299_1.1, whole genome shotgun sequence"
"NSND01000003.1 Pseudomonas aeruginosa strain PA-W37 IPC1296_3.1, whole genome shotgun sequence"
"NSNH01000001.1 Pseudomonas aeruginosa strain PA-W31 IPC1292_1.1, whole genome shotgun sequence"
"NSNQ01000007.1 Pseudomonas aeruginosa strain PA-W5 IPC1283_7.1, whole genome shotgun sequence"
"NSNW01000001.1 Pseudomonas aeruginosa strain 36BR IPC1246_1.1, whole genome shotgun sequence"
"NSOB01000008.1 Pseudomonas aeruginosa strain 175BR IPC1241_8.1, whole genome shotgun sequence"
"NSNY01000008.1 Pseudomonas aeruginosa strain 172BR IPC1244_8.1, whole genome shotgun sequence"
"NSNX01000001.1 Pseudomonas aeruginosa strain 21BR IPC1245_1.1, whole genome shotgun sequence"
"NSNZ01000002.1 Pseudomonas aeruginosa strain 205BR IPC1243_2.1, whole genome shotgun sequence"
"NSOA01000008.1 Pseudomonas aeruginosa strain 211BR IPC1242_8.1, whole genome shotgun sequence"
"NSOD01000007.1 Pseudomonas aeruginosa strain JYH26 IPC1237_7.1, whole genome shotgun sequence"
"NSOF01000004.1 Pseudomonas aeruginosa strain JYH22 IPC1233_4.1, whole genome shotgun sequence"
"NSOH01000016.1 Pseudomonas aeruginosa strain JYH16 IPC1227_16.1, whole genome shotgun sequence"
"NSOE01000001.1 Pseudomonas aeruginosa strain JYH24 IPC1235_1.1, whole genome shotgun sequence"
"NSOJ01000006.1 Pseudomonas aeruginosa strain JYH12 IPC1223_6.1, whole genome shotgun sequence"
"NSOU01000001.1 Pseudomonas aeruginosa strain CF27 IPC1173_1.1, whole genome shotgun sequence"
"NSPR01000011.1 Pseudomonas aeruginosa strain LiP14 IPC1086_11.1, whole genome shotgun sequence"
"NSPS01000010.1 Pseudomonas aeruginosa strain LiP13 IPC1085_10.1, whole genome shotgun sequence"
"NSPT01000011.1 Pseudomonas aeruginosa strain LiP12 IPC1084_11.1, whole genome shotgun sequence"
"NSPV01000011.1 Pseudomonas aeruginosa strain LiP10b IPC1082_11.1, whole genome shotgun sequence"
"NSPW01000012.1 Pseudomonas aeruginosa strain LiP10a IPC1081_12.1, whole genome shotgun sequence"
"NSPU01000012.1 Pseudomonas aeruginosa strain LiP11 IPC1083_12.1, whole genome shotgun sequence"
"NSPX01000010.1 Pseudomonas aeruginosa strain LiP9 IPC1080_10.1, whole genome shotgun sequence"
"NSQB01000010.1 Pseudomonas aeruginosa strain LiP5 IPC1076_10.1, whole genome shotgun sequence"
"NSPY01000011.1 Pseudomonas aeruginosa strain LiP8 IPC1079_11.1, whole genome shotgun sequence"
"NSPZ01000009.1 Pseudomonas aeruginosa strain LiP7 IPC1078_9.1, whole genome shotgun sequence"
"NSQA01000010.1 Pseudomonas aeruginosa strain LiP6 IPC1077_10.1, whole genome shotgun sequence"
"NSQC01000008.1 Pseudomonas aeruginosa strain LiP4 IPC1075_8.1, whole genome shotgun sequence"
"NSQE01000012.1 Pseudomonas aeruginosa strain LiP2c IPC1073_12.1, whole genome shotgun sequence"
"NSQF01000012.1 Pseudomonas aeruginosa strain LiP2b IPC1072_12.1, whole genome shotgun sequence"
"NSQD01000012.1 Pseudomonas aeruginosa strain LiP3 IPC1074_12.1, whole genome shotgun sequence"
"NSQG01000011.1 Pseudomonas aeruginosa strain LiP2a IPC1071_11.1, whole genome shotgun sequence"
"NSQJ01000010.1 Pseudomonas aeruginosa strain LiP1a IPC1067_10.1, whole genome shotgun sequence"
"NSQI01000010.1 Pseudomonas aeruginosa strain LiP1c IPC1069_10.1, whole genome shotgun sequence"
"NSQM01000008.1 Pseudomonas aeruginosa strain F2 IPC1053_8.1, whole genome shotgun sequence"
"NSQO01000003.1 Pseudomonas aeruginosa strain D1 IPC1045_3.1, whole genome shotgun sequence"
"NSQU01000001.1 Pseudomonas aeruginosa strain 020MIC IPC1033_1.1, whole genome shotgun sequence"
"NSRA01000001.1 Pseudomonas aeruginosa strain DUN-009B IPC1014_1.1, whole genome shotgun sequence"
"NSRG01000013.1 Pseudomonas aeruginosa strain DUN-002C IPC991_13.1, whole genome shotgun sequence"
"NSRS01000001.1 Pseudomonas aeruginosa strain U451 IPC976_1.1, whole genome shotgun sequence"
"NSRU01000014.1 Pseudomonas aeruginosa strain U421 IPC965_14.1, whole genome shotgun sequence"
"NSRV01000008.1 Pseudomonas aeruginosa strain U413A IPC962_8.1, whole genome shotgun sequence"
"NSRT01000001.1 Pseudomonas aeruginosa strain U435 IPC971_1.1, whole genome shotgun sequence"
"NSRX01000003.1 Pseudomonas aeruginosa strain U372 IPC948_3.1, whole genome shotgun sequence"
"NSRW01000001.1 Pseudomonas aeruginosa strain U397A IPC954_1.1, whole genome shotgun sequence"
"NSRY01000003.1 Pseudomonas aeruginosa strain U350 IPC946_3.1, whole genome shotgun sequence"
"NSSB01000007.1 Pseudomonas aeruginosa strain U0306 IPC934_7.1, whole genome shotgun sequence"
"NSSD01000001.1 Pseudomonas aeruginosa strain U0284 IPC924_1.1, whole genome shotgun sequence"
"NSSE01000003.1 Pseudomonas aeruginosa strain U0272B IPC922_3.1, whole genome shotgun sequence"
"NSSX01000009.1 Pseudomonas aeruginosa strain Us411 IPC860_9.1, whole genome shotgun sequence"
"NSSY01000016.1 Pseudomonas aeruginosa strain Aa249 IPC858_16.1, whole genome shotgun sequence"
"NSSZ01000014.1 Pseudomonas aeruginosa strain Mi159 IPC856_14.1, whole genome shotgun sequence"
"NSTE01000023.1 Pseudomonas aeruginosa strain LiA63_2006 IPC790_23.1, whole genome shotgun sequence"
"NSTB01000007.1 Pseudomonas aeruginosa strain W5Aug16 IPC830_7.1, whole genome shotgun sequence"
"NSTG01000001.1 Pseudomonas aeruginosa strain LiA18_2003 IPC786_1.1, whole genome shotgun sequence"
"NSTQ01000001.1 Pseudomonas aeruginosa strain Jp54 IPC747_1.1, whole genome shotgun sequence"
"NSTS01000006.1 Pseudomonas aeruginosa strain J9UH1F IPC742_6.1, whole genome shotgun sequence"
"NSUA01000018.1 Pseudomonas aeruginosa strain CPHL5083 IPC730_18.1, whole genome shotgun sequence"
"NSUD01000003.1 Pseudomonas aeruginosa strain CPHL950 IPC727_3.1, whole genome shotgun sequence"
"NSUJ01000021.1 Pseudomonas aeruginosa strain 5BR2 IPC713_21.1, whole genome shotgun sequence"
"NSUH01000026.1 Pseudomonas aeruginosa strain Co380791 IPC718_26.1, whole genome shotgun sequence"
"NSUM01000009.1 Pseudomonas aeruginosa strain CN573=PSE143 IPC705_9.1, whole genome shotgun sequence"
"NSUK01000017.1 Pseudomonas aeruginosa strain ESP06B IPC710_17.1, whole genome shotgun sequence"
"NSUN01000002.1 Pseudomonas aeruginosa strain 59.20 IPC703_2.1, whole genome shotgun sequence"
"NSUP01000008.1 Pseudomonas aeruginosa strain SWPA15J=NSWPA15a IPC699_8.1, whole genome shotgun sequence"
"NSUT01000009.1 Pseudomonas aeruginosa strain A19 IPC694_9.1, whole genome shotgun sequence"
"NSUU01000015.1 Pseudomonas aeruginosa strain A17 IPC693_15.1, whole genome shotgun sequence"
"NSUY01000014.1 Pseudomonas aeruginosa strain A10 IPC689_14.1, whole genome shotgun sequence"
"NSVB01000006.1 Pseudomonas aeruginosa strain PN586(35)w IPC669_6.1, whole genome shotgun sequence"
"NSVE01000017.1 Pseudomonas aeruginosa strain HPA16 IPC651_17.1, whole genome shotgun sequence"
"NSVD01000019.1 Pseudomonas aeruginosa strain Co398373 IPC664_19.1, whole genome shotgun sequence"
"NSVF01000016.1 Pseudomonas aeruginosa strain HPA12 IPC648_16.1, whole genome shotgun sequence"
"NSVH01000016.1 Pseudomonas aeruginosa strain HPA6 IPC642_16.1, whole genome shotgun sequence"
"NSVG01000017.1 Pseudomonas aeruginosa strain HPA8 IPC644_17.1, whole genome shotgun sequence"
"NSVM01000009.1 Pseudomonas aeruginosa strain AMT0046-1 IPC560_9.1, whole genome shotgun sequence"
"NSVT01000001.1 Pseudomonas aeruginosa strain AMT0005-138 IPC543_1.1, whole genome shotgun sequence"
"NSVS01000008.1 Pseudomonas aeruginosa strain AMT0006-1 IPC544_8.1, whole genome shotgun sequence"
"NSVU01000002.1 Pseudomonas aeruginosa strain AMT0005-1 IPC539_2.1, whole genome shotgun sequence"
"NSWE01000002.1 Pseudomonas aeruginosa strain AUS422 IPC491_2.1, whole genome shotgun sequence"
"NSWP01000008.1 Pseudomonas aeruginosa strain AUS675 IPC463_8.1, whole genome shotgun sequence"
"NSWR01000008.1 Pseudomonas aeruginosa strain AUS631 IPC460_8.1, whole genome shotgun sequence"
"NSWU01000010.1 Pseudomonas aeruginosa strain AUS507 IPC446_10.1, whole genome shotgun sequence"
"NSWW01000008.1 Pseudomonas aeruginosa strain AUS496 IPC441_8.1, whole genome shotgun sequence"
"NSXB01000008.1 Pseudomonas aeruginosa strain AUS430 IPC430_8.1, whole genome shotgun sequence"
"NSXJ01000010.1 Pseudomonas aeruginosa strain AUS138 IPC379_10.1, whole genome shotgun sequence"
"NSXG01000001.1 Pseudomonas aeruginosa strain AUS150 IPC390_1.1, whole genome shotgun sequence"
"NSXO01000006.1 Pseudomonas aeruginosa strain AUS111 IPC358_6.1, whole genome shotgun sequence"
"NSXL01000003.1 Pseudomonas aeruginosa strain AUS124 IPC368_3.1, whole genome shotgun sequence"
"NSXN01000001.1 Pseudomonas aeruginosa strain AUS119 IPC364_1.1, whole genome shotgun sequence"
"NSYA01000001.1 Pseudomonas aeruginosa strain AUS026 IPC334_1.1, whole genome shotgun sequence"
"NSXZ01000009.1 Pseudomonas aeruginosa strain AUS029 IPC336_9.1, whole genome shotgun sequence"
"NSYB01000007.1 Pseudomonas aeruginosa strain AUS304 IPC327_7.1, whole genome shotgun sequence"
"NSYH01000020.1 Pseudomonas aeruginosa strain AUS058 IPC306_20.1, whole genome shotgun sequence"
"NSYM01000017.1 Pseudomonas aeruginosa strain AUS339 IPC292_17.1, whole genome shotgun sequence"
"NSYT01000005.1 Pseudomonas aeruginosa strain AUS407 IPC276_5.1, whole genome shotgun sequence"
"NSYQ01000002.1 Pseudomonas aeruginosa strain AUS460 IPC280_2.1, whole genome shotgun sequence"
"NSYX01000001.1 Pseudomonas aeruginosa strain AUS462 IPC266_1.1, whole genome shotgun sequence"
"NSYY01000019.1 Pseudomonas aeruginosa strain AUS423 IPC264_19.1, whole genome shotgun sequence"
"NSZB01000006.1 Pseudomonas aeruginosa strain AUS229 IPC255_6.1, whole genome shotgun sequence"
"NSZL01000009.1 Pseudomonas aeruginosa strain AUS195 IPC215_9.1, whole genome shotgun sequence"
"NSZP01000007.1 Pseudomonas aeruginosa strain AUS183 IPC201_7.1, whole genome shotgun sequence"
"NSZZ01000008.1 Pseudomonas aeruginosa strain 994 IPC101_8.1, whole genome shotgun sequence"
"NSZY01000001.1 Pseudomonas aeruginosa strain 886-1 IPC102_1.1, whole genome shotgun sequence"
"NTAA01000008.1 Pseudomonas aeruginosa strain 1090 IPC100_8.1, whole genome shotgun sequence"
"NTAF01000015.1 Pseudomonas aeruginosa strain Mi162 IPC90_15.1, whole genome shotgun sequence"
"NTAN01000008.1 Pseudomonas aeruginosa strain PA-W27 IPC17_8.1, whole genome shotgun sequence"
"NTAO01000008.1 Pseudomonas aeruginosa strain PA-W26 IPC16_8.1, whole genome shotgun sequence"
"NTAS01000002.1 Pseudomonas aeruginosa strain PA-W19 IPC12_2.1, whole genome shotgun sequence"
"NTAT01000001.1 Pseudomonas aeruginosa strain PA-W18 IPC11_1.1, whole genome shotgun sequence"
"NTBD01000009.1 Pseudomonas aeruginosa strain PA-W2 IPC1_9.1, whole genome shotgun sequence"
"RWZI01000003.1 Pseudomonas aeruginosa strain 33CFBRPA IPC1623_3.1, whole genome shotgun sequence"
"RWZN01000002.1 Pseudomonas aeruginosa strain SMC1596 IPC1618_2.1, whole genome shotgun sequence"
"RWZO01000016.1 Pseudomonas aeruginosa strain SMC1595 IPC1617_16.1, whole genome shotgun sequence"
"RWZP01000010.1 Pseudomonas aeruginosa strain SMC1587 IPC1616_10.1, whole genome shotgun sequence"
"RXAA01000010.1 Pseudomonas aeruginosa strain OY3 IPC1427_10.1, whole genome shotgun sequence"
"RWZZ01000012.1 Pseudomonas aeruginosa strain BJ2 IPC1428_12.1, whole genome shotgun sequence"
"RXAD01000008.1 Pseudomonas aeruginosa strain HCF591 IPC1421_8.1, whole genome shotgun sequence"
"RXAC01000005.1 Pseudomonas aeruginosa strain HCF73 IPC1422_5.1, whole genome shotgun sequence"
"RXAY01000001.1 Pseudomonas aeruginosa strain Zw92 IPC1380_1.1, whole genome shotgun sequence"
"RXAX01000002.1 Pseudomonas aeruginosa strain Zw31 IPC1381_2.1, whole genome shotgun sequence"
"RXAZ01000007.1 Pseudomonas aeruginosa strain PD1 IPC1377_7.1, whole genome shotgun sequence"
"RXBC01000001.1 Pseudomonas aeruginosa strain HJ2 IPC1374_1.1, whole genome shotgun sequence"
"RXBB01000008.1 Pseudomonas aeruginosa strain H2 IPC1375_8.1, whole genome shotgun sequence"
"RXBA01000002.1 Pseudomonas aeruginosa strain SS1 IPC1376_2.1, whole genome shotgun sequence"
"RXAU01000004.1 Pseudomonas aeruginosa strain PT6 IPC1385_4.1, whole genome shotgun sequence"
"RXBG01000009.1 Pseudomonas aeruginosa strain MCF178 IPC1366_9.1, whole genome shotgun sequence"
"RXBH01000012.1 Pseudomonas aeruginosa strain MCF149 IPC1365_12.1, whole genome shotgun sequence"
"RXBJ01000014.1 Pseudomonas aeruginosa strain MCF1018 IPC1363_14.1, whole genome shotgun sequence"
"RXBL01000001.1 Pseudomonas aeruginosa strain MCF879 IPC1361_1.1, whole genome shotgun sequence"
"RXBQ01000006.1 Pseudomonas aeruginosa strain JYH23 IPC1234_6.1, whole genome shotgun sequence"
"RXBR01000009.1 Pseudomonas aeruginosa strain JYH21 IPC1232_9.1, whole genome shotgun sequence"
"RXCA01000002.1 Pseudomonas aeruginosa strain MSH3 IPC1178_2.1, whole genome shotgun sequence"
"RXBZ01000001.1 Pseudomonas aeruginosa strain MSH10 IPC1179_1.1, whole genome shotgun sequence"
"RXCG01000014.1 Pseudomonas aeruginosa strain T4242 IPC1134_14.1, whole genome shotgun sequence"
"RXCD01000008.1 Pseudomonas aeruginosa strain T3044 IPC1146_8.1, whole genome shotgun sequence"
"RXCH01000006.1 Pseudomonas aeruginosa strain T3382 IPC1132_6.1, whole genome shotgun sequence"
"RXCK01000004.1 Pseudomonas aeruginosa strain U2816 IPC1115_4.1, whole genome shotgun sequence"
"RXCS01000007.1 Pseudomonas aeruginosa strain W15Dec4 IPC828_7.1, whole genome shotgun sequence"
"RXCT01000003.1 Pseudomonas aeruginosa strain W15Dec14 IPC826_3.1, whole genome shotgun sequence"
"RXDB01000001.1 Pseudomonas aeruginosa strain Jp241 IPC755_1.1, whole genome shotgun sequence"
"RXDF01000001.1 Pseudomonas aeruginosa strain AMT0047-2 IPC566_1.1, whole genome shotgun sequence"
"RXDE01000001.1 Pseudomonas aeruginosa strain Jp60 IPC748_1.1, whole genome shotgun sequence"
"RXDO01000002.1 Pseudomonas aeruginosa strain AMT0005-137 IPC542_2.1, whole genome shotgun sequence"
"RXDP01000002.1 Pseudomonas aeruginosa strain AMT0005-136 IPC541_2.1, whole genome shotgun sequence"
"RXDQ01000002.1 Pseudomonas aeruginosa strain AMT0005-135 IPC540_2.1, whole genome shotgun sequence"
"RXEL01000002.1 Pseudomonas aeruginosa strain AUS157 IPC396_2.1, whole genome shotgun sequence"
"RXEK01000001.1 Pseudomonas aeruginosa strain AUS158 IPC397_1.1, whole genome shotgun sequence"
"RXEF01000001.1 Pseudomonas aeruginosa strain AUS178 IPC415_1.1, whole genome shotgun sequence"
"RXEJ01000002.1 Pseudomonas aeruginosa strain AUS174 IPC411_2.1, whole genome shotgun sequence"
"RXEM01000013.1 Pseudomonas aeruginosa strain AUS156 IPC395_13.1, whole genome shotgun sequence"
"RXEI01000007.1 Pseudomonas aeruginosa strain AUS175 IPC412_7.1, whole genome shotgun sequence"
"RXEP01000003.1 Pseudomonas aeruginosa strain AUS141 IPC382_3.1, whole genome shotgun sequence"
"RXEV01000014.1 Pseudomonas aeruginosa strain AUS122 IPC367_14.1, whole genome shotgun sequence"
"RXEW01000007.1 Pseudomonas aeruginosa strain AUS110 IPC357_7.1, whole genome shotgun sequence"
"RXFA01000003.1 Pseudomonas aeruginosa strain AUS277 IPC317_3.1, whole genome shotgun sequence"
"RXEX01000010.1 Pseudomonas aeruginosa strain AUS523 IPC331_10.1, whole genome shotgun sequence"
"RXFG01000010.1 Pseudomonas aeruginosa strain AUS222 IPC247_10.1, whole genome shotgun sequence"
"RXEY01000005.1 Pseudomonas aeruginosa strain AUS265 IPC325_5.1, whole genome shotgun sequence"
"RWKZ01000001.1 Pseudomonas aeruginosa strain 21 IPC1604_1.1, whole genome shotgun sequence"
"RWLA01000007.1 Pseudomonas aeruginosa strain 20 IPC1603_7.1, whole genome shotgun sequence"
"RWLC01000010.1 Pseudomonas aeruginosa strain 18 IPC1601_10.1, whole genome shotgun sequence"
"RWLF01000011.1 Pseudomonas aeruginosa strain 15 IPC1598_11.1, whole genome shotgun sequence"
"RWLE01000001.1 Pseudomonas aeruginosa strain 16 IPC1599_1.1, whole genome shotgun sequence"
"RWLK01000002.1 Pseudomonas aeruginosa strain 11 IPC1593_2.1, whole genome shotgun sequence"
"RWLL01000010.1 Pseudomonas aeruginosa strain 10 IPC1592_10.1, whole genome shotgun sequence"
"RWLS01000008.1 Pseudomonas aeruginosa strain 3 IPC1585_8.1, whole genome shotgun sequence"
"RWLR01000002.1 Pseudomonas aeruginosa strain 4 IPC1586_2.1, whole genome shotgun sequence"
"RWLV01000020.1 Pseudomonas aeruginosa strain 3052425557 IPC1523_20.1, whole genome shotgun sequence"
"RWMF01000008.1 Pseudomonas aeruginosa strain 5024382738-25 IPC1513_8.1, whole genome shotgun sequence"
"RWME01000001.1 Pseudomonas aeruginosa strain 5023272159 IPC1514_1.1, whole genome shotgun sequence"
"RWMG01000007.1 Pseudomonas aeruginosa strain 5024382738-26 IPC1512_7.1, whole genome shotgun sequence"
"RWMU01000002.1 Pseudomonas aeruginosa strain 2032935751 IPC1498_2.1, whole genome shotgun sequence"
"RWMY01000020.1 Pseudomonas aeruginosa strain 3052425557 IPC1492_20.1, whole genome shotgun sequence"
"RWNJ01000007.1 Pseudomonas aeruginosa strain 41004355322 IPC1478_7.1, whole genome shotgun sequence"
"RWNK01000009.1 Pseudomonas aeruginosa strain 5054407658-17 IPC1477_9.1, whole genome shotgun sequence"
"RWNL01000008.1 Pseudomonas aeruginosa strain 5054407658-16 IPC1476_8.1, whole genome shotgun sequence"
"RWNP01000011.1 Pseudomonas aeruginosa strain 6098 IPC1347_11.1, whole genome shotgun sequence"
"RWNQ01000013.1 Pseudomonas aeruginosa strain 6097.3 IPC1346_13.1, whole genome shotgun sequence"
"RWNO01000001.1 Pseudomonas aeruginosa strain 6099 IPC1348_1.1, whole genome shotgun sequence"
"RWNR01000001.1 Pseudomonas aeruginosa strain 6097.1 IPC1345_1.1, whole genome shotgun sequence"
"RWNV01000003.1 Pseudomonas aeruginosa strain 6092.3 IPC1340_3.1, whole genome shotgun sequence"
"RWNT01000015.1 Pseudomonas aeruginosa strain 6095 IPC1342_15.1, whole genome shotgun sequence"
"RWNX01000005.1 Pseudomonas aeruginosa strain 6091 IPC1338_5.1, whole genome shotgun sequence"
"RWNW01000003.1 Pseudomonas aeruginosa strain 6092.2 IPC1339_3.1, whole genome shotgun sequence"
"RWNZ01000007.1 Pseudomonas aeruginosa strain 6089 IPC1336_7.1, whole genome shotgun sequence"
"RWOC01000001.1 Pseudomonas aeruginosa strain 6086.2 IPC1333_1.1, whole genome shotgun sequence"
"RWOF01000007.1 Pseudomonas aeruginosa strain 6004 IPC1330_7.1, whole genome shotgun sequence"
"RWOQ01000009.1 Pseudomonas aeruginosa strain 5996 IPC1319_9.1, whole genome shotgun sequence"
"RWOO01000003.1 Pseudomonas aeruginosa strain 5998 IPC1321_3.1, whole genome shotgun sequence"
"RWOU01000003.1 Pseudomonas aeruginosa strain 5992 IPC1315_3.1, whole genome shotgun sequence"
"RWPB01000001.1 Pseudomonas aeruginosa strain 5988.2 IPC1308_1.1, whole genome shotgun sequence"
"RWPA01000001.1 Pseudomonas aeruginosa strain 5988.3 IPC1309_1.1, whole genome shotgun sequence"
"RWPC01000001.1 Pseudomonas aeruginosa strain 5987 IPC1307_1.1, whole genome shotgun sequence"
"RWQW01000001.1 Pseudomonas aeruginosa strain PAC97A IPC184_1.1, whole genome shotgun sequence"
"RWQX01000001.1 Pseudomonas aeruginosa strain PAC95B IPC183_1.1, whole genome shotgun sequence"
"RWQY01000002.1 Pseudomonas aeruginosa strain PAC95A IPC182_2.1, whole genome shotgun sequence"
"RWRE01000008.1 Pseudomonas aeruginosa strain PAC60A IPC176_8.1, whole genome shotgun sequence"
"RWRF01000010.1 Pseudomonas aeruginosa strain PAC127B IPC175_10.1, whole genome shotgun sequence"
"RWRH01000006.1 Pseudomonas aeruginosa strain PAC38B IPC173_6.1, whole genome shotgun sequence"
"RWRG01000008.1 Pseudomonas aeruginosa strain PAC127A IPC174_8.1, whole genome shotgun sequence"
"RWRI01000008.1 Pseudomonas aeruginosa strain PAC38A IPC172_8.1, whole genome shotgun sequence"
"RWSC01000006.1 Pseudomonas aeruginosa strain PAC84A IPC151_6.1, whole genome shotgun sequence"
"RWSD01000010.1 Pseudomonas aeruginosa strain PAC22A IPC150_10.1, whole genome shotgun sequence"
"RWSF01000001.1 Pseudomonas aeruginosa strain PAC78A IPC148_1.1, whole genome shotgun sequence"
"RWSG01000010.1 Pseudomonas aeruginosa strain PAC33B IPC147_10.1, whole genome shotgun sequence"
"RWSE01000001.1 Pseudomonas aeruginosa strain PAC78B IPC149_1.1, whole genome shotgun sequence"
"RWSH01000001.1 Pseudomonas aeruginosa strain PAC33A IPC146_1.1, whole genome shotgun sequence"
"RWSJ01000001.1 Pseudomonas aeruginosa strain PAC18A IPC144_1.1, whole genome shotgun sequence"
"RWSI01000002.1 Pseudomonas aeruginosa strain PAC18B IPC145_2.1, whole genome shotgun sequence"
"RWSN01000001.1 Pseudomonas aeruginosa strain PAC15B IPC140_1.1, whole genome shotgun sequence"
"RWSP01000001.1 Pseudomonas aeruginosa strain PAC14B IPC137_1.1, whole genome shotgun sequence"
"RWSQ01000004.1 Pseudomonas aeruginosa strain PAC117B IPC135_4.1, whole genome shotgun sequence"
"RWSS01000008.1 Pseudomonas aeruginosa strain PAC13C IPC133_8.1, whole genome shotgun sequence"
"RWSO01000001.1 Pseudomonas aeruginosa strain PAC15A IPC139_1.1, whole genome shotgun sequence"
"RWTO01000002.1 Pseudomonas aeruginosa strain PAC54A IPC111_2.1, whole genome shotgun sequence"
"RWTP01000002.1 Pseudomonas aeruginosa strain 333S200112BSL_PA1 IPC78_2.1, whole genome shotgun sequence"
"RWTR01000008.1 Pseudomonas aeruginosa strain 326S290611BSL_PA2 IPC76_8.1, whole genome shotgun sequence"
"RWTS01000002.1 Pseudomonas aeruginosa strain 326S290611BSL_PA1 IPC75_2.1, whole genome shotgun sequence"
"RWTQ01000007.1 Pseudomonas aeruginosa strain 326S290611BSL_PA3 IPC77_7.1, whole genome shotgun sequence"
"RWTV01000015.1 Pseudomonas aeruginosa strain 318S170811BSL_PA2 IPC72_15.1, whole genome shotgun sequence"
"RWTW01000009.1 Pseudomonas aeruginosa strain 318S170811BSL_PA1 IPC71_9.1, whole genome shotgun sequence"
"RWUD01000001.1 Pseudomonas aeruginosa strain 286S270711BSL_PA1 IPC61_1.1, whole genome shotgun sequence"
"RWUL01000013.1 Pseudomonas aeruginosa strain 201s070911bsl_PA2 IPC51_13.1, whole genome shotgun sequence"
"RWUM01000012.1 Pseudomonas aeruginosa strain 201s070911bsl_PA1 IPC50_12.1, whole genome shotgun sequence"
"RWUW01000013.1 Pseudomonas aeruginosa strain 145S200511BSL_PA2 IPC40_13.1, whole genome shotgun sequence"
"RWVH01000012.1 Pseudomonas aeruginosa strain 29S030611BSL_PA1 IPC27_12.1, whole genome shotgun sequence"
"NSNS01000009.1 Pseudomonas aeruginosa strain PA-W3 IPC1281_9.1, whole genome shotgun sequence"
"MVGW01000008.1 Pseudomonas aeruginosa strain ATCC BAA-2109 IPC1577_8.1, whole genome shotgun sequence"
"NSNI01000018.1 Pseudomonas aeruginosa strain PA-W29 IPC1291_18.1, whole genome shotgun sequence"
"NSTU01000001.1 Pseudomonas aeruginosa strain CPHL10701 IPC738_1.1, whole genome shotgun sequence"
"NSUB01000008.1 Pseudomonas aeruginosa strain CPHL2000 IPC729_8.1, whole genome shotgun sequence"
"NSVC01000006.1 Pseudomonas aeruginosa strain Co399645 IPC665_6.1, whole genome shotgun sequence"
"NSWQ01000008.1 Pseudomonas aeruginosa strain AUS674 IPC462_8.1, whole genome shotgun sequence"
"NSXI01000002.1 Pseudomonas aeruginosa strain AUS148 IPC388_2.1, whole genome shotgun sequence"
"NSXV01000008.1 Pseudomonas aeruginosa strain AUS073 IPC346_8.1, whole genome shotgun sequence"
"RXBI01000002.1 Pseudomonas aeruginosa strain MCF134 IPC1364_2.1, whole genome shotgun sequence"
"RXCJ01000008.1 Pseudomonas aeruginosa strain E2758 IPC1126_8.1, whole genome shotgun sequence"
"RXDX01000001.1 Pseudomonas aeruginosa strain AUS526 IPC450_1.1, whole genome shotgun sequence"
"RXEH01000010.1 Pseudomonas aeruginosa strain AUS176 IPC413_10.1, whole genome shotgun sequence"
"RWLB01000008.1 Pseudomonas aeruginosa strain 19 IPC1602_8.1, whole genome shotgun sequence"
"RWVI01000005.1 Pseudomonas aeruginosa strain 2S030611BSL_PA1 IPC26_5.1, whole genome shotgun sequence"
"NSOP01000006.1 Pseudomonas aeruginosa strain X24509 IPC1184_6.1, whole genome shotgun sequence"
"NSVL01000002.1 Pseudomonas aeruginosa strain AMT0046-109 IPC563_2.1, whole genome shotgun sequence"
"NSYE01000008.1 Pseudomonas aeruginosa strain AUS355 IPC312_8.1, whole genome shotgun sequence"
"NTAX01000001.1 Pseudomonas aeruginosa strain PA-W12 IPC7_1.1, whole genome shotgun sequence"
"RXDI01000002.1 Pseudomonas aeruginosa strain AMT0046-107 IPC561_2.1, whole genome shotgun sequence"
"RXDH01000002.1 Pseudomonas aeruginosa strain AMT0046-108 IPC562_2.1, whole genome shotgun sequence"
"RXER01000010.1 Pseudomonas aeruginosa strain AUS139 IPC380_10.1, whole genome shotgun sequence"
"RWLW01000001.1 Pseudomonas aeruginosa strain 4084336477 IPC1522_1.1, whole genome shotgun sequence"
"RWMZ01000002.1 Pseudomonas aeruginosa strain 5034388513 IPC1491_2.1, whole genome shotgun sequence"
"RWPX01000001.1 Pseudomonas aeruginosa strain PA-CL516 IPC610_1.1, whole genome shotgun sequence"
"RWPZ01000001.1 Pseudomonas aeruginosa strain PA-CL514 IPC608_1.1, whole genome shotgun sequence"
"RWPY01000002.1 Pseudomonas aeruginosa strain PA-CL515 IPC609_2.1, whole genome shotgun sequence"
"RWST01000008.1 Pseudomonas aeruginosa strain PAC13B IPC132_8.1, whole genome shotgun sequence"
"RWSR01000007.1 Pseudomonas aeruginosa strain PAC117A IPC134_7.1, whole genome shotgun sequence"
"RWSU01000007.1 Pseudomonas aeruginosa strain PAC13A IPC131_7.1, whole genome shotgun sequence"
"RWUX01000008.1 Pseudomonas aeruginosa strain 144S190811BSL_PA2 IPC38_8.1, whole genome shotgun sequence"
"RWUY01000007.1 Pseudomonas aeruginosa strain 144S190811BSL_PA1 IPC37_7.1, whole genome shotgun sequence"
"NSMZ01000016.1 Pseudomonas aeruginosa strain PA-W43 IPC1300_16.1, whole genome shotgun sequence"
"NSOI01000092.1 Pseudomonas aeruginosa strain JYH14 IPC1225_92.1, whole genome shotgun sequence"
"NSOV01000013.1 Pseudomonas aeruginosa strain CF5 IPC1171_13.1, whole genome shotgun sequence"
"NSOT01000006.1 Pseudomonas aeruginosa strain CF127 IPC1174_6.1, whole genome shotgun sequence"
"NSPO01000030.1 Pseudomonas aeruginosa strain A1(A2448) IPC1122_30.1, whole genome shotgun sequence"
"NSQN01000006.1 Pseudomonas aeruginosa strain E2_H133420224 IPC1048_6.1, whole genome shotgun sequence"
"NSWF01000005.1 Pseudomonas aeruginosa strain AUS457 IPC483_5.1, whole genome shotgun sequence"
"NSZE01000006.1 Pseudomonas aeruginosa strain AUS502 IPC239_6.1, whole genome shotgun sequence"
"RXAI01000010.1 Pseudomonas aeruginosa strain HCF331 IPC1413_10.1, whole genome shotgun sequence"
"RXAM01000002.1 Pseudomonas aeruginosa strain HCF55 IPC1407_2.1, whole genome shotgun sequence"
"RXAV01000001.1 Pseudomonas aeruginosa strain Zw64 IPC1384_1.1, whole genome shotgun sequence"
"RXCR01000007.1 Pseudomonas aeruginosa strain W15Okt31 IPC829_7.1, whole genome shotgun sequence"
"RXDT01000007.1 Pseudomonas aeruginosa strain AUS456 IPC482_7.1, whole genome shotgun sequence"
"RXDU01000007.1 Pseudomonas aeruginosa strain AUS455 IPC481_7.1, whole genome shotgun sequence"
"RXDV01000003.1 Pseudomonas aeruginosa strain AUS074 IPC479_3.1, whole genome shotgun sequence"
"RXFK01000016.1 Pseudomonas aeruginosa strain AUS209 IPC229_16.1, whole genome shotgun sequence"
"RXFJ01000003.1 Pseudomonas aeruginosa strain AUS214 IPC236_3.1, whole genome shotgun sequence"
"RWLD01000007.1 Pseudomonas aeruginosa strain 17 IPC1600_7.1, whole genome shotgun sequence"
"RWNG01000013.1 Pseudomonas aeruginosa strain 4094345258 IPC1481_13.1, whole genome shotgun sequence"
"RWNI01000004.1 Pseudomonas aeruginosa strain 5024379144-14 IPC1479_4.1, whole genome shotgun sequence"
"RWNH01000015.1 Pseudomonas aeruginosa strain 5024379144-15 IPC1480_15.1, whole genome shotgun sequence"
"RWNU01000011.1 Pseudomonas aeruginosa strain 6093 IPC1341_11.1, whole genome shotgun sequence"
"RWOJ01000006.1 Pseudomonas aeruginosa strain 6000.2 IPC1326_6.1, whole genome shotgun sequence"
"RWOI01000007.1 Pseudomonas aeruginosa strain 6000.3 IPC1327_7.1, whole genome shotgun sequence"
"RWOK01000006.1 Pseudomonas aeruginosa strain 6000.1 IPC1325_6.1, whole genome shotgun sequence"
"RWOT01000008.1 Pseudomonas aeruginosa strain 5993 IPC1316_8.1, whole genome shotgun sequence"
"RWPL01000006.1 Pseudomonas aeruginosa strain PA-CL532 IPC624_6.1, whole genome shotgun sequence"
"RWPU01000007.1 Pseudomonas aeruginosa strain PA-CL519 IPC613_7.1, whole genome shotgun sequence"
"RWPV01000007.1 Pseudomonas aeruginosa strain PA-CL518 IPC612_7.1, whole genome shotgun sequence"
"RWPW01000008.1 Pseudomonas aeruginosa strain PA-CL517 IPC611_8.1, whole genome shotgun sequence"
"RWPT01000006.1 Pseudomonas aeruginosa strain PA-CL520 IPC614_6.1, whole genome shotgun sequence"
"RWQD01000010.1 Pseudomonas aeruginosa strain PA-CL510 IPC604_10.1, whole genome shotgun sequence"
"RWQC01000011.1 Pseudomonas aeruginosa strain PA-CL511 IPC605_11.1, whole genome shotgun sequence"
"RWQE01000010.1 Pseudomonas aeruginosa strain PA-CL509 IPC603_10.1, whole genome shotgun sequence"
"RWQB01000001.1 Pseudomonas aeruginosa strain PA-CL512 IPC606_1.1, whole genome shotgun sequence"
"RWQZ01000005.1 Pseudomonas aeruginosa strain PAC91A IPC181_5.1, whole genome shotgun sequence"
"RWRA01000005.1 Pseudomonas aeruginosa strain PAC81B IPC180_5.1, whole genome shotgun sequence"
"RWRB01000004.1 Pseudomonas aeruginosa strain PAC81A IPC179_4.1, whole genome shotgun sequence"
"RWTU01000002.1 Pseudomonas aeruginosa strain 320S290711BSL_PA1 IPC73_2.1, whole genome shotgun sequence"
"RWTT01000005.1 Pseudomonas aeruginosa strain 320S290711BSL_PA2 IPC74_5.1, whole genome shotgun sequence"
"RWVJ01000007.1 Pseudomonas aeruginosa strain 4094345290 IPC1482_7.1, whole genome shotgun sequence"
"NSSR01000014.1 Pseudomonas aeruginosa strain PhDW6 IPC880_14.1, whole genome shotgun sequence"
"NSXK01000002.1 Pseudomonas aeruginosa strain AUS134 IPC375_2.1, whole genome shotgun sequence"
"RWZL01000007.1 Pseudomonas aeruginosa strain SMC5451 IPC1620_7.1, whole genome shotgun sequence"
"RWLY01000006.1 Pseudomonas aeruginosa strain 4104355315 IPC1520_6.1, whole genome shotgun sequence"
"RWNA01000007.1 Pseudomonas aeruginosa strain 5054408350-22 IPC1490_7.1, whole genome shotgun sequence"
"RWNB01000008.1 Pseudomonas aeruginosa strain 5054408350-20 IPC1489_8.1, whole genome shotgun sequence"
"RWNC01000003.1 Pseudomonas aeruginosa strain 5054408350-18 IPC1488_3.1, whole genome shotgun sequence"
"RWRM01000003.1 Pseudomonas aeruginosa strain PAC98A IPC168_3.1, whole genome shotgun sequence"
"RWTC01000005.1 Pseudomonas aeruginosa strain PAC9A IPC123_5.1, whole genome shotgun sequence"
"NSYS01000041.1 Pseudomonas aeruginosa strain AUS476 IPC277_41.1, whole genome shotgun sequence"
"RXAE01000007.1 Pseudomonas aeruginosa strain HCF5 IPC1419_7.1, whole genome shotgun sequence"
"RXBX01000001.1 Pseudomonas aeruginosa strain JYH9 IPC1220_1.1, whole genome shotgun sequence"
"RWOW01000001.1 Pseudomonas aeruginosa strain 5990.3 IPC1313_1.1, whole genome shotgun sequence"
"RWOX01000001.1 Pseudomonas aeruginosa strain 5990.2 IPC1312_1.1, whole genome shotgun sequence"
"RWOY01000003.1 Pseudomonas aeruginosa strain 5990.1 IPC1311_3.1, whole genome shotgun sequence"
"MVGZ01000002.1 Pseudomonas aeruginosa strain ATCC BAA-2112 IPC1580_2.1, whole genome shotgun sequence"
"MCMY01000003.1 Pseudomonas aeruginosa strain 55AA isolate PAK IPC83_3.1, whole genome shotgun sequence"
"NSNE01000016.1 Pseudomonas aeruginosa strain PA-W36 IPC1295_16.1, whole genome shotgun sequence"
"NSOW01000002.1 Pseudomonas aeruginosa E2 IPC1165_2.1, whole genome shotgun sequence"
"NSQW01000003.1 Pseudomonas aeruginosa strain DUN-015A IPC1027_3.1, whole genome shotgun sequence"
"NSRC01000004.1 Pseudomonas aeruginosa strain DUN-007-2 IPC1006_4.1, whole genome shotgun sequence"
"NSSQ01000002.1 Pseudomonas aeruginosa strain PT31M IPC881_2.1, whole genome shotgun sequence"
"NSSS01000002.1 Pseudomonas aeruginosa strain Lw1047 IPC879_2.1, whole genome shotgun sequence"
"NSTJ01000013.1 Pseudomonas aeruginosa strain LiA145_2005 IPC780_13.1, whole genome shotgun sequence"
"NSTZ01000003.1 Pseudomonas aeruginosa strain CPHL6749 IPC731_3.1, whole genome shotgun sequence"
"NSUI01000001.1 Pseudomonas aeruginosa strain C3128 IPC715_1.1, whole genome shotgun sequence"
"NSVI01000011.1 Pseudomonas aeruginosa strain PUPa3 IPC595_11.1, whole genome shotgun sequence"
"NSVR01000002.1 Pseudomonas aeruginosa strain AMT0006-66 IPC547_2.1, whole genome shotgun sequence"
"NSWY01000002.1 Pseudomonas aeruginosa strain AUS489 IPC438_2.1, whole genome shotgun sequence"
"NSYF01000009.1 Pseudomonas aeruginosa strain AUS238 IPC309_9.1, whole genome shotgun sequence"
"NSYW01000007.1 Pseudomonas aeruginosa strain AUS083 IPC271_7.1, whole genome shotgun sequence"
"NSZC01000008.1 Pseudomonas aeruginosa strain AUS225 IPC251_8.1, whole genome shotgun sequence"
"NSZI01000012.1 Pseudomonas aeruginosa strain AUS465 IPC227_12.1, whole genome shotgun sequence"
"NSZJ01000003.1 Pseudomonas aeruginosa strain AUS207 IPC226_3.1, whole genome shotgun sequence"
"NTAM01000001.1 Pseudomonas aeruginosa strain PA-W30 IPC18_1.1, whole genome shotgun sequence"
"NTAZ01000001.1 Pseudomonas aeruginosa strain PA-W9 IPC5_1.1, whole genome shotgun sequence"
"NTBC01000001.1 Pseudomonas aeruginosa strain PA-W6 IPC2_1.1, whole genome shotgun sequence"
"NTBA01000001.1 Pseudomonas aeruginosa strain PA-W8 IPC4_1.1, whole genome shotgun sequence"
"RXAB01000002.1 Pseudomonas aeruginosa strain BJ4 IPC1423_2.1, whole genome shotgun sequence"
"RXAO01000008.1 Pseudomonas aeruginosa strain HCF19 IPC1401_8.1, whole genome shotgun sequence"
"RXBU01000001.1 Pseudomonas aeruginosa strain JYH15 IPC1226_1.1, whole genome shotgun sequence"
"RXCB01000008.1 Pseudomonas aeruginosa strain 62 IPC1175_8.1, whole genome shotgun sequence"
"RXCQ01000001.1 Pseudomonas aeruginosa strain W5Aug28 IPC831_1.1, whole genome shotgun sequence"
"RXDM01000002.1 Pseudomonas aeruginosa strain AMT0006-65 IPC546_2.1, whole genome shotgun sequence"
"RXDN01000003.1 Pseudomonas aeruginosa strain AMT0006-64 IPC545_3.1, whole genome shotgun sequence"
"RXEO01000002.1 Pseudomonas aeruginosa strain AUS153 IPC392_2.1, whole genome shotgun sequence"
"RWKY01000010.1 Pseudomonas aeruginosa strain 22.1 IPC1605_10.1, whole genome shotgun sequence"
"RWKX01000004.1 Pseudomonas aeruginosa strain 22.2 IPC1606_4.1, whole genome shotgun sequence"
"RWLQ01000004.1 Pseudomonas aeruginosa strain 5 IPC1587_4.1, whole genome shotgun sequence"
"RWLO01000001.1 Pseudomonas aeruginosa strain 7 IPC1589_1.1, whole genome shotgun sequence"
"RWMB01000001.1 Pseudomonas aeruginosa strain 3020837212 IPC1517_1.1, whole genome shotgun sequence"
"RWMO01000001.1 Pseudomonas aeruginosa strain 2042723558 IPC1504_1.1, whole genome shotgun sequence"
"RWMR01000001.1 Pseudomonas aeruginosa strain 4124363474-14 IPC1501_1.1, whole genome shotgun sequence"
"RWMP01000001.1 Pseudomonas aeruginosa strain 1042828174-21 IPC1503_1.1, whole genome shotgun sequence"
"RWMS01000001.1 Pseudomonas aeruginosa strain 4124363474-15 IPC1500_1.1, whole genome shotgun sequence"
"RWOG01000001.1 Pseudomonas aeruginosa strain 6003 IPC1329_1.1, whole genome shotgun sequence"
"RWOH01000002.1 Pseudomonas aeruginosa strain 6001 IPC1328_2.1, whole genome shotgun sequence"
"RWOP01000005.1 Pseudomonas aeruginosa strain 5997 IPC1320_5.1, whole genome shotgun sequence"
"RWOS01000001.1 Pseudomonas aeruginosa strain 5994 IPC1317_1.1, whole genome shotgun sequence"
"RWOV01000003.1 Pseudomonas aeruginosa strain 5991 IPC1314_3.1, whole genome shotgun sequence"
"RWOZ01000002.1 Pseudomonas aeruginosa strain 5989 IPC1310_2.1, whole genome shotgun sequence"
"RWPD01000001.1 Pseudomonas aeruginosa strain 5985 IPC1306_1.1, whole genome shotgun sequence"
"RWRC01000001.1 Pseudomonas aeruginosa strain PAC112A IPC178_1.1, whole genome shotgun sequence"
"RWRJ01000009.1 Pseudomonas aeruginosa strain PAC98D IPC171_9.1, whole genome shotgun sequence"
"RWRK01000002.1 Pseudomonas aeruginosa strain PAC98C IPC170_2.1, whole genome shotgun sequence"
"RWRL01000001.1 Pseudomonas aeruginosa strain PAC98B IPC169_1.1, whole genome shotgun sequence"
"RWRN01000001.1 Pseudomonas aeruginosa strain PAC80A IPC167_1.1, whole genome shotgun sequence"
"RWRO01000001.1 Pseudomonas aeruginosa strain PAC70B IPC166_1.1, whole genome shotgun sequence"
"RWRR01000001.1 Pseudomonas aeruginosa strain PAC31B IPC163_1.1, whole genome shotgun sequence"
"RWRP01000001.1 Pseudomonas aeruginosa strain PAC70A IPC165_1.1, whole genome shotgun sequence"
"RWRQ01000002.1 Pseudomonas aeruginosa strain PAC42A IPC164_2.1, whole genome shotgun sequence"
"RWRU01000002.1 Pseudomonas aeruginosa strain PAC115A IPC159_2.1, whole genome shotgun sequence"
"RWRV01000002.1 Pseudomonas aeruginosa strain PAC108A IPC158_2.1, whole genome shotgun sequence"
"RWRW01000002.1 Pseudomonas aeruginosa strain PAC44D IPC157_2.1, whole genome shotgun sequence"
"RWSA01000001.1 Pseudomonas aeruginosa strain PAC23A IPC153_1.1, whole genome shotgun sequence"
"RWRX01000001.1 Pseudomonas aeruginosa strain PAC44C IPC156_1.1, whole genome shotgun sequence"
"RWSK01000007.1 Pseudomonas aeruginosa strain PAC56B IPC143_7.1, whole genome shotgun sequence"
"RWSL01000009.1 Pseudomonas aeruginosa strain PAC56A IPC142_9.1, whole genome shotgun sequence"
"RWSM01000009.1 Pseudomonas aeruginosa strain PAC17A IPC141_9.1, whole genome shotgun sequence"
"RWSZ01000001.1 Pseudomonas aeruginosa strain PAC107A IPC126_1.1, whole genome shotgun sequence"
"RWTB01000001.1 Pseudomonas aeruginosa strain PAC10A IPC124_1.1, whole genome shotgun sequence"
"RWTA01000001.1 Pseudomonas aeruginosa strain PAC10B IPC125_1.1, whole genome shotgun sequence"
"RWTK01000002.1 Pseudomonas aeruginosa strain PAC61A IPC115_2.1, whole genome shotgun sequence"
"RWTM01000002.1 Pseudomonas aeruginosa strain PAC5B IPC113_2.1, whole genome shotgun sequence"
"RWTL01000001.1 Pseudomonas aeruginosa strain PAC46A IPC114_1.1, whole genome shotgun sequence"
"RWTN01000001.1 Pseudomonas aeruginosa strain PAC5A IPC112_1.1, whole genome shotgun sequence"
"RWTY01000002.1 Pseudomonas aeruginosa strain 298S020611BSL_PA1 IPC68_2.1, whole genome shotgun sequence"
"RWTZ01000003.1 Pseudomonas aeruginosa strain 295s071211BSL_PA2 IPC67_3.1, whole genome shotgun sequence"
"RWUE01000014.1 Pseudomonas aeruginosa strain 278S180511BSL_PA2 IPC60_14.1, whole genome shotgun sequence"
"RWUF01000012.1 Pseudomonas aeruginosa strain 278S180511BSL_PA1 IPC59_12.1, whole genome shotgun sequence"
"RWUJ01000007.1 Pseudomonas aeruginosa strain 259S240811BSL_PA2 IPC55_7.1, whole genome shotgun sequence"
"RWUK01000001.1 Pseudomonas aeruginosa strain 259S240811BSL_PA1 IPC54_1.1, whole genome shotgun sequence"
"RWUN01000009.1 Pseudomonas aeruginosa strain 197S020911BSL_PA4 IPC49_9.1, whole genome shotgun sequence"
"RWUP01000009.1 Pseudomonas aeruginosa strain 197S020911BSL_PA2 IPC47_9.1, whole genome shotgun sequence"
"RWUQ01000007.1 Pseudomonas aeruginosa strain 197S020911BSL_PA1 IPC46_7.1, whole genome shotgun sequence"
"RWUV01000008.1 Pseudomonas aeruginosa strain 175S070312EX2DAY21_PA1 IPC41_8.1, whole genome shotgun sequence"
"RWVA01000003.1 Pseudomonas aeruginosa strain 136S260811BSL_PA2 IPC35_3.1, whole genome shotgun sequence"
"RWUZ01000009.1 Pseudomonas aeruginosa strain 136S260811BSL_PA3 IPC36_9.1, whole genome shotgun sequence"
"RWVB01000008.1 Pseudomonas aeruginosa strain 136S260811BSL_PA1 IPC34_8.1, whole genome shotgun sequence"
"RWVC01000005.1 Pseudomonas aeruginosa strain 128S180412BSL_PA2 IPC33_5.1, whole genome shotgun sequence"
"RWRS01000002.1 Pseudomonas aeruginosa strain PAC31A IPC162_2.1, whole genome shotgun sequence"
"RWRY01000002.1 Pseudomonas aeruginosa strain PAC44B IPC155_2.1, whole genome shotgun sequence"
"RWUU01000012.1 Pseudomonas aeruginosa strain 175S070312EX2DAY21_PA2 IPC42_12.1, whole genome shotgun sequence"
"RWRZ01000002.1 Pseudomonas aeruginosa strain PAC44A IPC154_2.1, whole genome shotgun sequence"
"RXFC01000002.1 Pseudomonas aeruginosa strain AUS452 IPC270_2.1, whole genome shotgun sequence"
"NSZF01000007.1 Pseudomonas aeruginosa strain AUS213 IPC234_7.1, whole genome shotgun sequence"
"RWTX01000002.1 Pseudomonas aeruginosa strain 313s141011BSL_PA1 IPC70_2.1, whole genome shotgun sequence"
"NSQP01000004.1 Pseudomonas aeruginosa strain C3 IPC1043_4.1, whole genome shotgun sequence"
"NSNM01000001.1 Pseudomonas aeruginosa strain PA-W21 IPC1287_1.1, whole genome shotgun sequence"
"NSTH01000009.1 Pseudomonas aeruginosa strain LiA179_2006 IPC785_9.1, whole genome shotgun sequence"
"NSYP01000011.1 Pseudomonas aeruginosa strain AUS471 IPC282_11.1, whole genome shotgun sequence"
"NTAL01000005.1 Pseudomonas aeruginosa strain PA-W34 IPC19_5.1, whole genome shotgun sequence"
"RXAT01000006.1 Pseudomonas aeruginosa strain PT12 IPC1387_6.1, whole genome shotgun sequence"
"RWLH01000009.1 Pseudomonas aeruginosa strain 14.1 IPC1596_9.1, whole genome shotgun sequence"
"RWLG01000008.1 Pseudomonas aeruginosa strain 14.2 IPC1597_8.1, whole genome shotgun sequence"
"MCMA01000003.1 Pseudomonas aeruginosa strain F429 isolate A5803 IPC1272_3.1, whole genome shotgun sequence"
"MCME01000020.1 Pseudomonas aeruginosa strain E429 isolate 15108-1 IPC1268_20.1, whole genome shotgun sequence"
"MCMF01000009.1 Pseudomonas aeruginosa strain D429(Q) isolate Mi162_2 IPC1266_9.1, whole genome shotgun sequence"
"MCMR01000006.1 Pseudomonas aeruginosa strain E42A(B) isolate LMG14084 IPC92_6.1, whole genome shotgun sequence"
"NSMP01000002.1 Pseudomonas aeruginosa strain G1-WATER-2A IPC1472_2.1, whole genome shotgun sequence"
"NSMV01000014.1 Pseudomonas aeruginosa strain AL191 IPC1350_14.1, whole genome shotgun sequence"
"NSMW01000001.1 Pseudomonas aeruginosa strain PA-W46 IPC1303_1.1, whole genome shotgun sequence"
"NSNK01000009.1 Pseudomonas aeruginosa strain PA-W24 IPC1289_9.1, whole genome shotgun sequence"
"NSOR01000008.1 Pseudomonas aeruginosa strain S54485 IPC1180_8.1, whole genome shotgun sequence"
"NSQH01000019.1 Pseudomonas aeruginosa strain LiP1d IPC1070_19.1, whole genome shotgun sequence"
"NSQL01000012.1 Pseudomonas aeruginosa strain G2 IPC1057_12.1, whole genome shotgun sequence"
"NSQZ01000011.1 Pseudomonas aeruginosa strain 010-4 IPC1015_11.1, whole genome shotgun sequence"
"NSSO01000009.1 Pseudomonas aeruginosa strain TuD199 IPC885_9.1, whole genome shotgun sequence"
"NSTO01000014.1 Pseudomonas aeruginosa strain Jp224 IPC752_14.1, whole genome shotgun sequence"
"NSTM01000006.1 Pseudomonas aeruginosa strain Jp1140 IPC757_6.1, whole genome shotgun sequence"
"NSTP01000001.1 Pseudomonas aeruginosa strain Jp97 IPC749_1.1, whole genome shotgun sequence"
"NSUQ01000010.1 Pseudomonas aeruginosa strain Mex2 IPC698_10.1, whole genome shotgun sequence"
"NSYN01000013.1 Pseudomonas aeruginosa strain AUS321 IPC289_13.1, whole genome shotgun sequence"
"NTAI01000009.1 Pseudomonas aeruginosa strain PA-W47 IPC23_9.1, whole genome shotgun sequence"
"NTAW01000002.1 Pseudomonas aeruginosa strain PA-W13 IPC8_2.1, whole genome shotgun sequence"
"RXCX01000006.1 Pseudomonas aeruginosa strain Jp1206 IPC761_6.1, whole genome shotgun sequence"
"RXDA01000018.1 Pseudomonas aeruginosa strain Jp1155 IPC758_18.1, whole genome shotgun sequence"
"RXCZ01000007.1 Pseudomonas aeruginosa strain Jp1170 IPC759_7.1, whole genome shotgun sequence"
"RXCY01000007.1 Pseudomonas aeruginosa strain Jp1200 IPC760_7.1, whole genome shotgun sequence"
"RXDD01000001.1 Pseudomonas aeruginosa strain Jp100 IPC750_1.1, whole genome shotgun sequence"
"RXEB01000003.1 Pseudomonas aeruginosa strain AUS505 IPC445_3.1, whole genome shotgun sequence"
"RXEQ01000006.1 Pseudomonas aeruginosa strain AUS311 IPC381_6.1, whole genome shotgun sequence"
"RXFH01000011.1 Pseudomonas aeruginosa strain AUS525 IPC246_11.1, whole genome shotgun sequence"
"RWUC01000002.1 Pseudomonas aeruginosa strain 293S080611BSL_PA1 IPC64_2.1, whole genome shotgun sequence"
"MCLX01000007.1 Pseudomonas aeruginosa 39016 IPC1264_7.1, whole genome shotgun sequence"
"NSNG01000011.1 Pseudomonas aeruginosa strain PA-W32 IPC1293_11.1, whole genome shotgun sequence"
"NSOL01000010.1 Pseudomonas aeruginosa strain JYH8 IPC1219_10.1, whole genome shotgun sequence"
"NSOQ01000007.1 Pseudomonas aeruginosa strain U2504 IPC1182_7.1, whole genome shotgun sequence"
"NSOS01000005.1 Pseudomonas aeruginosa strain JJ692 IPC1177_5.1, whole genome shotgun sequence"
"NSPJ01000008.1 Pseudomonas aeruginosa strain C8(T3532) IPC1145_8.1, whole genome shotgun sequence"
"NSTT01000001.1 Pseudomonas aeruginosa strain Tu61 IPC740_1.1, whole genome shotgun sequence"
"NSUL01000006.1 Pseudomonas aeruginosa strain CND03 IPC706_6.1, whole genome shotgun sequence"
"NSUV01000003.1 Pseudomonas aeruginosa strain A15 IPC692_3.1, whole genome shotgun sequence"
"NSUZ01000010.1 Pseudomonas aeruginosa strain A9 IPC688_10.1, whole genome shotgun sequence"
"NSPQ01000006.1 Pseudomonas aeruginosa strain B1(P2356) IPC1107_6.1, whole genome shotgun sequence"
"NSPI01000006.1 Pseudomonas aeruginosa strain C9(P1814) IPC1147_6.1, whole genome shotgun sequence"
"RWUB01000012.1 Pseudomonas aeruginosa strain 293S080611BSL_PA2 IPC65_12.1, whole genome shotgun sequence"
"RWUA01000012.1 Pseudomonas aeruginosa strain 295s071211BSL_PA1 IPC66_12.1, whole genome shotgun sequence"
"MCMW01000007.1 Pseudomonas aeruginosa strain F69A isolate IST27N IPC85_7.1, whole genome shotgun sequence"
"MCMX01000007.1 Pseudomonas aeruginosa strain F69A isolate IST27 IPC84_7.1, whole genome shotgun sequence"
"NSNR01000002.1 Pseudomonas aeruginosa strain PA-W4 IPC1282_2.1, whole genome shotgun sequence"
"NSOX01000005.1 Pseudomonas aeruginosa strain D9 3362 IPC1164_5.1, whole genome shotgun sequence"
"NSPH01000005.1 Pseudomonas aeruginosa strain E9(4068) IPC1152_5.1, whole genome shotgun sequence"
"NSQQ01000002.1 Pseudomonas aeruginosa strain B2 IPC1040_2.1, whole genome shotgun sequence"
"NSRD01000001.1 Pseudomonas aeruginosa strain DUN-006 IPC1005_1.1, whole genome shotgun sequence"
"NSSP01000001.1 Pseudomonas aeruginosa strain Tu863 IPC884_1.1, whole genome shotgun sequence"
"NSSU01000007.1 Pseudomonas aeruginosa strain LMG2107 IPC877_7.1, whole genome shotgun sequence"
"NSSW01000006.1 Pseudomonas aeruginosa strain Bo559 IPC867_6.1, whole genome shotgun sequence"
"NSSV01000020.1 Pseudomonas aeruginosa strain Cotonu1 IPC875_20.1, whole genome shotgun sequence"
"NSUF01000002.1 Pseudomonas aeruginosa strain IDEXX_Canine4 IPC723_2.1, whole genome shotgun sequence"
"NSVK01000001.1 Pseudomonas aeruginosa strain AMT0071-76 IPC573_1.1, whole genome shotgun sequence"
"NSVO01000001.1 Pseudomonas aeruginosa strain AMT0026-3 IPC555_1.1, whole genome shotgun sequence"
"NSVQ01000007.1 Pseudomonas aeruginosa strain AMT0020-84 IPC549_7.1, whole genome shotgun sequence"
"NSYO01000008.1 Pseudomonas aeruginosa strain AUS517 IPC288_8.1, whole genome shotgun sequence"
"NSZN01000011.1 Pseudomonas aeruginosa strain AUS186 IPC205_11.1, whole genome shotgun sequence"
"NTAC01000005.1 Pseudomonas aeruginosa strain 1098 IPC98_5.1, whole genome shotgun sequence"
"NTAR01000001.1 Pseudomonas aeruginosa strain PA-W20 IPC13_1.1, whole genome shotgun sequence"
"NTAU01000003.1 Pseudomonas aeruginosa strain PA-W17 IPC10_3.1, whole genome shotgun sequence"
"NTBB01000007.1 Pseudomonas aeruginosa strain PA-W7 IPC3_7.1, whole genome shotgun sequence"
"RWZX01000019.1 Pseudomonas aeruginosa strain SC1 IPC1432_19.1, whole genome shotgun sequence"
"RWZY01000001.1 Pseudomonas aeruginosa strain FM4 IPC1429_1.1, whole genome shotgun sequence"
"RXBP01000008.1 Pseudomonas aeruginosa strain JYH25 IPC1236_8.1, whole genome shotgun sequence"
"RXCE01000008.1 Pseudomonas aeruginosa strain T3677 IPC1136_8.1, whole genome shotgun sequence"
"RXCM01000001.1 Pseudomonas aeruginosa strain P2404 IPC1110_1.1, whole genome shotgun sequence"
"RXCV01000009.1 Pseudomonas aeruginosa strain W15Apr4 IPC824_9.1, whole genome shotgun sequence"
"RXFL01000026.1 Pseudomonas aeruginosa strain Jp222 IPC751_25.1, whole genome shotgun sequence"
"RXDJ01000001.1 Pseudomonas aeruginosa strain AMT0026-2 IPC554_1.1, whole genome shotgun sequence"
"RXDK01000002.1 Pseudomonas aeruginosa strain AMT0026-1 IPC553_2.1, whole genome shotgun sequence"
"RXDL01000007.1 Pseudomonas aeruginosa strain AMT0020-83 IPC548_7.1, whole genome shotgun sequence"
"RXDW01000003.1 Pseudomonas aeruginosa strain AUS449 IPC451_3.1, whole genome shotgun sequence"
"RXDY01000001.1 Pseudomonas aeruginosa strain AUS512 IPC449_1.1, whole genome shotgun sequence"
"RXED01000019.1 Pseudomonas aeruginosa strain AUS500 IPC443_19.1, whole genome shotgun sequence"
"RWLI01000002.1 Pseudomonas aeruginosa strain 13 IPC1595_2.1, whole genome shotgun sequence"
"RWMX01000001.1 Pseudomonas aeruginosa strain 4064321111 IPC1494_1.1, whole genome shotgun sequence"
"RWQA01000003.1 Pseudomonas aeruginosa strain PA-CL513 IPC607_3.1, whole genome shotgun sequence"
"RWSB01000006.1 Pseudomonas aeruginosa strain PAC94A IPC152_6.1, whole genome shotgun sequence"
"RWUH01000001.1 Pseudomonas aeruginosa strain 272S250511BSL_PA1 IPC57_1.1, whole genome shotgun sequence"
"RXFB01000002.1 Pseudomonas aeruginosa strain AUS516 IPC287_2.1, whole genome shotgun sequence"
"MCMO01000023.1 Pseudomonas aeruginosa strain F462 isolate CPHL9433 IPC95_23.1, whole genome shotgun sequence"
"NSPL01000012.1 Pseudomonas aeruginosa strain B9(T2436) IPC1133_12.1, whole genome shotgun sequence"
"NSPM01000013.1 Pseudomonas aeruginosa strain A3(H638) IPC1125_13.1, whole genome shotgun sequence"
"NSRE01000005.1 Pseudomonas aeruginosa strain DUN-004 IPC1001_5.1, whole genome shotgun sequence"
"NSUE01000009.1 Pseudomonas aeruginosa strain IDEXX_Canine8 IPC725_9.1, whole genome shotgun sequence"
"NSZA01000001.1 Pseudomonas aeruginosa strain AUS232 IPC258_1.1, whole genome shotgun sequence"
"NSZX01000009.1 Pseudomonas aeruginosa strain 152504sp2 IPC103_9.1, whole genome shotgun sequence"
"NTAG01000008.1 Pseudomonas aeruginosa strain PA-W49 IPC25_8.1, whole genome shotgun sequence"
"RXAL01000009.1 Pseudomonas aeruginosa strain HCF86 IPC1408_9.1, whole genome shotgun sequence"
"RXAS01000008.1 Pseudomonas aeruginosa strain Zw9 IPC1389_8.1, whole genome shotgun sequence"
"RXBT01000010.1 Pseudomonas aeruginosa strain JYH17 IPC1228_10.1, whole genome shotgun sequence"
"RXCC01000009.1 Pseudomonas aeruginosa strain P1885 IPC1150_9.1, whole genome shotgun sequence"
"RXCW01000008.1 Pseudomonas aeruginosa strain Jp1303 IPC762_8.1, whole genome shotgun sequence"
"RXDZ01000005.1 Pseudomonas aeruginosa strain AUS511 IPC448_5.1, whole genome shotgun sequence"
"RXET01000003.1 Pseudomonas aeruginosa strain AUS128 IPC371_3.1, whole genome shotgun sequence"
"RXFD01000003.1 Pseudomonas aeruginosa strain AUS227 IPC253_3.1, whole genome shotgun sequence"
"RXFI01000009.1 Pseudomonas aeruginosa strain AUS221 IPC245_9.1, whole genome shotgun sequence"
"RWRD01000001.1 Pseudomonas aeruginosa strain PAC76A IPC177_1.1, whole genome shotgun sequence"
"NSNP01000005.1 Pseudomonas aeruginosa strain PA-W10 IPC1284_5.1, whole genome shotgun sequence"
"NSOG01000016.1 Pseudomonas aeruginosa strain JYH18 IPC1229_16.1, whole genome shotgun sequence"
"NSSL01000013.1 Pseudomonas aeruginosa strain PMM38 IPC888_13.1, whole genome shotgun sequence"
"NSTC01000014.1 Pseudomonas aeruginosa strain LiA96_2004 IPC797_14.1, whole genome shotgun sequence"
"NSTD01000015.1 Pseudomonas aeruginosa strain LiA91_2004 IPC796_15.1, whole genome shotgun sequence"
"NSTL01000005.1 Pseudomonas aeruginosa strain LiA131_2005 IPC775_5.1, whole genome shotgun sequence"
"NSYC01000006.1 Pseudomonas aeruginosa strain AUS283 IPC323_6.1, whole genome shotgun sequence"
"NTAE01000006.1 Pseudomonas aeruginosa strain 903 IPC96_6.1, whole genome shotgun sequence"
"RXBO01000019.1 Pseudomonas aeruginosa strain JYH29 IPC1240_19.1, whole genome shotgun sequence"
"RXBW01000001.1 Pseudomonas aeruginosa strain JYH11 IPC1222_1.1, whole genome shotgun sequence"
"RXEC01000001.1 Pseudomonas aeruginosa strain AUS501 IPC444_1.1, whole genome shotgun sequence"
"RWOA01000005.1 Pseudomonas aeruginosa strain 6088 IPC1335_5.1, whole genome shotgun sequence"
"RWUG01000014.1 Pseudomonas aeruginosa strain 274S010611BSL_PA1 IPC58_14.1, whole genome shotgun sequence"
"NSTV01000009.1 Pseudomonas aeruginosa strain CPHL10662 IPC737_9.1, whole genome shotgun sequence"
"RXBV01000005.1 Pseudomonas aeruginosa strain JYH13 IPC1224_5.1, whole genome shotgun sequence"
"RWUO01000011.1 Pseudomonas aeruginosa strain 197S020911BSL_PA3 IPC48_11.1, whole genome shotgun sequence"
"NSVN01000007.1 Pseudomonas aeruginosa strain AMT0026-67 IPC556_7.1, whole genome shotgun sequence"
"NSVN01000007.1 Pseudomonas aeruginosa strain AMT0026-67 IPC556_7.1, whole genome shotgun sequence"
"NSWZ01000010.1 Pseudomonas aeruginosa strain AUS485 IPC436_10.1, whole genome shotgun sequence"
"NSTK01000005.1 Pseudomonas aeruginosa strain LiA133_2003 IPC776_5.1, whole genome shotgun sequence"
"NSTR01000014.1 Pseudomonas aeruginosa strain J80UH1OS1 IPC744_14.1, whole genome shotgun sequence"
"RWLN01000009.1 Pseudomonas aeruginosa strain 8 IPC1590_9.1, whole genome shotgun sequence"
"RWZR01000006.1 Pseudomonas aeruginosa strain Zw73_1 IPC1439_6.1, whole genome shotgun sequence"
"RXFE01000002.1 Pseudomonas aeruginosa strain AUS226 IPC252_2.1, whole genome shotgun sequence"
"NSNT01000007.1 Pseudomonas aeruginosa strain PA-W1 IPC1280_7.1, whole genome shotgun sequence"
"NSQX01000006.1 Pseudomonas aeruginosa strain 014-2A IPC1020_6.1, whole genome shotgun sequence"
"NTAD01000005.1 Pseudomonas aeruginosa strain 856 IPC97_5.1, whole genome shotgun sequence"
